{"Traces": [{"_id": "2021:10:20:13:25:04.665128", "Trace Message Type": "StartServerTraceMsg", "Trace Message": {}}, {"_id": "2021:10:20:13:25:08.973839", "Trace Message Type": "DeleteConnectionTraceMsg", "Trace Message": {"req": {}, "resp": {"exception": "None"}}}, {"_id": "2021:10:20:13:25:08.977881", "Trace Message Type": "InitializeConnectionTraceMsg", "Trace Message": {"req": {}, "resp": {"exception": "None"}}}, {"_id": "2021:10:20:13:25:10.560873", "Trace Message Type": "InitializeTraceMsg", "Trace Message": {"req": {"backend_type": "DirectFtdiDevice", "backend_instance_id": 1, "args": {"ftdi": "None"}, "stacktrace": "[<FrameSummary file C:/Users/User/PycharmProjects/automated_solubility_h1/n9/tests/random_tests.py, line 14 in <module>>, <FrameSummary file <frozen importlib._bootstrap>, line 971 in _find_and_load>, <FrameSummary file <frozen importlib._bootstrap>, line 955 in _find_and_load_unlocked>, <FrameSummary file <frozen importlib._bootstrap>, line 665 in _load_unlocked>, <FrameSummary file <frozen importlib._bootstrap_external>, line 678 in exec_module>, <FrameSummary file <frozen importlib._bootstrap>, line 219 in _call_with_frames_removed>, <FrameSummary file C:\\Users\\User\\PycharmProjects\\automated_solubility_h1\\n9\\experiments\\capping_uncapping.py, line 3 in <module>>, <FrameSummary file <frozen importlib._bootstrap>, line 1023 in _handle_fromlist>, <FrameSummary file <frozen importlib._bootstrap>, line 219 in _call_with_frames_removed>, <FrameSummary file <frozen importlib._bootstrap>, line 971 in _find_and_load>, <FrameSummary file <frozen importlib._bootstrap>, line 955 in _find_and_load_unlocked>, <FrameSummary file <frozen importlib._bootstrap>, line 665 in _load_unlocked>, <FrameSummary file <frozen importlib._bootstrap_external>, line 678 in exec_module>, <FrameSummary file <frozen importlib._bootstrap>, line 219 in _call_with_frames_removed>, <FrameSummary file C:\\Users\\User\\PycharmProjects\\automated_solubility_h1\\n9\\configuration\\deck.py, line 65 in <module>>, <FrameSummary file C:\\Users\\User\\PycharmProjects\\automated_solubility_h1\\venv\\lib\\site-packages\\north_c9\\controller.py, line 208 in __init__>, <FrameSummary file C:\\Users\\User\\PycharmProjects\\automated_solubility_h1\\venv\\lib\\site-packages\\ftdi_serial.py, line 418 in __init__>, <FrameSummary file C:\\Users\\User\\PycharmProjects\\automated_solubility_h1\\venv\\lib\\site-packages\\ftdi_serial.py, line 441 in connect>, <FrameSummary file C:\\Users\\User\\PycharmProjects\\automated_solubility_h1\\venv\\lib\\site-packages\\ftdi_serial.py, line 428 in open_device>, <FrameSummary file C:\\Users\\User\\PycharmProjects\\automated_solubility_h1\\venv\\lib\\site-packages\\niraapad\\backends.py, line 162 in __init__>, <FrameSummary file C:\\Users\\User\\PycharmProjects\\automated_solubility_h1\\venv\\lib\\site-packages\\niraapad\\lab_computer\\niraapad_client.py, line 558 in initialize>]", "id": 1}, "resp": {"exception": "None"}, "profile": {"mo": 3, "exec_time_sec": 0.035224799066782}}}, {"_id": "2021:10:20:13:25:11.095920", "Trace Message Type": "GenericMethodTraceMsg", "Trace Message": {"req": {"backend_type": "DirectFtdiDevice", "backend_instance_id": 1, "method_name": "reset", "args": {}, "id": 2, "time_profile": {"id": 1, "arrival_time": "2021:10:20:13:25:09.579214", "departure_time": "2021:10:20:13:25:09.628182"}}, "resp": {"exception": "None", "resp": "None"}, "profile": {"mo": 3, "exec_time_sec": 0.27836909890174866}}}, {"_id": "2021:10:20:13:25:11.149989", "Trace Message Type": "GenericMethodTraceMsg", "Trace Message": {"req": {"backend_type": "DirectFtdiDevice", "backend_instance_id": 1, "method_name": "set_baud_rate", "args": {"baudrate": "115200"}, "id": 3, "time_profile": {"id": 2, "arrival_time": "2021:10:20:13:25:09.628182", "departure_time": "2021:10:20:13:25:10.161856"}}, "resp": {"exception": "None", "resp": "None"}, "profile": {"mo": 3, "exec_time_sec": 0.00013349999790079892}}}, {"_id": "2021:10:20:13:25:11.207890", "Trace Message Type": "GenericMethodTraceMsg", "Trace Message": {"req": {"backend_type": "DirectFtdiDevice", "backend_instance_id": 1, "method_name": "set_parameters", "args": {"data_bits": "0"}, "id": 4, "time_profile": {"id": 3, "arrival_time": "2021:10:20:13:25:10.161856", "departure_time": "2021:10:20:13:25:10.219821"}}, "resp": {"exception": "None", "resp": "None"}, "profile": {"mo": 3, "exec_time_sec": 0.00014220000593923032}}}, {"_id": "2021:10:20:13:25:11.268794", "Trace Message Type": "GenericMethodTraceMsg", "Trace Message": {"req": {"backend_type": "DirectFtdiDevice", "backend_instance_id": 1, "method_name": "set_timeouts", "args": {"read_timeout": "500"}, "id": 5, "time_profile": {"id": 4, "arrival_time": "2021:10:20:13:25:10.219821", "departure_time": "2021:10:20:13:25:10.271789"}}, "resp": {"exception": "None", "resp": "None"}, "profile": {"mo": 3, "exec_time_sec": 1.8000000636675395e-05}}}, {"_id": "2021:10:20:13:25:11.324149", "Trace Message Type": "GenericMethodTraceMsg", "Trace Message": {"req": {"backend_type": "DirectFtdiDevice", "backend_instance_id": 1, "method_name": "set_timeouts", "args": {"read_timeout": "500"}, "id": 6, "time_profile": {"id": 5, "arrival_time": "2021:10:20:13:25:10.271789", "departure_time": "2021:10:20:13:25:10.332752"}}, "resp": {"exception": "None", "resp": "None"}, "profile": {"mo": 3, "exec_time_sec": 1.720000000204891e-05}}}, {"_id": "2021:10:20:13:25:11.380015", "Trace Message Type": "GenericMethodTraceMsg", "Trace Message": {"req": {"backend_type": "DirectFtdiDevice", "backend_instance_id": 1, "method_name": "write", "args": {"data": {"network_address": "@1", "99": "99", "crc": "24B0", "sequence_no": "60", "command_name": "PING", "flags": {}, "args": {}, "command": ""}}, "id": 7, "time_profile": {"id": 6, "arrival_time": "2021:10:20:13:25:10.334752", "departure_time": "2021:10:20:13:25:10.388715"}}, "resp": {"exception": "None", "resp": "None"}, "profile": {"mo": 3, "exec_time_sec": 0.0003654999891296029}}}, {"_id": "2021:10:20:13:25:11.436853", "Trace Message Type": "GenericMethodTraceMsg", "Trace Message": {"req": {"backend_type": "DirectFtdiDevice", "backend_instance_id": 1, "method_name": "set_timeouts", "args": {"read_timeout": "500"}, "id": 8, "time_profile": {"id": 7, "arrival_time": "2021:10:20:13:25:10.388715", "departure_time": "2021:10:20:13:25:10.444682"}}, "resp": {"exception": "None", "resp": "None"}, "profile": {"mo": 3, "exec_time_sec": 1.6899999536690302e-05}}}, {"_id": "2021:10:20:13:25:11.488086", "Trace Message Type": "GenericMethodTraceMsg", "Trace Message": {"req": {"backend_type": "DirectFtdiDevice", "backend_instance_id": 1, "method_name": "get_input_size", "args": {}, "id": 9, "time_profile": {"id": 8, "arrival_time": "2021:10:20:13:25:10.444682", "departure_time": "2021:10:20:13:25:10.501647"}}, "resp": {"exception": "None", "resp": "8"}, "profile": {"mo": 3, "exec_time_sec": 3.529999958118424e-05}}}, {"_id": "2021:10:20:13:25:11.546929", "Trace Message Type": "GenericMethodTraceMsg", "Trace Message": {"req": {"backend_type": "DirectFtdiDevice", "backend_instance_id": 1, "method_name": "set_timeouts", "args": {"read_timeout": "500"}, "id": 10, "time_profile": {"id": 9, "arrival_time": "2021:10:20:13:25:10.501647", "departure_time": "2021:10:20:13:25:10.552614"}}, "resp": {"exception": "None", "resp": "None"}, "profile": {"mo": 3, "exec_time_sec": 5.9699999837903306e-05}}}, {"_id": "2021:10:20:13:25:11.611755", "Trace Message Type": "GenericMethodTraceMsg", "Trace Message": {"req": {"backend_type": "DirectFtdiDevice", "backend_instance_id": 1, "method_name": "read", "args": {"num_bytes": "8", "raw": "True"}, "id": 11, "time_profile": {"id": 10, "arrival_time": "2021:10:20:13:25:10.552614", "departure_time": "2021:10:20:13:25:10.612580"}}, "resp": {"exception": "None", "resp": "b'\\x80\\x03C\\x08\\x00\\r857E\\r\\nq\\x00.'"}, "profile": {"mo": 3, "exec_time_sec": 0.00020160000713076442}}}, {"_id": "2021:10:20:13:25:11.666606", "Trace Message Type": "GenericMethodTraceMsg", "Trace Message": {"req": {"backend_type": "DirectFtdiDevice", "backend_instance_id": 1, "method_name": "set_timeouts", "args": {"read_timeout": "500"}, "id": 12, "time_profile": {"id": 11, "arrival_time": "2021:10:20:13:25:10.612580", "departure_time": "2021:10:20:13:25:10.676541"}}, "resp": {"exception": "None", "resp": "None"}, "profile": {"mo": 3, "exec_time_sec": 1.5699999494245276e-05}}}, {"_id": "2021:10:20:13:25:11.798261", "Trace Message Type": "GenericMethodTraceMsg", "Trace Message": {"req": {"backend_type": "DirectFtdiDevice", "backend_instance_id": 1, "method_name": "set_timeouts", "args": {"read_timeout": "500"}, "id": 13, "time_profile": {"id": 12, "arrival_time": "2021:10:20:13:25:10.676541", "departure_time": "2021:10:20:13:25:10.731506"}}, "resp": {"exception": "None", "resp": "None"}, "profile": {"mo": 3, "exec_time_sec": 6.040000153006986e-05}}}, {"_id": "2021:10:20:13:25:11.855102", "Trace Message Type": "GenericMethodTraceMsg", "Trace Message": {"req": {"backend_type": "DirectFtdiDevice", "backend_instance_id": 1, "method_name": "write", "args": {"data": {"network_address": "@1", "99": "99", "crc": "E8F6", "sequence_no": "70", "command_name": "BIAS", "flags": {}, "args": {}, "command": ""}}, "id": 14, "time_profile": {"id": 13, "arrival_time": "2021:10:20:13:25:10.794467", "departure_time": "2021:10:20:13:25:10.865424"}}, "resp": {"exception": "None", "resp": "None"}, "profile": {"mo": 3, "exec_time_sec": 0.00013479999324772507}}}, {"_id": "2021:10:20:13:25:11.912948", "Trace Message Type": "GenericMethodTraceMsg", "Trace Message": {"req": {"backend_type": "DirectFtdiDevice", "backend_instance_id": 1, "method_name": "set_timeouts", "args": {"read_timeout": "500"}, "id": 15, "time_profile": {"id": 14, "arrival_time": "2021:10:20:13:25:10.865424", "departure_time": "2021:10:20:13:25:10.919391"}}, "resp": {"exception": "None", "resp": "None"}, "profile": {"mo": 3, "exec_time_sec": 1.8500000805943273e-05}}}, {"_id": "2021:10:20:13:25:11.977775", "Trace Message Type": "GenericMethodTraceMsg", "Trace Message": {"req": {"backend_type": "DirectFtdiDevice", "backend_instance_id": 1, "method_name": "get_input_size", "args": {}, "id": 16, "time_profile": {"id": 15, "arrival_time": "2021:10:20:13:25:10.919391", "departure_time": "2021:10:20:13:25:10.977354"}}, "resp": {"exception": "None", "resp": "9"}, "profile": {"mo": 3, "exec_time_sec": 2.1899999410379678e-05}}}, {"_id": "2021:10:20:13:25:12.043594", "Trace Message Type": "GenericMethodTraceMsg", "Trace Message": {"req": {"backend_type": "DirectFtdiDevice", "backend_instance_id": 1, "method_name": "set_timeouts", "args": {"read_timeout": "500"}, "id": 17, "time_profile": {"id": 16, "arrival_time": "2021:10:20:13:25:10.977354", "departure_time": "2021:10:20:13:25:11.042315"}}, "resp": {"exception": "None", "resp": "None"}, "profile": {"mo": 3, "exec_time_sec": 1.8000000636675395e-05}}}, {"_id": "2021:10:20:13:25:12.099446", "Trace Message Type": "GenericMethodTraceMsg", "Trace Message": {"req": {"backend_type": "DirectFtdiDevice", "backend_instance_id": 1, "method_name": "read", "args": {"num_bytes": "9", "raw": "True"}, "id": 18, "time_profile": {"id": 17, "arrival_time": "2021:10:20:13:25:11.042315", "departure_time": "2021:10:20:13:25:11.107276"}}, "resp": {"exception": "None", "resp": "b'\\x80\\x03C\\t0 \\rCAA9\\r\\nq\\x00.'"}, "profile": {"mo": 3, "exec_time_sec": 6.399999983841553e-05}}}, {"_id": "2021:10:20:13:25:12.154305", "Trace Message Type": "GenericMethodTraceMsg", "Trace Message": {"req": {"backend_type": "DirectFtdiDevice", "backend_instance_id": 1, "method_name": "set_timeouts", "args": {"read_timeout": "500"}, "id": 19, "time_profile": {"id": 18, "arrival_time": "2021:10:20:13:25:11.107276", "departure_time": "2021:10:20:13:25:11.164241"}}, "resp": {"exception": "None", "resp": "None"}, "profile": {"mo": 3, "exec_time_sec": 6.259999645408243e-05}}}, {"_id": "2021:10:20:13:25:12.257393", "Trace Message Type": "GenericMethodTraceMsg", "Trace Message": {"req": {"backend_type": "DirectFtdiDevice", "backend_instance_id": 1, "method_name": "set_timeouts", "args": {"read_timeout": "500"}, "id": 20, "time_profile": {"id": 19, "arrival_time": "2021:10:20:13:25:11.164241", "departure_time": "2021:10:20:13:25:11.219207"}}, "resp": {"exception": "None", "resp": "None"}, "profile": {"mo": 3, "exec_time_sec": 6.009999924572185e-05}}}, {"_id": "2021:10:20:13:25:12.314234", "Trace Message Type": "GenericMethodTraceMsg", "Trace Message": {"req": {"backend_type": "DirectFtdiDevice", "backend_instance_id": 1, "method_name": "write", "args": {"data": {"network_address": "@1", "99": "99", "crc": "4634", "sequence_no": "62", "command_name": "SPED", "flags": {}, "args": {"velocity": "20000", "acceleration": "20000"}, "command": ""}}, "id": 21, "time_profile": {"id": 20, "arrival_time": "2021:10:20:13:25:11.252187", "departure_time": "2021:10:20:13:25:11.323143"}}, "resp": {"exception": "None", "resp": "None"}, "profile": {"mo": 3, "exec_time_sec": 0.00015859999984968454}}}, {"_id": "2021:10:20:13:25:12.381060", "Trace Message Type": "GenericMethodTraceMsg", "Trace Message": {"req": {"backend_type": "DirectFtdiDevice", "backend_instance_id": 1, "method_name": "set_timeouts", "args": {"read_timeout": "500"}, "id": 22, "time_profile": {"id": 21, "arrival_time": "2021:10:20:13:25:11.323143", "departure_time": "2021:10:20:13:25:11.379108"}}, "resp": {"exception": "None", "resp": "None"}, "profile": {"mo": 3, "exec_time_sec": 1.5600000551785342e-05}}}, {"_id": "2021:10:20:13:25:12.441898", "Trace Message Type": "GenericMethodTraceMsg", "Trace Message": {"req": {"backend_type": "DirectFtdiDevice", "backend_instance_id": 1, "method_name": "get_input_size", "args": {}, "id": 23, "time_profile": {"id": 22, "arrival_time": "2021:10:20:13:25:11.379108", "departure_time": "2021:10:20:13:25:11.446068"}}, "resp": {"exception": "None", "resp": "19"}, "profile": {"mo": 3, "exec_time_sec": 7.259999983943999e-05}}}, {"_id": "2021:10:20:13:25:12.506725", "Trace Message Type": "GenericMethodTraceMsg", "Trace Message": {"req": {"backend_type": "DirectFtdiDevice", "backend_instance_id": 1, "method_name": "set_timeouts", "args": {"read_timeout": "500"}, "id": 24, "time_profile": {"id": 23, "arrival_time": "2021:10:20:13:25:11.446068", "departure_time": "2021:10:20:13:25:11.508030"}}, "resp": {"exception": "None", "resp": "None"}, "profile": {"mo": 3, "exec_time_sec": 5.869999949936755e-05}}}, {"_id": "2021:10:20:13:25:12.563911", "Trace Message Type": "GenericMethodTraceMsg", "Trace Message": {"req": {"backend_type": "DirectFtdiDevice", "backend_instance_id": 1, "method_name": "read", "args": {"num_bytes": "19", "raw": "True"}, "id": 25, "time_profile": {"id": 24, "arrival_time": "2021:10:20:13:25:11.508030", "departure_time": "2021:10:20:13:25:11.570989"}}, "resp": {"exception": "None", "resp": "b'\\x80\\x03C\\x1320000 20000 \\rC22D\\r\\nq\\x00.'"}, "profile": {"mo": 3, "exec_time_sec": 5.360000068321824e-05}}}, {"_id": "2021:10:20:13:25:12.619709", "Trace Message Type": "GenericMethodTraceMsg", "Trace Message": {"req": {"backend_type": "DirectFtdiDevice", "backend_instance_id": 1, "method_name": "set_timeouts", "args": {"read_timeout": "500"}, "id": 26, "time_profile": {"id": 25, "arrival_time": "2021:10:20:13:25:11.570989", "departure_time": "2021:10:20:13:25:11.627956"}}, "resp": {"exception": "None", "resp": "None"}, "profile": {"mo": 3, "exec_time_sec": 1.739999970595818e-05}}}, {"_id": "2021:10:20:13:25:12.684532", "Trace Message Type": "GenericMethodTraceMsg", "Trace Message": {"req": {"backend_type": "DirectFtdiDevice", "backend_instance_id": 1, "method_name": "set_timeouts", "args": {"read_timeout": "500"}, "id": 27, "time_profile": {"id": 26, "arrival_time": "2021:10:20:13:25:11.627956", "departure_time": "2021:10:20:13:25:11.683922"}}, "resp": {"exception": "None", "resp": "None"}, "profile": {"mo": 3, "exec_time_sec": 1.8799999452312477e-05}}}, {"_id": "2021:10:20:13:25:12.741380", "Trace Message Type": "GenericMethodTraceMsg", "Trace Message": {"req": {"backend_type": "DirectFtdiDevice", "backend_instance_id": 1, "method_name": "write", "args": {"data": {"network_address": "@1", "99": "99", "crc": "2761", "sequence_no": "64", "command_name": "BIAS", "flags": {}, "args": {"bias": "0"}, "command": ""}}, "id": 28, "time_profile": {"id": 27, "arrival_time": "2021:10:20:13:25:11.687919", "departure_time": "2021:10:20:13:25:11.748883"}}, "resp": {"exception": "None", "resp": "None"}, "profile": {"mo": 3, "exec_time_sec": 0.00013689999468624592}}}, {"_id": "2021:10:20:13:25:12.804212", "Trace Message Type": "GenericMethodTraceMsg", "Trace Message": {"req": {"backend_type": "DirectFtdiDevice", "backend_instance_id": 1, "method_name": "set_timeouts", "args": {"read_timeout": "500"}, "id": 29, "time_profile": {"id": 28, "arrival_time": "2021:10:20:13:25:11.748883", "departure_time": "2021:10:20:13:25:11.805845"}}, "resp": {"exception": "None", "resp": "None"}, "profile": {"mo": 3, "exec_time_sec": 1.650000012887176e-05}}}, {"_id": "2021:10:20:13:25:12.863055", "Trace Message Type": "GenericMethodTraceMsg", "Trace Message": {"req": {"backend_type": "DirectFtdiDevice", "backend_instance_id": 1, "method_name": "get_input_size", "args": {}, "id": 30, "time_profile": {"id": 29, "arrival_time": "2021:10:20:13:25:11.805845", "departure_time": "2021:10:20:13:25:11.868807"}}, "resp": {"exception": "None", "resp": "9"}, "profile": {"mo": 3, "exec_time_sec": 2.8200000087963417e-05}}}, {"_id": "2021:10:20:13:25:12.922900", "Trace Message Type": "GenericMethodTraceMsg", "Trace Message": {"req": {"backend_type": "DirectFtdiDevice", "backend_instance_id": 1, "method_name": "set_timeouts", "args": {"read_timeout": "500"}, "id": 31, "time_profile": {"id": 30, "arrival_time": "2021:10:20:13:25:11.868807", "departure_time": "2021:10:20:13:25:11.927771"}}, "resp": {"exception": "None", "resp": "None"}, "profile": {"mo": 3, "exec_time_sec": 2.4400000256719068e-05}}}, {"_id": "2021:10:20:13:25:12.983743", "Trace Message Type": "GenericMethodTraceMsg", "Trace Message": {"req": {"backend_type": "DirectFtdiDevice", "backend_instance_id": 1, "method_name": "read", "args": {"num_bytes": "9", "raw": "True"}, "id": 32, "time_profile": {"id": 31, "arrival_time": "2021:10:20:13:25:11.927771", "departure_time": "2021:10:20:13:25:11.987736"}}, "resp": {"exception": "None", "resp": "b'\\x80\\x03C\\t0 \\rCAA9\\r\\nq\\x00.'"}, "profile": {"mo": 3, "exec_time_sec": 9.229999704984948e-05}}}, {"_id": "2021:10:20:13:25:13.040948", "Trace Message Type": "GenericMethodTraceMsg", "Trace Message": {"req": {"backend_type": "DirectFtdiDevice", "backend_instance_id": 1, "method_name": "set_timeouts", "args": {"read_timeout": "500"}, "id": 33, "time_profile": {"id": 32, "arrival_time": "2021:10:20:13:25:11.987736", "departure_time": "2021:10:20:13:25:12.049698"}}, "resp": {"exception": "None", "resp": "None"}, "profile": {"mo": 3, "exec_time_sec": 1.7300000763498247e-05}}}, {"_id": "2021:10:20:13:25:13.100423", "Trace Message Type": "GenericMethodTraceMsg", "Trace Message": {"req": {"backend_type": "DirectFtdiDevice", "backend_instance_id": 1, "method_name": "set_timeouts", "args": {"read_timeout": "500"}, "id": 34, "time_profile": {"id": 33, "arrival_time": "2021:10:20:13:25:12.049698", "departure_time": "2021:10:20:13:25:12.105663"}}, "resp": {"exception": "None", "resp": "None"}, "profile": {"mo": 3, "exec_time_sec": 4.510000144364312e-05}}}, {"_id": "2021:10:20:13:25:13.160266", "Trace Message Type": "GenericMethodTraceMsg", "Trace Message": {"req": {"backend_type": "DirectFtdiDevice", "backend_instance_id": 1, "method_name": "write", "args": {"data": {"network_address": "@1", "99": "99", "crc": "8898", "sequence_no": "66", "command_name": "HOME", "flags": {"if_needed": "1"}, "args": {}, "command": ""}}, "id": 35, "time_profile": {"id": 34, "arrival_time": "2021:10:20:13:25:12.108662", "departure_time": "2021:10:20:13:25:12.165627"}}, "resp": {"exception": "None", "resp": "None"}, "profile": {"mo": 3, "exec_time_sec": 0.0003497999859973788}}}, {"_id": "2021:10:20:13:25:13.220396", "Trace Message Type": "GenericMethodTraceMsg", "Trace Message": {"req": {"backend_type": "DirectFtdiDevice", "backend_instance_id": 1, "method_name": "set_timeouts", "args": {"read_timeout": "500"}, "id": 36, "time_profile": {"id": 35, "arrival_time": "2021:10:20:13:25:12.165627", "departure_time": "2021:10:20:13:25:12.224590"}}, "resp": {"exception": "None", "resp": "None"}, "profile": {"mo": 3, "exec_time_sec": 6.150000263005495e-05}}}, {"_id": "2021:10:20:13:25:13.287339", "Trace Message Type": "GenericMethodTraceMsg", "Trace Message": {"req": {"backend_type": "DirectFtdiDevice", "backend_instance_id": 1, "method_name": "get_input_size", "args": {}, "id": 37, "time_profile": {"id": 36, "arrival_time": "2021:10:20:13:25:12.224590", "departure_time": "2021:10:20:13:25:12.288550"}}, "resp": {"exception": "None", "resp": "28"}, "profile": {"mo": 3, "exec_time_sec": 7.400000322377309e-05}}}, {"_id": "2021:10:20:13:25:13.354160", "Trace Message Type": "GenericMethodTraceMsg", "Trace Message": {"req": {"backend_type": "DirectFtdiDevice", "backend_instance_id": 1, "method_name": "set_timeouts", "args": {"read_timeout": "500"}, "id": 38, "time_profile": {"id": 37, "arrival_time": "2021:10:20:13:25:12.288550", "departure_time": "2021:10:20:13:25:12.362506"}}, "resp": {"exception": "None", "resp": "None"}, "profile": {"mo": 3, "exec_time_sec": 6.08000009378884e-05}}}, {"_id": "2021:10:20:13:25:13.408011", "Trace Message Type": "GenericMethodTraceMsg", "Trace Message": {"req": {"backend_type": "DirectFtdiDevice", "backend_instance_id": 1, "method_name": "read", "args": {"num_bytes": "28", "raw": "True"}, "id": 39, "time_profile": {"id": 38, "arrival_time": "2021:10:20:13:25:12.362506", "departure_time": "2021:10:20:13:25:12.419471"}}, "resp": {"exception": "None", "resp": "b'\\x80\\x03C\\x1c2433 10331 40824 522 \\r8ABB\\r\\nq\\x00.'"}, "profile": {"mo": 3, "exec_time_sec": 6.859999848529696e-05}}}, {"_id": "2021:10:20:13:25:13.468812", "Trace Message Type": "GenericMethodTraceMsg", "Trace Message": {"req": {"backend_type": "DirectFtdiDevice", "backend_instance_id": 1, "method_name": "set_timeouts", "args": {"read_timeout": "500"}, "id": 40, "time_profile": {"id": 39, "arrival_time": "2021:10:20:13:25:12.419471", "departure_time": "2021:10:20:13:25:12.472438"}}, "resp": {"exception": "None", "resp": "None"}, "profile": {"mo": 3, "exec_time_sec": 1.9499999325489625e-05}}}, {"_id": "2021:10:20:13:25:13.528692", "Trace Message Type": "GenericMethodTraceMsg", "Trace Message": {"req": {"backend_type": "DirectFtdiDevice", "backend_instance_id": 1, "method_name": "set_timeouts", "args": {"read_timeout": "500"}, "id": 41, "time_profile": {"id": 40, "arrival_time": "2021:10:20:13:25:12.472438", "departure_time": "2021:10:20:13:25:12.532401"}}, "resp": {"exception": "None", "resp": "None"}, "profile": {"mo": 3, "exec_time_sec": 2.8200000087963417e-05}}}, {"_id": "2021:10:20:13:25:13.585541", "Trace Message Type": "GenericMethodTraceMsg", "Trace Message": {"req": {"backend_type": "DirectFtdiDevice", "backend_instance_id": 1, "method_name": "write", "args": {"data": {"network_address": "@1", "99": "99", "crc": "84A2", "sequence_no": "68", "command_name": "CURR", "flags": {}, "args": {"axis": "0"}, "command": ""}}, "id": 42, "time_profile": {"id": 41, "arrival_time": "2021:10:20:13:25:12.535397", "departure_time": "2021:10:20:13:25:12.593364"}}, "resp": {"exception": "None", "resp": "None"}, "profile": {"mo": 3, "exec_time_sec": 0.0001875000016298145}}}, {"_id": "2021:10:20:13:25:13.648368", "Trace Message Type": "GenericMethodTraceMsg", "Trace Message": {"req": {"backend_type": "DirectFtdiDevice", "backend_instance_id": 1, "method_name": "set_timeouts", "args": {"read_timeout": "500"}, "id": 43, "time_profile": {"id": 42, "arrival_time": "2021:10:20:13:25:12.593364", "departure_time": "2021:10:20:13:25:12.652327"}}, "resp": {"exception": "None", "resp": "None"}, "profile": {"mo": 3, "exec_time_sec": 2.8200000087963417e-05}}}, {"_id": "2021:10:20:13:25:13.703221", "Trace Message Type": "GenericMethodTraceMsg", "Trace Message": {"req": {"backend_type": "DirectFtdiDevice", "backend_instance_id": 1, "method_name": "get_input_size", "args": {}, "id": 44, "time_profile": {"id": 43, "arrival_time": "2021:10:20:13:25:12.652327", "departure_time": "2021:10:20:13:25:12.712289"}}, "resp": {"exception": "None", "resp": "11"}, "profile": {"mo": 3, "exec_time_sec": 3.740000101970509e-05}}}, {"_id": "2021:10:20:13:25:13.760818", "Trace Message Type": "GenericMethodTraceMsg", "Trace Message": {"req": {"backend_type": "DirectFtdiDevice", "backend_instance_id": 1, "method_name": "set_timeouts", "args": {"read_timeout": "500"}, "id": 45, "time_profile": {"id": 44, "arrival_time": "2021:10:20:13:25:12.712289", "departure_time": "2021:10:20:13:25:12.767255"}}, "resp": {"exception": "None", "resp": "None"}, "profile": {"mo": 3, "exec_time_sec": 2.9200000426499173e-05}}}, {"_id": "2021:10:20:13:25:13.821660", "Trace Message Type": "GenericMethodTraceMsg", "Trace Message": {"req": {"backend_type": "DirectFtdiDevice", "backend_instance_id": 1, "method_name": "read", "args": {"num_bytes": "11", "raw": "True"}, "id": 46, "time_profile": {"id": 45, "arrival_time": "2021:10:20:13:25:12.767255", "departure_time": "2021:10:20:13:25:12.826221"}}, "resp": {"exception": "None", "resp": "b'\\x80\\x03C\\x0b367 \\r4746\\r\\nq\\x00.'"}, "profile": {"mo": 3, "exec_time_sec": 5.0099999498343095e-05}}}, {"_id": "2021:10:20:13:25:13.883490", "Trace Message Type": "GenericMethodTraceMsg", "Trace Message": {"req": {"backend_type": "DirectFtdiDevice", "backend_instance_id": 1, "method_name": "set_timeouts", "args": {"read_timeout": "500"}, "id": 47, "time_profile": {"id": 46, "arrival_time": "2021:10:20:13:25:12.826221", "departure_time": "2021:10:20:13:25:12.888182"}}, "resp": {"exception": "None", "resp": "None"}, "profile": {"mo": 3, "exec_time_sec": 1.9299999621580355e-05}}}, {"_id": "2021:10:20:13:25:13.943697", "Trace Message Type": "GenericMethodTraceMsg", "Trace Message": {"req": {"backend_type": "DirectFtdiDevice", "backend_instance_id": 1, "method_name": "set_timeouts", "args": {"read_timeout": "500"}, "id": 48, "time_profile": {"id": 47, "arrival_time": "2021:10:20:13:25:12.888182", "departure_time": "2021:10:20:13:25:12.948145"}}, "resp": {"exception": "None", "resp": "None"}, "profile": {"mo": 3, "exec_time_sec": 6.130000110715628e-05}}}, {"_id": "2021:10:20:13:25:13.994940", "Trace Message Type": "GenericMethodTraceMsg", "Trace Message": {"req": {"backend_type": "DirectFtdiDevice", "backend_instance_id": 1, "method_name": "write", "args": {"data": {"network_address": "@1", "99": "99", "crc": "8194", "sequence_no": "70", "command_name": "CURR", "flags": {}, "args": {"axis": "0"}, "command": ""}}, "id": 49, "time_profile": {"id": 48, "arrival_time": "2021:10:20:13:25:12.951143", "departure_time": "2021:10:20:13:25:13.009108"}}, "resp": {"exception": "None", "resp": "None"}, "profile": {"mo": 3, "exec_time_sec": 0.0001412999990861863}}}, {"_id": "2021:10:20:13:25:14.053299", "Trace Message Type": "GenericMethodTraceMsg", "Trace Message": {"req": {"backend_type": "DirectFtdiDevice", "backend_instance_id": 1, "method_name": "set_timeouts", "args": {"read_timeout": "500"}, "id": 50, "time_profile": {"id": 49, "arrival_time": "2021:10:20:13:25:13.009108", "departure_time": "2021:10:20:13:25:13.060083"}}, "resp": {"exception": "None", "resp": "None"}, "profile": {"mo": 3, "exec_time_sec": 4.540000009001233e-05}}}, {"_id": "2021:10:20:13:25:14.111628", "Trace Message Type": "GenericMethodTraceMsg", "Trace Message": {"req": {"backend_type": "DirectFtdiDevice", "backend_instance_id": 1, "method_name": "get_input_size", "args": {}, "id": 51, "time_profile": {"id": 50, "arrival_time": "2021:10:20:13:25:13.061081", "departure_time": "2021:10:20:13:25:13.118039"}}, "resp": {"exception": "None", "resp": "11"}, "profile": {"mo": 3, "exec_time_sec": 3.3299998904112726e-05}}}, {"_id": "2021:10:20:13:25:14.168489", "Trace Message Type": "GenericMethodTraceMsg", "Trace Message": {"req": {"backend_type": "DirectFtdiDevice", "backend_instance_id": 1, "method_name": "set_timeouts", "args": {"read_timeout": "500"}, "id": 52, "time_profile": {"id": 51, "arrival_time": "2021:10:20:13:25:13.118039", "departure_time": "2021:10:20:13:25:13.176005"}}, "resp": {"exception": "None", "resp": "None"}, "profile": {"mo": 3, "exec_time_sec": 1.8900000213761814e-05}}}, {"_id": "2021:10:20:13:25:14.227336", "Trace Message Type": "GenericMethodTraceMsg", "Trace Message": {"req": {"backend_type": "DirectFtdiDevice", "backend_instance_id": 1, "method_name": "read", "args": {"num_bytes": "11", "raw": "True"}, "id": 53, "time_profile": {"id": 52, "arrival_time": "2021:10:20:13:25:13.176005", "departure_time": "2021:10:20:13:25:13.231970"}}, "resp": {"exception": "None", "resp": "b'\\x80\\x03C\\x0b361 \\r46A6\\r\\nq\\x00.'"}, "profile": {"mo": 3, "exec_time_sec": 2.9000000722589903e-05}}}, {"_id": "2021:10:20:13:25:14.290164", "Trace Message Type": "GenericMethodTraceMsg", "Trace Message": {"req": {"backend_type": "DirectFtdiDevice", "backend_instance_id": 1, "method_name": "set_timeouts", "args": {"read_timeout": "500"}, "id": 54, "time_profile": {"id": 53, "arrival_time": "2021:10:20:13:25:13.231970", "departure_time": "2021:10:20:13:25:13.291934"}}, "resp": {"exception": "None", "resp": "None"}, "profile": {"mo": 3, "exec_time_sec": 3.360000118846074e-05}}}, {"_id": "2021:10:20:13:25:14.354996", "Trace Message Type": "GenericMethodTraceMsg", "Trace Message": {"req": {"backend_type": "DirectFtdiDevice", "backend_instance_id": 1, "method_name": "set_timeouts", "args": {"read_timeout": "500"}, "id": 55, "time_profile": {"id": 54, "arrival_time": "2021:10:20:13:25:13.291934", "departure_time": "2021:10:20:13:25:13.353897"}}, "resp": {"exception": "None", "resp": "None"}, "profile": {"mo": 3, "exec_time_sec": 3.4199998481199145e-05}}}, {"_id": "2021:10:20:13:25:14.418821", "Trace Message Type": "GenericMethodTraceMsg", "Trace Message": {"req": {"backend_type": "DirectFtdiDevice", "backend_instance_id": 1, "method_name": "write", "args": {"data": {"network_address": "@1", "99": "99", "crc": "E18D", "sequence_no": "72", "command_name": "CURR", "flags": {}, "args": {"axis": "0"}, "command": ""}}, "id": 56, "time_profile": {"id": 55, "arrival_time": "2021:10:20:13:25:13.356895", "departure_time": "2021:10:20:13:25:13.419856"}}, "resp": {"exception": "None", "resp": "None"}, "profile": {"mo": 3, "exec_time_sec": 0.00017939999816007912}}}, {"_id": "2021:10:20:13:25:14.475670", "Trace Message Type": "GenericMethodTraceMsg", "Trace Message": {"req": {"backend_type": "DirectFtdiDevice", "backend_instance_id": 1, "method_name": "set_timeouts", "args": {"read_timeout": "500"}, "id": 57, "time_profile": {"id": 56, "arrival_time": "2021:10:20:13:25:13.419856", "departure_time": "2021:10:20:13:25:13.482817"}}, "resp": {"exception": "None", "resp": "None"}, "profile": {"mo": 3, "exec_time_sec": 3.609999839682132e-05}}}, {"_id": "2021:10:20:13:25:14.530534", "Trace Message Type": "GenericMethodTraceMsg", "Trace Message": {"req": {"backend_type": "DirectFtdiDevice", "backend_instance_id": 1, "method_name": "get_input_size", "args": {}, "id": 58, "time_profile": {"id": 57, "arrival_time": "2021:10:20:13:25:13.482817", "departure_time": "2021:10:20:13:25:13.539780"}}, "resp": {"exception": "None", "resp": "11"}, "profile": {"mo": 3, "exec_time_sec": 3.189999915775843e-05}}}, {"_id": "2021:10:20:13:25:14.587700", "Trace Message Type": "GenericMethodTraceMsg", "Trace Message": {"req": {"backend_type": "DirectFtdiDevice", "backend_instance_id": 1, "method_name": "set_timeouts", "args": {"read_timeout": "500"}, "id": 59, "time_profile": {"id": 58, "arrival_time": "2021:10:20:13:25:13.540781", "departure_time": "2021:10:20:13:25:13.594752"}}, "resp": {"exception": "None", "resp": "None"}, "profile": {"mo": 3, "exec_time_sec": 2.099999983329326e-05}}}, {"_id": "2021:10:20:13:25:14.635700", "Trace Message Type": "GenericMethodTraceMsg", "Trace Message": {"req": {"backend_type": "DirectFtdiDevice", "backend_instance_id": 1, "method_name": "read", "args": {"num_bytes": "11", "raw": "True"}, "id": 60, "time_profile": {"id": 59, "arrival_time": "2021:10:20:13:25:13.594752", "departure_time": "2021:10:20:13:25:13.651714"}}, "resp": {"exception": "None", "resp": "b'\\x80\\x03C\\x0b366 \\r8717\\r\\nq\\x00.'"}, "profile": {"mo": 3, "exec_time_sec": 6.359999679261819e-05}}}, {"_id": "2021:10:20:13:25:14.703707", "Trace Message Type": "GenericMethodTraceMsg", "Trace Message": {"req": {"backend_type": "DirectFtdiDevice", "backend_instance_id": 1, "method_name": "set_timeouts", "args": {"read_timeout": "500"}, "id": 61, "time_profile": {"id": 60, "arrival_time": "2021:10:20:13:25:13.651714", "departure_time": "2021:10:20:13:25:13.706679"}}, "resp": {"exception": "None", "resp": "None"}, "profile": {"mo": 3, "exec_time_sec": 6.040000153006986e-05}}}, {"_id": "2021:10:20:13:25:14.766376", "Trace Message Type": "GenericMethodTraceMsg", "Trace Message": {"req": {"backend_type": "DirectFtdiDevice", "backend_instance_id": 1, "method_name": "set_timeouts", "args": {"read_timeout": "500"}, "id": 62, "time_profile": {"id": 61, "arrival_time": "2021:10:20:13:25:13.706679", "departure_time": "2021:10:20:13:25:13.769641"}}, "resp": {"exception": "None", "resp": "None"}, "profile": {"mo": 3, "exec_time_sec": 6.130000110715628e-05}}}, {"_id": "2021:10:20:13:25:14.828318", "Trace Message Type": "GenericMethodTraceMsg", "Trace Message": {"req": {"backend_type": "DirectFtdiDevice", "backend_instance_id": 1, "method_name": "write", "args": {"data": {"network_address": "@1", "99": "99", "crc": "41A6", "sequence_no": "74", "command_name": "CURR", "flags": {}, "args": {"axis": "0"}, "command": ""}}, "id": 63, "time_profile": {"id": 62, "arrival_time": "2021:10:20:13:25:13.772639", "departure_time": "2021:10:20:13:25:13.832604"}}, "resp": {"exception": "None", "resp": "None"}, "profile": {"mo": 3, "exec_time_sec": 0.00017139999545179307}}}, {"_id": "2021:10:20:13:25:14.887403", "Trace Message Type": "GenericMethodTraceMsg", "Trace Message": {"req": {"backend_type": "DirectFtdiDevice", "backend_instance_id": 1, "method_name": "set_timeouts", "args": {"read_timeout": "500"}, "id": 64, "time_profile": {"id": 63, "arrival_time": "2021:10:20:13:25:13.832604", "departure_time": "2021:10:20:13:25:13.893565"}}, "resp": {"exception": "None", "resp": "None"}, "profile": {"mo": 3, "exec_time_sec": 2.2300000637187622e-05}}}, {"_id": "2021:10:20:13:25:14.942084", "Trace Message Type": "GenericMethodTraceMsg", "Trace Message": {"req": {"backend_type": "DirectFtdiDevice", "backend_instance_id": 1, "method_name": "get_input_size", "args": {}, "id": 65, "time_profile": {"id": 64, "arrival_time": "2021:10:20:13:25:13.893565", "departure_time": "2021:10:20:13:25:13.951529"}}, "resp": {"exception": "None", "resp": "11"}, "profile": {"mo": 3, "exec_time_sec": 2.2500000341096893e-05}}}, {"_id": "2021:10:20:13:25:15.001205", "Trace Message Type": "GenericMethodTraceMsg", "Trace Message": {"req": {"backend_type": "DirectFtdiDevice", "backend_instance_id": 1, "method_name": "set_timeouts", "args": {"read_timeout": "500"}, "id": 66, "time_profile": {"id": 65, "arrival_time": "2021:10:20:13:25:13.951529", "departure_time": "2021:10:20:13:25:14.007495"}}, "resp": {"exception": "None", "resp": "None"}, "profile": {"mo": 3, "exec_time_sec": 1.8599999748403206e-05}}}, {"_id": "2021:10:20:13:25:15.062054", "Trace Message Type": "GenericMethodTraceMsg", "Trace Message": {"req": {"backend_type": "DirectFtdiDevice", "backend_instance_id": 1, "method_name": "read", "args": {"num_bytes": "11", "raw": "True"}, "id": 67, "time_profile": {"id": 66, "arrival_time": "2021:10:20:13:25:14.007495", "departure_time": "2021:10:20:13:25:14.065458"}}, "resp": {"exception": "None", "resp": "b'\\x80\\x03C\\x0b329 \\rB426\\r\\nq\\x00.'"}, "profile": {"mo": 3, "exec_time_sec": 2.8300000849412754e-05}}}, {"_id": "2021:10:20:13:25:15.117279", "Trace Message Type": "GenericMethodTraceMsg", "Trace Message": {"req": {"backend_type": "DirectFtdiDevice", "backend_instance_id": 1, "method_name": "set_timeouts", "args": {"read_timeout": "500"}, "id": 68, "time_profile": {"id": 67, "arrival_time": "2021:10:20:13:25:14.065458", "departure_time": "2021:10:20:13:25:14.126422"}}, "resp": {"exception": "None", "resp": "None"}, "profile": {"mo": 3, "exec_time_sec": 3.65999985660892e-05}}}, {"_id": "2021:10:20:13:25:15.180119", "Trace Message Type": "GenericMethodTraceMsg", "Trace Message": {"req": {"backend_type": "DirectFtdiDevice", "backend_instance_id": 1, "method_name": "set_timeouts", "args": {"read_timeout": "500"}, "id": 69, "time_profile": {"id": 68, "arrival_time": "2021:10:20:13:25:14.126422", "departure_time": "2021:10:20:13:25:14.182387"}}, "resp": {"exception": "None", "resp": "None"}, "profile": {"mo": 3, "exec_time_sec": 1.8200000340584666e-05}}}, {"_id": "2021:10:20:13:25:15.234237", "Trace Message Type": "GenericMethodTraceMsg", "Trace Message": {"req": {"backend_type": "DirectFtdiDevice", "backend_instance_id": 1, "method_name": "write", "args": {"data": {"network_address": "@1", "99": "99", "crc": "21BF", "sequence_no": "76", "command_name": "CURR", "flags": {}, "args": {"axis": "0"}, "command": ""}}, "id": 70, "time_profile": {"id": 69, "arrival_time": "2021:10:20:13:25:14.185386", "departure_time": "2021:10:20:13:25:14.244349"}}, "resp": {"exception": "None", "resp": "None"}, "profile": {"mo": 3, "exec_time_sec": 0.00014259999443311244}}}, {"_id": "2021:10:20:13:25:15.290454", "Trace Message Type": "GenericMethodTraceMsg", "Trace Message": {"req": {"backend_type": "DirectFtdiDevice", "backend_instance_id": 1, "method_name": "set_timeouts", "args": {"read_timeout": "500"}, "id": 71, "time_profile": {"id": 70, "arrival_time": "2021:10:20:13:25:14.244349", "departure_time": "2021:10:20:13:25:14.298314"}}, "resp": {"exception": "None", "resp": "None"}, "profile": {"mo": 3, "exec_time_sec": 7.2900002123788e-05}}}, {"_id": "2021:10:20:13:25:15.351783", "Trace Message Type": "GenericMethodTraceMsg", "Trace Message": {"req": {"backend_type": "DirectFtdiDevice", "backend_instance_id": 1, "method_name": "get_input_size", "args": {}, "id": 72, "time_profile": {"id": 71, "arrival_time": "2021:10:20:13:25:14.298314", "departure_time": "2021:10:20:13:25:14.355281"}}, "resp": {"exception": "None", "resp": "11"}, "profile": {"mo": 3, "exec_time_sec": 8.620000153314322e-05}}}, {"_id": "2021:10:20:13:25:15.412751", "Trace Message Type": "GenericMethodTraceMsg", "Trace Message": {"req": {"backend_type": "DirectFtdiDevice", "backend_instance_id": 1, "method_name": "set_timeouts", "args": {"read_timeout": "500"}, "id": 73, "time_profile": {"id": 72, "arrival_time": "2021:10:20:13:25:14.355281", "departure_time": "2021:10:20:13:25:14.417244"}}, "resp": {"exception": "None", "resp": "None"}, "profile": {"mo": 3, "exec_time_sec": 5.819999933009967e-05}}}, {"_id": "2021:10:20:13:25:15.465602", "Trace Message Type": "GenericMethodTraceMsg", "Trace Message": {"req": {"backend_type": "DirectFtdiDevice", "backend_instance_id": 1, "method_name": "read", "args": {"num_bytes": "11", "raw": "True"}, "id": 74, "time_profile": {"id": 73, "arrival_time": "2021:10:20:13:25:14.417244", "departure_time": "2021:10:20:13:25:14.477207"}}, "resp": {"exception": "None", "resp": "b'\\x80\\x03C\\x0b341 \\rFEA7\\r\\nq\\x00.'"}, "profile": {"mo": 3, "exec_time_sec": 2.6699999580159783e-05}}}, {"_id": "2021:10:20:13:25:15.524452", "Trace Message Type": "GenericMethodTraceMsg", "Trace Message": {"req": {"backend_type": "DirectFtdiDevice", "backend_instance_id": 1, "method_name": "set_timeouts", "args": {"read_timeout": "500"}, "id": 75, "time_profile": {"id": 74, "arrival_time": "2021:10:20:13:25:14.477207", "departure_time": "2021:10:20:13:25:14.529175"}}, "resp": {"exception": "None", "resp": "None"}, "profile": {"mo": 3, "exec_time_sec": 6.140000186860561e-05}}}, {"_id": "2021:10:20:13:25:15.586282", "Trace Message Type": "GenericMethodTraceMsg", "Trace Message": {"req": {"backend_type": "DirectFtdiDevice", "backend_instance_id": 1, "method_name": "set_timeouts", "args": {"read_timeout": "500"}, "id": 76, "time_profile": {"id": 75, "arrival_time": "2021:10:20:13:25:14.529175", "departure_time": "2021:10:20:13:25:14.590137"}}, "resp": {"exception": "None", "resp": "None"}, "profile": {"mo": 3, "exec_time_sec": 1.8799999452312477e-05}}}, {"_id": "2021:10:20:13:25:15.643428", "Trace Message Type": "GenericMethodTraceMsg", "Trace Message": {"req": {"backend_type": "DirectFtdiDevice", "backend_instance_id": 1, "method_name": "write", "args": {"data": {"network_address": "@1", "99": "99", "crc": "41F3", "sequence_no": "78", "command_name": "CURR", "flags": {}, "args": {"axis": "0"}, "command": ""}}, "id": 77, "time_profile": {"id": 76, "arrival_time": "2021:10:20:13:25:14.593135", "departure_time": "2021:10:20:13:25:14.650100"}}, "resp": {"exception": "None", "resp": "None"}, "profile": {"mo": 3, "exec_time_sec": 0.00019049999536946416}}}, {"_id": "2021:10:20:13:25:15.705259", "Trace Message Type": "GenericMethodTraceMsg", "Trace Message": {"req": {"backend_type": "DirectFtdiDevice", "backend_instance_id": 1, "method_name": "set_timeouts", "args": {"read_timeout": "500"}, "id": 78, "time_profile": {"id": 77, "arrival_time": "2021:10:20:13:25:14.650100", "departure_time": "2021:10:20:13:25:14.709064"}}, "resp": {"exception": "None", "resp": "None"}, "profile": {"mo": 3, "exec_time_sec": 2.010000025620684e-05}}}, {"_id": "2021:10:20:13:25:15.765185", "Trace Message Type": "GenericMethodTraceMsg", "Trace Message": {"req": {"backend_type": "DirectFtdiDevice", "backend_instance_id": 1, "method_name": "get_input_size", "args": {}, "id": 79, "time_profile": {"id": 78, "arrival_time": "2021:10:20:13:25:14.710064", "departure_time": "2021:10:20:13:25:14.769027"}}, "resp": {"exception": "None", "resp": "11"}, "profile": {"mo": 3, "exec_time_sec": 3.5000000934815034e-05}}}, {"_id": "2021:10:20:13:25:15.822510", "Trace Message Type": "GenericMethodTraceMsg", "Trace Message": {"req": {"backend_type": "DirectFtdiDevice", "backend_instance_id": 1, "method_name": "set_timeouts", "args": {"read_timeout": "500"}, "id": 80, "time_profile": {"id": 79, "arrival_time": "2021:10:20:13:25:14.769027", "departure_time": "2021:10:20:13:25:14.829988"}}, "resp": {"exception": "None", "resp": "None"}, "profile": {"mo": 3, "exec_time_sec": 2.9400000130408444e-05}}}, {"_id": "2021:10:20:13:25:15.879358", "Trace Message Type": "GenericMethodTraceMsg", "Trace Message": {"req": {"backend_type": "DirectFtdiDevice", "backend_instance_id": 1, "method_name": "read", "args": {"num_bytes": "11", "raw": "True"}, "id": 81, "time_profile": {"id": 80, "arrival_time": "2021:10:20:13:25:14.829988", "departure_time": "2021:10:20:13:25:14.886954"}}, "resp": {"exception": "None", "resp": "b'\\x80\\x03C\\x0b327 \\r7747\\r\\nq\\x00.'"}, "profile": {"mo": 3, "exec_time_sec": 2.660000063769985e-05}}}, {"_id": "2021:10:20:13:25:15.942191", "Trace Message Type": "GenericMethodTraceMsg", "Trace Message": {"req": {"backend_type": "DirectFtdiDevice", "backend_instance_id": 1, "method_name": "set_timeouts", "args": {"read_timeout": "500"}, "id": 82, "time_profile": {"id": 81, "arrival_time": "2021:10:20:13:25:14.886954", "departure_time": "2021:10:20:13:25:14.943920"}}, "resp": {"exception": "None", "resp": "None"}, "profile": {"mo": 3, "exec_time_sec": 1.759999940986745e-05}}}, {"_id": "2021:10:20:13:25:16.003027", "Trace Message Type": "GenericMethodTraceMsg", "Trace Message": {"req": {"backend_type": "DirectFtdiDevice", "backend_instance_id": 1, "method_name": "set_timeouts", "args": {"read_timeout": "500"}, "id": 83, "time_profile": {"id": 82, "arrival_time": "2021:10:20:13:25:14.943920", "departure_time": "2021:10:20:13:25:15.006882"}}, "resp": {"exception": "None", "resp": "None"}, "profile": {"mo": 3, "exec_time_sec": 2.5299999833805487e-05}}}, {"_id": "2021:10:20:13:25:16.087800", "Trace Message Type": "GenericMethodTraceMsg", "Trace Message": {"req": {"backend_type": "DirectFtdiDevice", "backend_instance_id": 1, "method_name": "write", "args": {"data": {"network_address": "@1", "99": "99", "crc": "B1A4", "sequence_no": "80", "command_name": "CURR", "flags": {}, "args": {"axis": "0"}, "command": ""}}, "id": 84, "time_profile": {"id": 83, "arrival_time": "2021:10:20:13:25:15.009880", "departure_time": "2021:10:20:13:25:15.067844"}}, "resp": {"exception": "None", "resp": "None"}, "profile": {"mo": 3, "exec_time_sec": 0.0001066999975591898}}}, {"_id": "2021:10:20:13:25:16.147645", "Trace Message Type": "GenericMethodTraceMsg", "Trace Message": {"req": {"backend_type": "DirectFtdiDevice", "backend_instance_id": 1, "method_name": "set_timeouts", "args": {"read_timeout": "500"}, "id": 85, "time_profile": {"id": 84, "arrival_time": "2021:10:20:13:25:15.067844", "departure_time": "2021:10:20:13:25:15.152792"}}, "resp": {"exception": "None", "resp": "None"}, "profile": {"mo": 3, "exec_time_sec": 1.8200000340584666e-05}}}, {"_id": "2021:10:20:13:25:16.213469", "Trace Message Type": "GenericMethodTraceMsg", "Trace Message": {"req": {"backend_type": "DirectFtdiDevice", "backend_instance_id": 1, "method_name": "get_input_size", "args": {}, "id": 86, "time_profile": {"id": 85, "arrival_time": "2021:10:20:13:25:15.152792", "departure_time": "2021:10:20:13:25:15.213752"}}, "resp": {"exception": "None", "resp": "11"}, "profile": {"mo": 3, "exec_time_sec": 3.1299998227041215e-05}}}, {"_id": "2021:10:20:13:25:16.285585", "Trace Message Type": "GenericMethodTraceMsg", "Trace Message": {"req": {"backend_type": "DirectFtdiDevice", "backend_instance_id": 1, "method_name": "set_timeouts", "args": {"read_timeout": "500"}, "id": 87, "time_profile": {"id": 86, "arrival_time": "2021:10:20:13:25:15.213752", "departure_time": "2021:10:20:13:25:15.277716"}}, "resp": {"exception": "None", "resp": "None"}, "profile": {"mo": 3, "exec_time_sec": 5.149999924469739e-05}}}, {"_id": "2021:10:20:13:25:16.347820", "Trace Message Type": "GenericMethodTraceMsg", "Trace Message": {"req": {"backend_type": "DirectFtdiDevice", "backend_instance_id": 1, "method_name": "read", "args": {"num_bytes": "11", "raw": "True"}, "id": 88, "time_profile": {"id": 87, "arrival_time": "2021:10:20:13:25:15.277716", "departure_time": "2021:10:20:13:25:15.350671"}}, "resp": {"exception": "None", "resp": "b'\\x80\\x03C\\x0b303 \\r0E07\\r\\nq\\x00.'"}, "profile": {"mo": 3, "exec_time_sec": 4.7199999244185165e-05}}}, {"_id": "2021:10:20:13:25:16.405801", "Trace Message Type": "GenericMethodTraceMsg", "Trace Message": {"req": {"backend_type": "DirectFtdiDevice", "backend_instance_id": 1, "method_name": "set_timeouts", "args": {"read_timeout": "500"}, "id": 89, "time_profile": {"id": 88, "arrival_time": "2021:10:20:13:25:15.350671", "departure_time": "2021:10:20:13:25:15.411633"}}, "resp": {"exception": "None", "resp": "None"}, "profile": {"mo": 3, "exec_time_sec": 3.49000001733657e-05}}}, {"_id": "2021:10:20:13:25:16.471625", "Trace Message Type": "GenericMethodTraceMsg", "Trace Message": {"req": {"backend_type": "DirectFtdiDevice", "backend_instance_id": 1, "method_name": "set_timeouts", "args": {"read_timeout": "500"}, "id": 90, "time_profile": {"id": 89, "arrival_time": "2021:10:20:13:25:15.412631", "departure_time": "2021:10:20:13:25:15.470597"}}, "resp": {"exception": "None", "resp": "None"}, "profile": {"mo": 3, "exec_time_sec": 1.779999911377672e-05}}}, {"_id": "2021:10:20:13:25:16.531464", "Trace Message Type": "GenericMethodTraceMsg", "Trace Message": {"req": {"backend_type": "DirectFtdiDevice", "backend_instance_id": 1, "method_name": "write", "args": {"data": {"network_address": "@1", "99": "99", "crc": "D1BD", "sequence_no": "82", "command_name": "CURR", "flags": {}, "args": {"axis": "0"}, "command": ""}}, "id": 91, "time_profile": {"id": 90, "arrival_time": "2021:10:20:13:25:15.473595", "departure_time": "2021:10:20:13:25:15.535556"}}, "resp": {"exception": "None", "resp": "None"}, "profile": {"mo": 3, "exec_time_sec": 0.0001689000055193901}}}, {"_id": "2021:10:20:13:25:16.596380", "Trace Message Type": "GenericMethodTraceMsg", "Trace Message": {"req": {"backend_type": "DirectFtdiDevice", "backend_instance_id": 1, "method_name": "set_timeouts", "args": {"read_timeout": "500"}, "id": 92, "time_profile": {"id": 91, "arrival_time": "2021:10:20:13:25:15.536555", "departure_time": "2021:10:20:13:25:15.597518"}}, "resp": {"exception": "None", "resp": "None"}, "profile": {"mo": 3, "exec_time_sec": 1.8799999452312477e-05}}}, {"_id": "2021:10:20:13:25:16.649346", "Trace Message Type": "GenericMethodTraceMsg", "Trace Message": {"req": {"backend_type": "DirectFtdiDevice", "backend_instance_id": 1, "method_name": "get_input_size", "args": {}, "id": 93, "time_profile": {"id": 92, "arrival_time": "2021:10:20:13:25:15.597518", "departure_time": "2021:10:20:13:25:15.661483"}}, "resp": {"exception": "None", "resp": "11"}, "profile": {"mo": 3, "exec_time_sec": 2.3299999156733975e-05}}}, {"_id": "2021:10:20:13:25:16.703205", "Trace Message Type": "GenericMethodTraceMsg", "Trace Message": {"req": {"backend_type": "DirectFtdiDevice", "backend_instance_id": 1, "method_name": "set_timeouts", "args": {"read_timeout": "500"}, "id": 94, "time_profile": {"id": 93, "arrival_time": "2021:10:20:13:25:15.661483", "departure_time": "2021:10:20:13:25:15.713448"}}, "resp": {"exception": "None", "resp": "None"}, "profile": {"mo": 3, "exec_time_sec": 8.97999998414889e-05}}}, {"_id": "2021:10:20:13:25:16.762048", "Trace Message Type": "GenericMethodTraceMsg", "Trace Message": {"req": {"backend_type": "DirectFtdiDevice", "backend_instance_id": 1, "method_name": "read", "args": {"num_bytes": "11", "raw": "True"}, "id": 95, "time_profile": {"id": 94, "arrival_time": "2021:10:20:13:25:15.713448", "departure_time": "2021:10:20:13:25:15.769414"}}, "resp": {"exception": "None", "resp": "b'\\x80\\x03C\\x0b320 \\rB6F6\\r\\nq\\x00.'"}, "profile": {"mo": 3, "exec_time_sec": 0.00010019999899668619}}}, {"_id": "2021:10:20:13:25:16.821891", "Trace Message Type": "GenericMethodTraceMsg", "Trace Message": {"req": {"backend_type": "DirectFtdiDevice", "backend_instance_id": 1, "method_name": "set_timeouts", "args": {"read_timeout": "500"}, "id": 96, "time_profile": {"id": 95, "arrival_time": "2021:10:20:13:25:15.769414", "departure_time": "2021:10:20:13:25:15.827378"}}, "resp": {"exception": "None", "resp": "None"}, "profile": {"mo": 3, "exec_time_sec": 5.999999848427251e-05}}}, {"_id": "2021:10:20:13:25:16.880733", "Trace Message Type": "GenericMethodTraceMsg", "Trace Message": {"req": {"backend_type": "DirectFtdiDevice", "backend_instance_id": 1, "method_name": "set_timeouts", "args": {"read_timeout": "500"}, "id": 97, "time_profile": {"id": 96, "arrival_time": "2021:10:20:13:25:15.827378", "departure_time": "2021:10:20:13:25:15.888340"}}, "resp": {"exception": "None", "resp": "None"}, "profile": {"mo": 3, "exec_time_sec": 6.510000093840063e-05}}}, {"_id": "2021:10:20:13:25:16.939574", "Trace Message Type": "GenericMethodTraceMsg", "Trace Message": {"req": {"backend_type": "DirectFtdiDevice", "backend_instance_id": 1, "method_name": "write", "args": {"data": {"network_address": "@1", "99": "99", "crc": "7196", "sequence_no": "84", "command_name": "CURR", "flags": {}, "args": {"axis": "0"}, "command": ""}}, "id": 98, "time_profile": {"id": 97, "arrival_time": "2021:10:20:13:25:15.890345", "departure_time": "2021:10:20:13:25:15.946304"}}, "resp": {"exception": "None", "resp": "None"}, "profile": {"mo": 3, "exec_time_sec": 0.00028470001416280866}}}, {"_id": "2021:10:20:13:25:17.012361", "Trace Message Type": "GenericMethodTraceMsg", "Trace Message": {"req": {"backend_type": "DirectFtdiDevice", "backend_instance_id": 1, "method_name": "set_timeouts", "args": {"read_timeout": "500"}, "id": 99, "time_profile": {"id": 98, "arrival_time": "2021:10:20:13:25:15.946304", "departure_time": "2021:10:20:13:25:16.004269"}}, "resp": {"exception": "None", "resp": "None"}, "profile": {"mo": 3, "exec_time_sec": 3.740000101970509e-05}}}, {"_id": "2021:10:20:13:25:17.080178", "Trace Message Type": "GenericMethodTraceMsg", "Trace Message": {"req": {"backend_type": "DirectFtdiDevice", "backend_instance_id": 1, "method_name": "get_input_size", "args": {}, "id": 100, "time_profile": {"id": 99, "arrival_time": "2021:10:20:13:25:16.004269", "departure_time": "2021:10:20:13:25:16.076225"}}, "resp": {"exception": "None", "resp": "11"}, "profile": {"mo": 3, "exec_time_sec": 3.360000118846074e-05}}}, {"_id": "2021:10:20:13:25:17.136074", "Trace Message Type": "GenericMethodTraceMsg", "Trace Message": {"req": {"backend_type": "DirectFtdiDevice", "backend_instance_id": 1, "method_name": "set_timeouts", "args": {"read_timeout": "500"}, "id": 101, "time_profile": {"id": 100, "arrival_time": "2021:10:20:13:25:16.076225", "departure_time": "2021:10:20:13:25:16.145185"}}, "resp": {"exception": "None", "resp": "None"}, "profile": {"mo": 3, "exec_time_sec": 6.310000026132911e-05}}}, {"_id": "2021:10:20:13:25:17.196884", "Trace Message Type": "GenericMethodTraceMsg", "Trace Message": {"req": {"backend_type": "DirectFtdiDevice", "backend_instance_id": 1, "method_name": "read", "args": {"num_bytes": "11", "raw": "True"}, "id": 102, "time_profile": {"id": 101, "arrival_time": "2021:10:20:13:25:16.145185", "departure_time": "2021:10:20:13:25:16.202148"}}, "resp": {"exception": "None", "resp": "b'\\x80\\x03C\\x0b312 \\r3257\\r\\nq\\x00.'"}, "profile": {"mo": 3, "exec_time_sec": 8.009999874047935e-05}}}, {"_id": "2021:10:20:13:25:17.253727", "Trace Message Type": "GenericMethodTraceMsg", "Trace Message": {"req": {"backend_type": "DirectFtdiDevice", "backend_instance_id": 1, "method_name": "set_timeouts", "args": {"read_timeout": "500"}, "id": 103, "time_profile": {"id": 102, "arrival_time": "2021:10:20:13:25:16.202148", "departure_time": "2021:10:20:13:25:16.262110"}}, "resp": {"exception": "None", "resp": "None"}, "profile": {"mo": 3, "exec_time_sec": 2.5999999706982635e-05}}}, {"_id": "2021:10:20:13:25:17.313575", "Trace Message Type": "GenericMethodTraceMsg", "Trace Message": {"req": {"backend_type": "DirectFtdiDevice", "backend_instance_id": 1, "method_name": "set_timeouts", "args": {"read_timeout": "500"}, "id": 104, "time_profile": {"id": 103, "arrival_time": "2021:10:20:13:25:16.262110", "departure_time": "2021:10:20:13:25:16.320075"}}, "resp": {"exception": "None", "resp": "None"}, "profile": {"mo": 3, "exec_time_sec": 6.990000110818073e-05}}}, {"_id": "2021:10:20:13:25:17.371547", "Trace Message Type": "GenericMethodTraceMsg", "Trace Message": {"req": {"backend_type": "DirectFtdiDevice", "backend_instance_id": 1, "method_name": "write", "args": {"data": {"network_address": "@1", "99": "99", "crc": "118F", "sequence_no": "86", "command_name": "CURR", "flags": {}, "args": {"axis": "0"}, "command": ""}}, "id": 105, "time_profile": {"id": 104, "arrival_time": "2021:10:20:13:25:16.323073", "departure_time": "2021:10:20:13:25:16.379040"}}, "resp": {"exception": "None", "resp": "None"}, "profile": {"mo": 3, "exec_time_sec": 0.0001669000048423186}}}, {"_id": "2021:10:20:13:25:17.436781", "Trace Message Type": "GenericMethodTraceMsg", "Trace Message": {"req": {"backend_type": "DirectFtdiDevice", "backend_instance_id": 1, "method_name": "set_timeouts", "args": {"read_timeout": "500"}, "id": 106, "time_profile": {"id": 105, "arrival_time": "2021:10:20:13:25:16.379040", "departure_time": "2021:10:20:13:25:16.436004"}}, "resp": {"exception": "None", "resp": "None"}, "profile": {"mo": 3, "exec_time_sec": 6.410000059986487e-05}}}, {"_id": "2021:10:20:13:25:17.494801", "Trace Message Type": "GenericMethodTraceMsg", "Trace Message": {"req": {"backend_type": "DirectFtdiDevice", "backend_instance_id": 1, "method_name": "get_input_size", "args": {}, "id": 107, "time_profile": {"id": 106, "arrival_time": "2021:10:20:13:25:16.436004", "departure_time": "2021:10:20:13:25:16.501962"}}, "resp": {"exception": "None", "resp": "11"}, "profile": {"mo": 3, "exec_time_sec": 3.949999882024713e-05}}}, {"_id": "2021:10:20:13:25:17.546990", "Trace Message Type": "GenericMethodTraceMsg", "Trace Message": {"req": {"backend_type": "DirectFtdiDevice", "backend_instance_id": 1, "method_name": "set_timeouts", "args": {"read_timeout": "500"}, "id": 108, "time_profile": {"id": 107, "arrival_time": "2021:10:20:13:25:16.501962", "departure_time": "2021:10:20:13:25:16.559926"}}, "resp": {"exception": "None", "resp": "None"}, "profile": {"mo": 3, "exec_time_sec": 3.740000101970509e-05}}}, {"_id": "2021:10:20:13:25:17.611456", "Trace Message Type": "GenericMethodTraceMsg", "Trace Message": {"req": {"backend_type": "DirectFtdiDevice", "backend_instance_id": 1, "method_name": "read", "args": {"num_bytes": "11", "raw": "True"}, "id": 109, "time_profile": {"id": 108, "arrival_time": "2021:10:20:13:25:16.559926", "departure_time": "2021:10:20:13:25:16.611897"}}, "resp": {"exception": "None", "resp": "b'\\x80\\x03C\\x0b295 \\r53D9\\r\\nq\\x00.'"}, "profile": {"mo": 3, "exec_time_sec": 2.6399999114801176e-05}}}, {"_id": "2021:10:20:13:25:17.667787", "Trace Message Type": "GenericMethodTraceMsg", "Trace Message": {"req": {"backend_type": "DirectFtdiDevice", "backend_instance_id": 1, "method_name": "set_timeouts", "args": {"read_timeout": "500"}, "id": 110, "time_profile": {"id": 109, "arrival_time": "2021:10:20:13:25:16.611897", "departure_time": "2021:10:20:13:25:16.675856"}}, "resp": {"exception": "None", "resp": "None"}, "profile": {"mo": 3, "exec_time_sec": 1.5800000255694613e-05}}}, {"_id": "2021:10:20:13:25:17.688731", "Trace Message Type": "InitializeTraceMsg", "Trace Message": {"req": {"backend_type": "DirectFtdiDevice", "backend_instance_id": 2, "args": {"ftdi": "None"}, "stacktrace": "[<FrameSummary file C:/Users/User/PycharmProjects/automated_solubility_h1/n9/tests/random_tests.py, line 14 in <module>>, <FrameSummary file <frozen importlib._bootstrap>, line 971 in _find_and_load>, <FrameSummary file <frozen importlib._bootstrap>, line 955 in _find_and_load_unlocked>, <FrameSummary file <frozen importlib._bootstrap>, line 665 in _load_unlocked>, <FrameSummary file <frozen importlib._bootstrap_external>, line 678 in exec_module>, <FrameSummary file <frozen importlib._bootstrap>, line 219 in _call_with_frames_removed>, <FrameSummary file C:\\Users\\User\\PycharmProjects\\automated_solubility_h1\\n9\\experiments\\capping_uncapping.py, line 3 in <module>>, <FrameSummary file <frozen importlib._bootstrap>, line 1023 in _handle_fromlist>, <FrameSummary file <frozen importlib._bootstrap>, line 219 in _call_with_frames_removed>, <FrameSummary file <frozen importlib._bootstrap>, line 971 in _find_and_load>, <FrameSummary file <frozen importlib._bootstrap>, line 955 in _find_and_load_unlocked>, <FrameSummary file <frozen importlib._bootstrap>, line 665 in _load_unlocked>, <FrameSummary file <frozen importlib._bootstrap_external>, line 678 in exec_module>, <FrameSummary file <frozen importlib._bootstrap>, line 219 in _call_with_frames_removed>, <FrameSummary file C:\\Users\\User\\PycharmProjects\\automated_solubility_h1\\n9\\configuration\\deck.py, line 97 in <module>>, <FrameSummary file C:\\Users\\User\\PycharmProjects\\automated_solubility_h1\\venv\\lib\\site-packages\\ftdi_serial.py, line 418 in __init__>, <FrameSummary file C:\\Users\\User\\PycharmProjects\\automated_solubility_h1\\venv\\lib\\site-packages\\ftdi_serial.py, line 441 in connect>, <FrameSummary file C:\\Users\\User\\PycharmProjects\\automated_solubility_h1\\venv\\lib\\site-packages\\ftdi_serial.py, line 428 in open_device>, <FrameSummary file C:\\Users\\User\\PycharmProjects\\automated_solubility_h1\\venv\\lib\\site-packages\\niraapad\\backends.py, line 162 in __init__>, <FrameSummary file C:\\Users\\User\\PycharmProjects\\automated_solubility_h1\\venv\\lib\\site-packages\\niraapad\\lab_computer\\niraapad_client.py, line 558 in initialize>]", "id": 111, "time_profile": {"id": 110, "arrival_time": "2021:10:20:13:25:16.675856", "departure_time": "2021:10:20:13:25:16.733820"}}, "resp": {"exception": "None"}, "profile": {"mo": 3, "exec_time_sec": 0.010842699557542801}}}, {"_id": "2021:10:20:13:25:18.015859", "Trace Message Type": "GenericMethodTraceMsg", "Trace Message": {"req": {"backend_type": "DirectFtdiDevice", "backend_instance_id": 2, "method_name": "reset", "args": {}, "id": 112, "time_profile": {"id": 111, "arrival_time": "2021:10:20:13:25:16.737818", "departure_time": "2021:10:20:13:25:16.752809"}}, "resp": {"exception": "None", "resp": "None"}, "profile": {"mo": 3, "exec_time_sec": 0.2762986123561859}}}, {"_id": "2021:10:20:13:25:18.073706", "Trace Message Type": "GenericMethodTraceMsg", "Trace Message": {"req": {"backend_type": "DirectFtdiDevice", "backend_instance_id": 2, "method_name": "set_baud_rate", "args": {"baudrate": "9600"}, "id": 113, "time_profile": {"id": 112, "arrival_time": "2021:10:20:13:25:16.752809", "departure_time": "2021:10:20:13:25:17.081608"}}, "resp": {"exception": "None", "resp": "None"}, "profile": {"mo": 3, "exec_time_sec": 0.0001539999939268455}}}, {"_id": "2021:10:20:13:25:18.129564", "Trace Message Type": "GenericMethodTraceMsg", "Trace Message": {"req": {"backend_type": "DirectFtdiDevice", "backend_instance_id": 2, "method_name": "set_parameters", "args": {"data_bits": "0"}, "id": 114, "time_profile": {"id": 113, "arrival_time": "2021:10:20:13:25:17.081608", "departure_time": "2021:10:20:13:25:17.138572"}}, "resp": {"exception": "None", "resp": "None"}, "profile": {"mo": 3, "exec_time_sec": 0.00017010000010486692}}}, {"_id": "2021:10:20:13:25:18.185884", "Trace Message Type": "GenericMethodTraceMsg", "Trace Message": {"req": {"backend_type": "DirectFtdiDevice", "backend_instance_id": 2, "method_name": "set_timeouts", "args": {"read_timeout": "5000"}, "id": 115, "time_profile": {"id": 114, "arrival_time": "2021:10:20:13:25:17.138572", "departure_time": "2021:10:20:13:25:17.194538"}}, "resp": {"exception": "None", "resp": "None"}, "profile": {"mo": 3, "exec_time_sec": 1.82999992830446e-05}}}, {"_id": "2021:10:20:13:25:18.192865", "Trace Message Type": "InitializeTraceMsg", "Trace Message": {"req": {"backend_type": "DirectPySerialDevice", "backend_instance_id": 3, "args": {"serial": "COM9"}, "stacktrace": "[<FrameSummary file C:/Users/User/PycharmProjects/automated_solubility_h1/n9/tests/random_tests.py, line 14 in <module>>, <FrameSummary file <frozen importlib._bootstrap>, line 971 in _find_and_load>, <FrameSummary file <frozen importlib._bootstrap>, line 955 in _find_and_load_unlocked>, <FrameSummary file <frozen importlib._bootstrap>, line 665 in _load_unlocked>, <FrameSummary file <frozen importlib._bootstrap_external>, line 678 in exec_module>, <FrameSummary file <frozen importlib._bootstrap>, line 219 in _call_with_frames_removed>, <FrameSummary file C:\\Users\\User\\PycharmProjects\\automated_solubility_h1\\n9\\experiments\\capping_uncapping.py, line 3 in <module>>, <FrameSummary file <frozen importlib._bootstrap>, line 1023 in _handle_fromlist>, <FrameSummary file <frozen importlib._bootstrap>, line 219 in _call_with_frames_removed>, <FrameSummary file <frozen importlib._bootstrap>, line 971 in _find_and_load>, <FrameSummary file <frozen importlib._bootstrap>, line 955 in _find_and_load_unlocked>, <FrameSummary file <frozen importlib._bootstrap>, line 665 in _load_unlocked>, <FrameSummary file <frozen importlib._bootstrap_external>, line 678 in exec_module>, <FrameSummary file <frozen importlib._bootstrap>, line 219 in _call_with_frames_removed>, <FrameSummary file C:\\Users\\User\\PycharmProjects\\automated_solubility_h1\\n9\\configuration\\deck.py, line 113 in <module>>, <FrameSummary file C:\\Users\\User\\PycharmProjects\\automated_solubility_h1\\venv\\lib\\site-packages\\ika\\magnetic_stirrer.py, line 152 in __init__>, <FrameSummary file C:\\Users\\User\\PycharmProjects\\automated_solubility_h1\\venv\\lib\\site-packages\\ika\\magnetic_stirrer.py, line 452 in connect>, <FrameSummary file C:\\Users\\User\\PycharmProjects\\automated_solubility_h1\\venv\\lib\\site-packages\\ftdi_serial.py, line 418 in __init__>, <FrameSummary file C:\\Users\\User\\PycharmProjects\\automated_solubility_h1\\venv\\lib\\site-packages\\ftdi_serial.py, line 441 in connect>, <FrameSummary file C:\\Users\\User\\PycharmProjects\\automated_solubility_h1\\venv\\lib\\site-packages\\ftdi_serial.py, line 426 in open_device>, <FrameSummary file C:\\Users\\User\\PycharmProjects\\automated_solubility_h1\\venv\\lib\\site-packages\\niraapad\\backends.py, line 224 in __init__>, <FrameSummary file C:\\Users\\User\\PycharmProjects\\automated_solubility_h1\\venv\\lib\\site-packages\\niraapad\\lab_computer\\niraapad_client.py, line 558 in initialize>]", "id": 116, "time_profile": {"id": 115, "arrival_time": "2021:10:20:13:25:17.194538", "departure_time": "2021:10:20:13:25:17.249505"}}, "resp": {"exception": "None"}, "profile": {"mo": 3, "exec_time_sec": 0.003639000002294779}}}, {"_id": "2021:10:20:13:25:18.253908", "Trace Message Type": "GenericMethodTraceMsg", "Trace Message": {"req": {"backend_type": "DirectPySerialDevice", "backend_instance_id": 3, "method_name": "reset", "args": {}, "id": 117, "time_profile": {"id": 116, "arrival_time": "2021:10:20:13:25:17.249505", "departure_time": "2021:10:20:13:25:17.260501"}}, "resp": {"exception": "None", "resp": "None"}, "profile": {"mo": 3, "exec_time_sec": 4.099999841855606e-06}}}, {"_id": "2021:10:20:13:25:18.314762", "Trace Message Type": "GenericMethodTraceMsg", "Trace Message": {"req": {"backend_type": "DirectPySerialDevice", "backend_instance_id": 3, "method_name": "set_baud_rate", "args": {"baudrate": "9600"}, "id": 118, "time_profile": {"id": 117, "arrival_time": "2021:10:20:13:25:17.260501", "departure_time": "2021:10:20:13:25:17.317461"}}, "resp": {"exception": "None", "resp": "None"}, "profile": {"mo": 3, "exec_time_sec": 0.001996200066059828}}}, {"_id": "2021:10:20:13:25:18.376233", "Trace Message Type": "GenericMethodTraceMsg", "Trace Message": {"req": {"backend_type": "DirectPySerialDevice", "backend_instance_id": 3, "method_name": "set_parameters", "args": {"data_bits": "2"}, "id": 119, "time_profile": {"id": 118, "arrival_time": "2021:10:20:13:25:17.317461", "departure_time": "2021:10:20:13:25:17.379424"}}, "resp": {"exception": "None", "resp": "None"}, "profile": {"mo": 3, "exec_time_sec": 0.006066900212317705}}}, {"_id": "2021:10:20:13:25:18.432648", "Trace Message Type": "GenericMethodTraceMsg", "Trace Message": {"req": {"backend_type": "DirectPySerialDevice", "backend_instance_id": 3, "method_name": "set_timeouts", "args": {"read_timeout": "5000"}, "id": 120, "time_profile": {"id": 119, "arrival_time": "2021:10:20:13:25:17.379424", "departure_time": "2021:10:20:13:25:17.440387"}}, "resp": {"exception": "None", "resp": "None"}, "profile": {"mo": 3, "exec_time_sec": 0.0036152999382466078}}}, {"_id": "2021:10:20:13:25:18.501464", "Trace Message Type": "GenericMethodTraceMsg", "Trace Message": {"req": {"backend_type": "DirectPySerialDevice", "backend_instance_id": 3, "method_name": "write", "args": {"data": {"command_name": "IN_NAME", "value": null}}, "id": 121, "time_profile": {"id": 120, "arrival_time": "2021:10:20:13:25:17.440387", "departure_time": "2021:10:20:13:25:17.497352"}}, "resp": {"exception": "None", "resp": "None"}, "profile": {"mo": 3, "exec_time_sec": 0.0001829999964684248}}}, {"_id": "2021:10:20:13:25:18.571527", "Trace Message Type": "GenericMethodTraceMsg", "Trace Message": {"req": {"backend_type": "DirectPySerialDevice", "backend_instance_id": 3, "method_name": "get_input_size", "args": {}, "id": 122, "time_profile": {"id": 121, "arrival_time": "2021:10:20:13:25:17.497352", "departure_time": "2021:10:20:13:25:17.565311"}}, "resp": {"exception": "None", "resp": "13"}, "profile": {"mo": 3, "exec_time_sec": 6.489999941550195e-05}}}, {"_id": "2021:10:20:13:25:18.626686", "Trace Message Type": "GenericMethodTraceMsg", "Trace Message": {"req": {"backend_type": "DirectPySerialDevice", "backend_instance_id": 3, "method_name": "read", "args": {"num_bytes": "13", "raw": "True"}, "id": 123, "time_profile": {"id": 122, "arrival_time": "2021:10:20:13:25:17.565311", "departure_time": "2021:10:20:13:25:17.635267"}}, "resp": {"exception": "None", "resp": {"device_name": "RCT"}}, "profile": {"mo": 3, "exec_time_sec": 7.500000356230885e-05}}}, {"_id": "2021:10:20:13:25:18.690778", "Trace Message Type": "GenericMethodTraceMsg", "Trace Message": {"req": {"backend_type": "DirectPySerialDevice", "backend_instance_id": 3, "method_name": "write", "args": {"data": {"command_name": "IN_PV_1", "value": null}}, "id": 124, "time_profile": {"id": 123, "arrival_time": "2021:10:20:13:25:17.635267", "departure_time": "2021:10:20:13:25:17.691232"}}, "resp": {"exception": "None", "resp": "None"}, "profile": {"mo": 3, "exec_time_sec": 0.00012040000001434237}}}, {"_id": "2021:10:20:13:25:18.749812", "Trace Message Type": "GenericMethodTraceMsg", "Trace Message": {"req": {"backend_type": "DirectPySerialDevice", "backend_instance_id": 3, "method_name": "get_input_size", "args": {}, "id": 125, "time_profile": {"id": 124, "arrival_time": "2021:10:20:13:25:17.698228", "departure_time": "2021:10:20:13:25:17.755193"}}, "resp": {"exception": "None", "resp": "8"}, "profile": {"mo": 3, "exec_time_sec": 3.099999958067201e-05}}}, {"_id": "2021:10:20:13:25:18.810685", "Trace Message Type": "GenericMethodTraceMsg", "Trace Message": {"req": {"backend_type": "DirectPySerialDevice", "backend_instance_id": 3, "method_name": "read", "args": {"num_bytes": "8", "raw": "True"}, "id": 126, "time_profile": {"id": 125, "arrival_time": "2021:10:20:13:25:17.755193", "departure_time": "2021:10:20:13:25:17.815157"}}, "resp": {"exception": "None", "resp": {"external_sensor_value": "26.0"}}, "profile": {"mo": 3, "exec_time_sec": 9.619999764254317e-05}}}, {"_id": "2021:10:20:13:25:18.867598", "Trace Message Type": "GenericMethodTraceMsg", "Trace Message": {"req": {"backend_type": "DirectPySerialDevice", "backend_instance_id": 3, "method_name": "write", "args": {"data": {"command_name": "IN_PV_2", "value": null}}, "id": 127, "time_profile": {"id": 126, "arrival_time": "2021:10:20:13:25:17.815157", "departure_time": "2021:10:20:13:25:17.875120"}}, "resp": {"exception": "None", "resp": "None"}, "profile": {"mo": 3, "exec_time_sec": 0.0001554000045871362}}}, {"_id": "2021:10:20:13:25:18.933508", "Trace Message Type": "GenericMethodTraceMsg", "Trace Message": {"req": {"backend_type": "DirectPySerialDevice", "backend_instance_id": 3, "method_name": "get_input_size", "args": {}, "id": 128, "time_profile": {"id": 127, "arrival_time": "2021:10:20:13:25:17.875120", "departure_time": "2021:10:20:13:25:17.932084"}}, "resp": {"exception": "None", "resp": "8"}, "profile": {"mo": 3, "exec_time_sec": 4.1700001020217314e-05}}}, {"_id": "2021:10:20:13:25:18.999336", "Trace Message Type": "GenericMethodTraceMsg", "Trace Message": {"req": {"backend_type": "DirectPySerialDevice", "backend_instance_id": 3, "method_name": "read", "args": {"num_bytes": "8", "raw": "True"}, "id": 129, "time_profile": {"id": 128, "arrival_time": "2021:10:20:13:25:17.932084", "departure_time": "2021:10:20:13:25:17.998045"}}, "resp": {"exception": "None", "resp": {"hotplate_sensor_value": "28.0"}}, "profile": {"mo": 3, "exec_time_sec": 4.780000017490238e-05}}}, {"_id": "2021:10:20:13:25:19.059408", "Trace Message Type": "GenericMethodTraceMsg", "Trace Message": {"req": {"backend_type": "DirectPySerialDevice", "backend_instance_id": 3, "method_name": "write", "args": {"data": {"command_name": "IN_SP_1", "value": null}}, "id": 130, "time_profile": {"id": 129, "arrival_time": "2021:10:20:13:25:17.998045", "departure_time": "2021:10:20:13:25:18.063006"}}, "resp": {"exception": "None", "resp": "None"}, "profile": {"mo": 3, "exec_time_sec": 0.00014319999900180846}}}, {"_id": "2021:10:20:13:25:19.116298", "Trace Message Type": "GenericMethodTraceMsg", "Trace Message": {"req": {"backend_type": "DirectPySerialDevice", "backend_instance_id": 3, "method_name": "get_input_size", "args": {}, "id": 131, "time_profile": {"id": 130, "arrival_time": "2021:10:20:13:25:18.063006", "departure_time": "2021:10:20:13:25:18.122969"}}, "resp": {"exception": "None", "resp": "8"}, "profile": {"mo": 3, "exec_time_sec": 5.070000042906031e-05}}}, {"_id": "2021:10:20:13:25:19.178421", "Trace Message Type": "GenericMethodTraceMsg", "Trace Message": {"req": {"backend_type": "DirectPySerialDevice", "backend_instance_id": 3, "method_name": "read", "args": {"num_bytes": "8", "raw": "True"}, "id": 132, "time_profile": {"id": 131, "arrival_time": "2021:10:20:13:25:18.123968", "departure_time": "2021:10:20:13:25:18.184930"}}, "resp": {"exception": "None", "resp": {"rated_temperature_value": "22.0"}}, "profile": {"mo": 3, "exec_time_sec": 8.569999772589654e-05}}}, {"_id": "2021:10:20:13:25:19.234265", "Trace Message Type": "GenericMethodTraceMsg", "Trace Message": {"req": {"backend_type": "DirectPySerialDevice", "backend_instance_id": 3, "method_name": "write", "args": {"data": {"command_name": "IN_PV_4", "value": null}}, "id": 133, "time_profile": {"id": 132, "arrival_time": "2021:10:20:13:25:18.184930", "departure_time": "2021:10:20:13:25:18.242894"}}, "resp": {"exception": "None", "resp": "None"}, "profile": {"mo": 3, "exec_time_sec": 0.00019530000281520188}}}, {"_id": "2021:10:20:13:25:19.294104", "Trace Message Type": "GenericMethodTraceMsg", "Trace Message": {"req": {"backend_type": "DirectPySerialDevice", "backend_instance_id": 3, "method_name": "get_input_size", "args": {}, "id": 134, "time_profile": {"id": 133, "arrival_time": "2021:10:20:13:25:18.242894", "departure_time": "2021:10:20:13:25:18.298858"}}, "resp": {"exception": "None", "resp": "7"}, "profile": {"mo": 3, "exec_time_sec": 4.220000118948519e-05}}}, {"_id": "2021:10:20:13:25:19.352944", "Trace Message Type": "GenericMethodTraceMsg", "Trace Message": {"req": {"backend_type": "DirectPySerialDevice", "backend_instance_id": 3, "method_name": "read", "args": {"num_bytes": "7", "raw": "True"}, "id": 135, "time_profile": {"id": 134, "arrival_time": "2021:10:20:13:25:18.298858", "departure_time": "2021:10:20:13:25:18.358823"}}, "resp": {"exception": "None", "resp": {"stirring_speed_value": "0.0"}}, "profile": {"mo": 3, "exec_time_sec": 0.00013129999570082873}}}, {"_id": "2021:10:20:13:25:19.408460", "Trace Message Type": "GenericMethodTraceMsg", "Trace Message": {"req": {"backend_type": "DirectPySerialDevice", "backend_instance_id": 3, "method_name": "write", "args": {"data": {"command_name": "IN_SP_4", "value": null}}, "id": 136, "time_profile": {"id": 135, "arrival_time": "2021:10:20:13:25:18.358823", "departure_time": "2021:10:20:13:25:18.416788"}}, "resp": {"exception": "None", "resp": "None"}, "profile": {"mo": 3, "exec_time_sec": 0.00019439999596215785}}}, {"_id": "2021:10:20:13:25:19.466277", "Trace Message Type": "GenericMethodTraceMsg", "Trace Message": {"req": {"backend_type": "DirectPySerialDevice", "backend_instance_id": 3, "method_name": "get_input_size", "args": {}, "id": 137, "time_profile": {"id": 136, "arrival_time": "2021:10:20:13:25:18.416788", "departure_time": "2021:10:20:13:25:18.474752"}}, "resp": {"exception": "None", "resp": "10"}, "profile": {"mo": 3, "exec_time_sec": 3.310000101919286e-05}}}, {"_id": "2021:10:20:13:25:19.539080", "Trace Message Type": "GenericMethodTraceMsg", "Trace Message": {"req": {"backend_type": "DirectPySerialDevice", "backend_instance_id": 3, "method_name": "read", "args": {"num_bytes": "10", "raw": "True"}, "id": 138, "time_profile": {"id": 137, "arrival_time": "2021:10:20:13:25:18.474752", "departure_time": "2021:10:20:13:25:18.530717"}}, "resp": {"exception": "None", "resp": {"speed_value": "1500.0"}}, "profile": {"mo": 3, "exec_time_sec": 0.00013499999477062374}}}, {"_id": "2021:10:20:13:25:19.608893", "Trace Message Type": "GenericMethodTraceMsg", "Trace Message": {"req": {"backend_type": "DirectPySerialDevice", "backend_instance_id": 3, "method_name": "write", "args": {"data": {"command_name": "STOP_4", "value": null}}, "id": 139, "time_profile": {"id": 138, "arrival_time": "2021:10:20:13:25:18.530717", "departure_time": "2021:10:20:13:25:18.603673"}}, "resp": {"exception": "None", "resp": "None"}, "profile": {"mo": 3, "exec_time_sec": 0.00017080000543501228}}}, {"_id": "2021:10:20:13:25:19.685687", "Trace Message Type": "GenericMethodTraceMsg", "Trace Message": {"req": {"backend_type": "DirectPySerialDevice", "backend_instance_id": 3, "method_name": "write", "args": {"data": {"command_name": "STOP_1", "value": null}}, "id": 140, "time_profile": {"id": 139, "arrival_time": "2021:10:20:13:25:18.614666", "departure_time": "2021:10:20:13:25:18.672630"}}, "resp": {"exception": "None", "resp": "None"}, "profile": {"mo": 3, "exec_time_sec": 0.00016320000577252358}}}, {"_id": "2021:10:20:13:25:33.381484", "Trace Message Type": "InitializeTraceMsg", "Trace Message": {"req": {"backend_type": "DirectArduinoAugmentedQuantos", "backend_instance_id": 4, "args": {"logging_level": "10", "address": "13", "serial_port": "None", "tcp_port": "None", "perfect_counts": "8700"}, "stacktrace": "[<FrameSummary file C:/Users/User/PycharmProjects/automated_solubility_h1/n9/tests/random_tests.py, line 14 in <module>>, <FrameSummary file <frozen importlib._bootstrap>, line 971 in _find_and_load>, <FrameSummary file <frozen importlib._bootstrap>, line 955 in _find_and_load_unlocked>, <FrameSummary file <frozen importlib._bootstrap>, line 665 in _load_unlocked>, <FrameSummary file <frozen importlib._bootstrap_external>, line 678 in exec_module>, <FrameSummary file <frozen importlib._bootstrap>, line 219 in _call_with_frames_removed>, <FrameSummary file C:\\Users\\User\\PycharmProjects\\automated_solubility_h1\\n9\\experiments\\capping_uncapping.py, line 3 in <module>>, <FrameSummary file <frozen importlib._bootstrap>, line 1023 in _handle_fromlist>, <FrameSummary file <frozen importlib._bootstrap>, line 219 in _call_with_frames_removed>, <FrameSummary file <frozen importlib._bootstrap>, line 971 in _find_and_load>, <FrameSummary file <frozen importlib._bootstrap>, line 955 in _find_and_load_unlocked>, <FrameSummary file <frozen importlib._bootstrap>, line 665 in _load_unlocked>, <FrameSummary file <frozen importlib._bootstrap_external>, line 678 in exec_module>, <FrameSummary file <frozen importlib._bootstrap>, line 219 in _call_with_frames_removed>, <FrameSummary file C:\\Users\\User\\PycharmProjects\\automated_solubility_h1\\n9\\configuration\\deck.py, line 116 in <module>>, <FrameSummary file C:\\Users\\User\\PycharmProjects\\automated_solubility_h1\\venv\\lib\\site-packages\\niraapad\\backends.py, line 668 in __init__>, <FrameSummary file C:\\Users\\User\\PycharmProjects\\automated_solubility_h1\\venv\\lib\\site-packages\\niraapad\\lab_computer\\niraapad_client.py, line 558 in initialize>]", "id": 141, "time_profile": {"id": 140, "arrival_time": "2021:10:20:13:25:18.687620", "departure_time": "2021:10:20:13:25:18.749584"}}, "resp": {"exception": "None"}, "profile": {"mo": 2, "exec_time_sec": 13.686845779418945}}}, {"_id": "2021:10:20:13:25:33.442880", "Trace Message Type": "GenericMethodTraceMsg", "Trace Message": {"req": {"backend_type": "DirectArduinoAugmentedQuantos", "backend_instance_id": 4, "method_name": "set_home_direction", "args": {"direction": "0"}, "id": 142, "time_profile": {"id": 141, "arrival_time": "2021:10:20:13:25:18.754585", "departure_time": "2021:10:20:13:25:32.446173"}}, "resp": {"exception": "None", "resp": "None"}, "profile": {"mo": 2, "exec_time_sec": 0.010972900316119194}}}, {"_id": "2021:10:20:13:25:34.781824", "Trace Message Type": "InitializeTraceMsg", "Trace Message": {"req": {"backend_type": "DirectUR3Arm", "backend_instance_id": 5, "args": {"host": "192.168.254.88", "default_velocity": "250", "max_velocity": "500", "position_units": "Units.MILLIMETERS", "default_joint_velocity": "20.0", "max_joint_velocity": "180.0", "gripper_default_velocity": "0.5", "gripper_default_force": "0.5", "gripper_id": "1", "gripper_base_port": "63352", "gripper_connect": "True", "connect": "True"}, "stacktrace": "[<FrameSummary file C:/Users/User/PycharmProjects/automated_solubility_h1/n9/tests/random_tests.py, line 15 in <module>>, <FrameSummary file <frozen importlib._bootstrap>, line 971 in _find_and_load>, <FrameSummary file <frozen importlib._bootstrap>, line 955 in _find_and_load_unlocked>, <FrameSummary file <frozen importlib._bootstrap>, line 665 in _load_unlocked>, <FrameSummary file <frozen importlib._bootstrap_external>, line 678 in exec_module>, <FrameSummary file <frozen importlib._bootstrap>, line 219 in _call_with_frames_removed>, <FrameSummary file C:\\Users\\User\\PycharmProjects\\automated_solubility_h1\\n9\\experiments\\crystal_solubility_profiling\\crystal_profiling_preparation_A.py, line 7 in <module>>, <FrameSummary file <frozen importlib._bootstrap>, line 1023 in _handle_fromlist>, <FrameSummary file <frozen importlib._bootstrap>, line 219 in _call_with_frames_removed>, <FrameSummary file <frozen importlib._bootstrap>, line 971 in _find_and_load>, <FrameSummary file <frozen importlib._bootstrap>, line 955 in _find_and_load_unlocked>, <FrameSummary file <frozen importlib._bootstrap>, line 665 in _load_unlocked>, <FrameSummary file <frozen importlib._bootstrap_external>, line 678 in exec_module>, <FrameSummary file <frozen importlib._bootstrap>, line 219 in _call_with_frames_removed>, <FrameSummary file C:\\Users\\User\\PycharmProjects\\automated_solubility_h1\\ur\\configuration\\ur_deck.py, line 2 in <module>>, <FrameSummary file C:\\Users\\User\\PycharmProjects\\automated_solubility_h1\\venv\\lib\\site-packages\\niraapad\\backends.py, line 365 in __init__>, <FrameSummary file C:\\Users\\User\\PycharmProjects\\automated_solubility_h1\\venv\\lib\\site-packages\\niraapad\\lab_computer\\niraapad_client.py, line 558 in initialize>]", "id": 143, "time_profile": {"id": 142, "arrival_time": "2021:10:20:13:25:32.446173", "departure_time": "2021:10:20:13:25:32.509136"}}, "resp": {"exception": "None"}, "profile": {"mo": 3, "exec_time_sec": 0.3972609043121338}}}, {"_id": "2021:10:20:13:25:34.984552", "Trace Message Type": "GenericMethodTraceMsg", "Trace Message": {"req": {"backend_type": "DirectPySerialDevice", "backend_instance_id": 3, "method_name": "write", "args": {"data": {"command_name": "OUT_SP_1", "value": "30"}}, "id": 144, "time_profile": {"id": 143, "arrival_time": "2021:10:20:13:25:33.444559", "departure_time": "2021:10:20:13:25:33.846313"}}, "resp": {"exception": "None", "resp": "None"}, "profile": {"mo": 3, "exec_time_sec": 0.000304899993352592}}}, {"_id": "2021:10:20:13:25:35.003493", "Trace Message Type": "GenericMethodTraceMsg", "Trace Message": {"req": {"backend_type": "DirectPySerialDevice", "backend_instance_id": 3, "method_name": "write", "args": {"data": {"command_name": "START_1", "value": null}}, "id": 145, "time_profile": {"id": 144, "arrival_time": "2021:10:20:13:25:34.040195", "departure_time": "2021:10:20:13:25:34.050189"}}, "resp": {"exception": "None", "resp": "None"}, "profile": {"mo": 3, "exec_time_sec": 0.00018760000239126384}}}, {"_id": "2021:10:20:13:26:05.022984", "Trace Message Type": "GenericMethodTraceMsg", "Trace Message": {"req": {"backend_type": "DirectPySerialDevice", "backend_instance_id": 3, "method_name": "write", "args": {"data": {"command_name": "STOP_1", "value": null}}, "id": 146, "time_profile": {"id": 145, "arrival_time": "2021:10:20:13:25:34.061182", "departure_time": "2021:10:20:13:25:34.075177"}}, "resp": {"exception": "None", "resp": "None"}, "profile": {"mo": 3, "exec_time_sec": 0.00015140000323299319}}}, {"_id": "2021:10:20:13:26:59.315318", "Trace Message Type": "StopServerTraceMsg", "Trace Message": {}}]}