{"Traces": [{"_id": "2021:10:18:15:00:54.949838", "Trace Message Type": "StartServerTraceMsg", "Trace Message": {}}, {"_id": "2021:10:18:15:01:04.432807", "Trace Message Type": "DeleteConnectionTraceMsg", "Trace Message": {"req": {}, "resp": {"exception": "None"}}}, {"_id": "2021:10:18:15:01:04.434799", "Trace Message Type": "InitializeConnectionTraceMsg", "Trace Message": {"req": {}, "resp": {"exception": "None"}}}, {"_id": "2021:10:18:15:01:19.120142", "Trace Message Type": "InitializeTraceMsg", "Trace Message": {"req": {"backend_type": "DirectArduinoAugmentedQuantos", "backend_instance_id": 1, "args": {"logging_level": "10", "address": "13", "serial_port": "None", "tcp_port": "None", "perfect_counts": "8700"}, "stacktrace": "[<FrameSummary file C:/Users/User/PycharmProjects/automated_solubility_h1/n9/experiments/find_location.py, line 50 in <module>>, <FrameSummary file C:/Users/User/PycharmProjects/automated_solubility_h1/n9/experiments/find_location.py, line 26 in position_and_gripper>, <FrameSummary file C:\\Users\\User\\PycharmProjects\\automated_solubility_h1\\venv\\lib\\site-packages\\niraapad\\backends.py, line 668 in __init__>, <FrameSummary file C:\\Users\\User\\PycharmProjects\\automated_solubility_h1\\venv\\lib\\site-packages\\niraapad\\lab_computer\\niraapad_client.py, line 532 in initialize>]", "id": 81, "time_profile": {"id": 80, "arrival_time": "2021:10:18:15:01:05.306970", "departure_time": "2021:10:18:15:01:05.312966"}}, "resp": {"exception": "None"}, "profile": {"mo": 2, "exec_time_sec": 13.695706367492676}}}, {"_id": "2021:10:18:15:02:01.548473", "Trace Message Type": "GenericMethodTraceMsg", "Trace Message": {"req": {"backend_type": "DirectArduinoAugmentedQuantos", "backend_instance_id": 1, "method_name": "set_home_direction", "args": {"direction": "0"}, "id": 623, "time_profile": {"id": 622, "arrival_time": "2021:10:18:15:02:01.052344", "departure_time": "2021:10:18:15:02:01.295886"}}, "resp": {"exception": "None", "resp": "None"}, "profile": {"mo": 2, "exec_time_sec": 0.035961300134658813}}}, {"_id": "2021:10:18:15:02:23.902701", "Trace Message Type": "GenericMethodTraceMsg", "Trace Message": {"req": {"backend_type": "DirectArduinoAugmentedQuantos", "backend_instance_id": 1, "method_name": "set_home_direction", "args": {"direction": "0"}, "id": 1200, "time_profile": {"id": 1199, "arrival_time": "2021:10:18:15:02:23.395880", "departure_time": "2021:10:18:15:02:23.636240"}}, "resp": {"exception": "None", "resp": "None"}, "profile": {"mo": 2, "exec_time_sec": 0.04696260020136833}}}, {"_id": "2021:10:18:15:02:30.330367", "Trace Message Type": "StopServerTraceMsg", "Trace Message": {}}]}