{"Traces": [{"_id": "2021:10:20:13:16:08.971498", "Trace Message Type": "StartServerTraceMsg", "Trace Message": {}}, {"_id": "2021:10:20:13:16:16.099848", "Trace Message Type": "DeleteConnectionTraceMsg", "Trace Message": {"req": {}, "resp": {"exception": "None"}}}, {"_id": "2021:10:20:13:16:16.101847", "Trace Message Type": "InitializeConnectionTraceMsg", "Trace Message": {"req": {}, "resp": {"exception": "None"}}}, {"_id": "2021:10:20:13:16:17.727651", "Trace Message Type": "InitializeTraceMsg", "Trace Message": {"req": {"backend_type": "DirectFtdiDevice", "backend_instance_id": 1, "args": {"ftdi": "None"}, "stacktrace": "[<FrameSummary file C:/Users/User/PycharmProjects/automated_solubility_h1/n9/tests/random_tests.py, line 14 in <module>>, <FrameSummary file <frozen importlib._bootstrap>, line 971 in _find_and_load>, <FrameSummary file <frozen importlib._bootstrap>, line 955 in _find_and_load_unlocked>, <FrameSummary file <frozen importlib._bootstrap>, line 665 in _load_unlocked>, <FrameSummary file <frozen importlib._bootstrap_external>, line 678 in exec_module>, <FrameSummary file <frozen importlib._bootstrap>, line 219 in _call_with_frames_removed>, <FrameSummary file C:\\Users\\User\\PycharmProjects\\automated_solubility_h1\\n9\\experiments\\capping_uncapping.py, line 3 in <module>>, <FrameSummary file <frozen importlib._bootstrap>, line 1023 in _handle_fromlist>, <FrameSummary file <frozen importlib._bootstrap>, line 219 in _call_with_frames_removed>, <FrameSummary file <frozen importlib._bootstrap>, line 971 in _find_and_load>, <FrameSummary file <frozen importlib._bootstrap>, line 955 in _find_and_load_unlocked>, <FrameSummary file <frozen importlib._bootstrap>, line 665 in _load_unlocked>, <FrameSummary file <frozen importlib._bootstrap_external>, line 678 in exec_module>, <FrameSummary file <frozen importlib._bootstrap>, line 219 in _call_with_frames_removed>, <FrameSummary file C:\\Users\\User\\PycharmProjects\\automated_solubility_h1\\n9\\configuration\\deck.py, line 65 in <module>>, <FrameSummary file C:\\Users\\User\\PycharmProjects\\automated_solubility_h1\\venv\\lib\\site-packages\\north_c9\\controller.py, line 208 in __init__>, <FrameSummary file C:\\Users\\User\\PycharmProjects\\automated_solubility_h1\\venv\\lib\\site-packages\\ftdi_serial.py, line 418 in __init__>, <FrameSummary file C:\\Users\\User\\PycharmProjects\\automated_solubility_h1\\venv\\lib\\site-packages\\ftdi_serial.py, line 441 in connect>, <FrameSummary file C:\\Users\\User\\PycharmProjects\\automated_solubility_h1\\venv\\lib\\site-packages\\ftdi_serial.py, line 428 in open_device>, <FrameSummary file C:\\Users\\User\\PycharmProjects\\automated_solubility_h1\\venv\\lib\\site-packages\\niraapad\\backends.py, line 162 in __init__>, <FrameSummary file C:\\Users\\User\\PycharmProjects\\automated_solubility_h1\\venv\\lib\\site-packages\\niraapad\\lab_computer\\niraapad_client.py, line 558 in initialize>]", "id": 1}, "resp": {"exception": "None"}, "profile": {"mo": 3, "exec_time_sec": 0.027327800169587135}}}, {"_id": "2021:10:20:13:16:18.257687", "Trace Message Type": "GenericMethodTraceMsg", "Trace Message": {"req": {"backend_type": "DirectFtdiDevice", "backend_instance_id": 1, "method_name": "reset", "args": {}, "id": 2, "time_profile": {"id": 1, "arrival_time": "2021:10:20:13:16:16.764856", "departure_time": "2021:10:20:13:16:16.800834"}}, "resp": {"exception": "None", "resp": "None"}, "profile": {"mo": 3, "exec_time_sec": 0.27361369132995605}}}, {"_id": "2021:10:20:13:16:18.325600", "Trace Message Type": "GenericMethodTraceMsg", "Trace Message": {"req": {"backend_type": "DirectFtdiDevice", "backend_instance_id": 1, "method_name": "set_baud_rate", "args": {"baudrate": "115200"}, "id": 3, "time_profile": {"id": 2, "arrival_time": "2021:10:20:13:16:16.800834", "departure_time": "2021:10:20:13:16:17.329509"}}, "resp": {"exception": "None", "resp": "None"}, "profile": {"mo": 3, "exec_time_sec": 0.00019039999460801482}}}, {"_id": "2021:10:20:13:16:18.382454", "Trace Message Type": "GenericMethodTraceMsg", "Trace Message": {"req": {"backend_type": "DirectFtdiDevice", "backend_instance_id": 1, "method_name": "set_parameters", "args": {"data_bits": "0"}, "id": 4, "time_profile": {"id": 3, "arrival_time": "2021:10:20:13:16:17.329509", "departure_time": "2021:10:20:13:16:17.396467"}}, "resp": {"exception": "None", "resp": "None"}, "profile": {"mo": 3, "exec_time_sec": 0.0002595999976620078}}}, {"_id": "2021:10:20:13:16:18.441295", "Trace Message Type": "GenericMethodTraceMsg", "Trace Message": {"req": {"backend_type": "DirectFtdiDevice", "backend_instance_id": 1, "method_name": "set_timeouts", "args": {"read_timeout": "500"}, "id": 5, "time_profile": {"id": 4, "arrival_time": "2021:10:20:13:16:17.396467", "departure_time": "2021:10:20:13:16:17.454432"}}, "resp": {"exception": "None", "resp": "None"}, "profile": {"mo": 3, "exec_time_sec": 5.900000178371556e-05}}}, {"_id": "2021:10:20:13:16:18.496153", "Trace Message Type": "GenericMethodTraceMsg", "Trace Message": {"req": {"backend_type": "DirectFtdiDevice", "backend_instance_id": 1, "method_name": "set_timeouts", "args": {"read_timeout": "500"}, "id": 6, "time_profile": {"id": 5, "arrival_time": "2021:10:20:13:16:17.454432", "departure_time": "2021:10:20:13:16:17.512397"}}, "resp": {"exception": "None", "resp": "None"}, "profile": {"mo": 3, "exec_time_sec": 5.410000085248612e-05}}}, {"_id": "2021:10:20:13:16:18.552992", "Trace Message Type": "GenericMethodTraceMsg", "Trace Message": {"req": {"backend_type": "DirectFtdiDevice", "backend_instance_id": 1, "method_name": "write", "args": {"data": {"network_address": "@1", "99": "99", "crc": "2852", "sequence_no": "72", "command_name": "PING", "flags": {}, "args": {}, "command": ""}}, "id": 7, "time_profile": {"id": 6, "arrival_time": "2021:10:20:13:16:17.513397", "departure_time": "2021:10:20:13:16:17.567363"}}, "resp": {"exception": "None", "resp": "None"}, "profile": {"mo": 3, "exec_time_sec": 0.00014519999967887998}}}, {"_id": "2021:10:20:13:16:18.620837", "Trace Message Type": "GenericMethodTraceMsg", "Trace Message": {"req": {"backend_type": "DirectFtdiDevice", "backend_instance_id": 1, "method_name": "set_timeouts", "args": {"read_timeout": "500"}, "id": 8, "time_profile": {"id": 7, "arrival_time": "2021:10:20:13:16:17.567363", "departure_time": "2021:10:20:13:16:17.623331"}}, "resp": {"exception": "None", "resp": "None"}, "profile": {"mo": 3, "exec_time_sec": 1.759999940986745e-05}}}, {"_id": "2021:10:20:13:16:18.680654", "Trace Message Type": "GenericMethodTraceMsg", "Trace Message": {"req": {"backend_type": "DirectFtdiDevice", "backend_instance_id": 1, "method_name": "get_input_size", "args": {}, "id": 9, "time_profile": {"id": 8, "arrival_time": "2021:10:20:13:16:17.624328", "departure_time": "2021:10:20:13:16:17.693287"}}, "resp": {"exception": "None", "resp": "8"}, "profile": {"mo": 3, "exec_time_sec": 5.4299998737405986e-05}}}, {"_id": "2021:10:20:13:16:18.733513", "Trace Message Type": "GenericMethodTraceMsg", "Trace Message": {"req": {"backend_type": "DirectFtdiDevice", "backend_instance_id": 1, "method_name": "set_timeouts", "args": {"read_timeout": "500"}, "id": 10, "time_profile": {"id": 9, "arrival_time": "2021:10:20:13:16:17.693287", "departure_time": "2021:10:20:13:16:17.751250"}}, "resp": {"exception": "None", "resp": "None"}, "profile": {"mo": 3, "exec_time_sec": 1.6600000890321098e-05}}}, {"_id": "2021:10:20:13:16:18.792356", "Trace Message Type": "GenericMethodTraceMsg", "Trace Message": {"req": {"backend_type": "DirectFtdiDevice", "backend_instance_id": 1, "method_name": "read", "args": {"num_bytes": "8", "raw": "True"}, "id": 11, "time_profile": {"id": 10, "arrival_time": "2021:10:20:13:16:17.752248", "departure_time": "2021:10:20:13:16:17.807216"}}, "resp": {"exception": "None", "resp": "b'\\x80\\x03C\\x08\\x00\\r857E\\r\\nq\\x00.'"}, "profile": {"mo": 3, "exec_time_sec": 5.360000068321824e-05}}}, {"_id": "2021:10:20:13:16:18.848203", "Trace Message Type": "GenericMethodTraceMsg", "Trace Message": {"req": {"backend_type": "DirectFtdiDevice", "backend_instance_id": 1, "method_name": "set_timeouts", "args": {"read_timeout": "500"}, "id": 12, "time_profile": {"id": 11, "arrival_time": "2021:10:20:13:16:17.807216", "departure_time": "2021:10:20:13:16:17.863182"}}, "resp": {"exception": "None", "resp": "None"}, "profile": {"mo": 3, "exec_time_sec": 1.6199999663513154e-05}}}, {"_id": "2021:10:20:13:16:18.977856", "Trace Message Type": "GenericMethodTraceMsg", "Trace Message": {"req": {"backend_type": "DirectFtdiDevice", "backend_instance_id": 1, "method_name": "set_timeouts", "args": {"read_timeout": "500"}, "id": 13, "time_profile": {"id": 12, "arrival_time": "2021:10:20:13:16:17.863182", "departure_time": "2021:10:20:13:16:17.919147"}}, "resp": {"exception": "None", "resp": "None"}, "profile": {"mo": 3, "exec_time_sec": 1.6899999536690302e-05}}}, {"_id": "2021:10:20:13:16:19.031714", "Trace Message Type": "GenericMethodTraceMsg", "Trace Message": {"req": {"backend_type": "DirectFtdiDevice", "backend_instance_id": 1, "method_name": "write", "args": {"data": {"network_address": "@1", "99": "99", "crc": "2462", "sequence_no": "65", "command_name": "BIAS", "flags": {}, "args": {}, "command": ""}}, "id": 14, "time_profile": {"id": 13, "arrival_time": "2021:10:20:13:16:17.987106", "departure_time": "2021:10:20:13:16:18.049067"}}, "resp": {"exception": "None", "resp": "None"}, "profile": {"mo": 3, "exec_time_sec": 0.0003132999991066754}}}, {"_id": "2021:10:20:13:16:19.090106", "Trace Message Type": "GenericMethodTraceMsg", "Trace Message": {"req": {"backend_type": "DirectFtdiDevice", "backend_instance_id": 1, "method_name": "set_timeouts", "args": {"read_timeout": "500"}, "id": 15, "time_profile": {"id": 14, "arrival_time": "2021:10:20:13:16:18.049067", "departure_time": "2021:10:20:13:16:18.104034"}}, "resp": {"exception": "None", "resp": "None"}, "profile": {"mo": 3, "exec_time_sec": 6.0200000007171184e-05}}}, {"_id": "2021:10:20:13:16:19.149134", "Trace Message Type": "GenericMethodTraceMsg", "Trace Message": {"req": {"backend_type": "DirectFtdiDevice", "backend_instance_id": 1, "method_name": "get_input_size", "args": {}, "id": 16, "time_profile": {"id": 15, "arrival_time": "2021:10:20:13:16:18.104034", "departure_time": "2021:10:20:13:16:18.161998"}}, "resp": {"exception": "None", "resp": "9"}, "profile": {"mo": 3, "exec_time_sec": 2.1100000594742596e-05}}}, {"_id": "2021:10:20:13:16:19.204027", "Trace Message Type": "GenericMethodTraceMsg", "Trace Message": {"req": {"backend_type": "DirectFtdiDevice", "backend_instance_id": 1, "method_name": "set_timeouts", "args": {"read_timeout": "500"}, "id": 17, "time_profile": {"id": 16, "arrival_time": "2021:10:20:13:16:18.161998", "departure_time": "2021:10:20:13:16:18.220963"}}, "resp": {"exception": "None", "resp": "None"}, "profile": {"mo": 3, "exec_time_sec": 1.9600000086938962e-05}}}, {"_id": "2021:10:20:13:16:19.258950", "Trace Message Type": "GenericMethodTraceMsg", "Trace Message": {"req": {"backend_type": "DirectFtdiDevice", "backend_instance_id": 1, "method_name": "read", "args": {"num_bytes": "9", "raw": "True"}, "id": 18, "time_profile": {"id": 17, "arrival_time": "2021:10:20:13:16:18.220963", "departure_time": "2021:10:20:13:16:18.274929"}}, "resp": {"exception": "None", "resp": "b'\\x80\\x03C\\t2 \\r0A08\\r\\nq\\x00.'"}, "profile": {"mo": 3, "exec_time_sec": 0.00015150000399444252}}}, {"_id": "2021:10:20:13:16:19.322801", "Trace Message Type": "GenericMethodTraceMsg", "Trace Message": {"req": {"backend_type": "DirectFtdiDevice", "backend_instance_id": 1, "method_name": "set_timeouts", "args": {"read_timeout": "500"}, "id": 19, "time_profile": {"id": 18, "arrival_time": "2021:10:20:13:16:18.274929", "departure_time": "2021:10:20:13:16:18.329895"}}, "resp": {"exception": "None", "resp": "None"}, "profile": {"mo": 3, "exec_time_sec": 6.379999831551686e-05}}}, {"_id": "2021:10:20:13:16:19.406892", "Trace Message Type": "GenericMethodTraceMsg", "Trace Message": {"req": {"backend_type": "DirectFtdiDevice", "backend_instance_id": 1, "method_name": "set_timeouts", "args": {"read_timeout": "500"}, "id": 20, "time_profile": {"id": 19, "arrival_time": "2021:10:20:13:16:18.329895", "departure_time": "2021:10:20:13:16:18.395855"}}, "resp": {"exception": "None", "resp": "None"}, "profile": {"mo": 3, "exec_time_sec": 6.459999713115394e-05}}}, {"_id": "2021:10:20:13:16:19.466905", "Trace Message Type": "GenericMethodTraceMsg", "Trace Message": {"req": {"backend_type": "DirectFtdiDevice", "backend_instance_id": 1, "method_name": "write", "args": {"data": {"network_address": "@1", "99": "99", "crc": "1F81", "sequence_no": "74", "command_name": "SPED", "flags": {}, "args": {"velocity": "20000", "acceleration": "20000"}, "command": ""}}, "id": 21, "time_profile": {"id": 20, "arrival_time": "2021:10:20:13:16:18.424837", "departure_time": "2021:10:20:13:16:18.478803"}}, "resp": {"exception": "None", "resp": "None"}, "profile": {"mo": 3, "exec_time_sec": 0.000295600009849295}}}, {"_id": "2021:10:20:13:16:19.527736", "Trace Message Type": "GenericMethodTraceMsg", "Trace Message": {"req": {"backend_type": "DirectFtdiDevice", "backend_instance_id": 1, "method_name": "set_timeouts", "args": {"read_timeout": "500"}, "id": 22, "time_profile": {"id": 21, "arrival_time": "2021:10:20:13:16:18.478803", "departure_time": "2021:10:20:13:16:18.538766"}}, "resp": {"exception": "None", "resp": "None"}, "profile": {"mo": 3, "exec_time_sec": 1.5800000255694613e-05}}}, {"_id": "2021:10:20:13:16:19.592575", "Trace Message Type": "GenericMethodTraceMsg", "Trace Message": {"req": {"backend_type": "DirectFtdiDevice", "backend_instance_id": 1, "method_name": "get_input_size", "args": {}, "id": 23, "time_profile": {"id": 22, "arrival_time": "2021:10:20:13:16:18.538766", "departure_time": "2021:10:20:13:16:18.599729"}}, "resp": {"exception": "None", "resp": "19"}, "profile": {"mo": 3, "exec_time_sec": 7.599999662488699e-05}}}, {"_id": "2021:10:20:13:16:19.649462", "Trace Message Type": "GenericMethodTraceMsg", "Trace Message": {"req": {"backend_type": "DirectFtdiDevice", "backend_instance_id": 1, "method_name": "set_timeouts", "args": {"read_timeout": "500"}, "id": 24, "time_profile": {"id": 23, "arrival_time": "2021:10:20:13:16:18.599729", "departure_time": "2021:10:20:13:16:18.664690"}}, "resp": {"exception": "None", "resp": "None"}, "profile": {"mo": 3, "exec_time_sec": 6.070000017643906e-05}}}, {"_id": "2021:10:20:13:16:19.711252", "Trace Message Type": "GenericMethodTraceMsg", "Trace Message": {"req": {"backend_type": "DirectFtdiDevice", "backend_instance_id": 1, "method_name": "read", "args": {"num_bytes": "19", "raw": "True"}, "id": 25, "time_profile": {"id": 24, "arrival_time": "2021:10:20:13:16:18.664690", "departure_time": "2021:10:20:13:16:18.723652"}}, "resp": {"exception": "None", "resp": "b'\\x80\\x03C\\x1320000 20000 \\rC22D\\r\\nq\\x00.'"}, "profile": {"mo": 3, "exec_time_sec": 0.00020730000687763095}}}, {"_id": "2021:10:20:13:16:19.767454", "Trace Message Type": "GenericMethodTraceMsg", "Trace Message": {"req": {"backend_type": "DirectFtdiDevice", "backend_instance_id": 1, "method_name": "set_timeouts", "args": {"read_timeout": "500"}, "id": 26, "time_profile": {"id": 25, "arrival_time": "2021:10:20:13:16:18.723652", "departure_time": "2021:10:20:13:16:18.782617"}}, "resp": {"exception": "None", "resp": "None"}, "profile": {"mo": 3, "exec_time_sec": 1.7700000171316788e-05}}}, {"_id": "2021:10:20:13:16:19.823306", "Trace Message Type": "GenericMethodTraceMsg", "Trace Message": {"req": {"backend_type": "DirectFtdiDevice", "backend_instance_id": 1, "method_name": "set_timeouts", "args": {"read_timeout": "500"}, "id": 27, "time_profile": {"id": 26, "arrival_time": "2021:10:20:13:16:18.783618", "departure_time": "2021:10:20:13:16:18.838583"}}, "resp": {"exception": "None", "resp": "None"}, "profile": {"mo": 3, "exec_time_sec": 1.9799999790848233e-05}}}, {"_id": "2021:10:20:13:16:19.881151", "Trace Message Type": "GenericMethodTraceMsg", "Trace Message": {"req": {"backend_type": "DirectFtdiDevice", "backend_instance_id": 1, "method_name": "write", "args": {"data": {"network_address": "@1", "99": "99", "crc": "8229", "sequence_no": "76", "command_name": "BIAS", "flags": {}, "args": {"bias": "0"}, "command": ""}}, "id": 28, "time_profile": {"id": 27, "arrival_time": "2021:10:20:13:16:18.841581", "departure_time": "2021:10:20:13:16:18.901544"}}, "resp": {"exception": "None", "resp": "None"}, "profile": {"mo": 3, "exec_time_sec": 0.00022370000078808516}}}, {"_id": "2021:10:20:13:16:19.934009", "Trace Message Type": "GenericMethodTraceMsg", "Trace Message": {"req": {"backend_type": "DirectFtdiDevice", "backend_instance_id": 1, "method_name": "set_timeouts", "args": {"read_timeout": "500"}, "id": 29, "time_profile": {"id": 28, "arrival_time": "2021:10:20:13:16:18.901544", "departure_time": "2021:10:20:13:16:18.951514"}}, "resp": {"exception": "None", "resp": "None"}, "profile": {"mo": 3, "exec_time_sec": 1.759999940986745e-05}}}, {"_id": "2021:10:20:13:16:19.988910", "Trace Message Type": "GenericMethodTraceMsg", "Trace Message": {"req": {"backend_type": "DirectFtdiDevice", "backend_instance_id": 1, "method_name": "get_input_size", "args": {}, "id": 30, "time_profile": {"id": 29, "arrival_time": "2021:10:20:13:16:18.951514", "departure_time": "2021:10:20:13:16:19.004480"}}, "resp": {"exception": "None", "resp": "9"}, "profile": {"mo": 3, "exec_time_sec": 8.70000003487803e-05}}}, {"_id": "2021:10:20:13:16:20.048915", "Trace Message Type": "GenericMethodTraceMsg", "Trace Message": {"req": {"backend_type": "DirectFtdiDevice", "backend_instance_id": 1, "method_name": "set_timeouts", "args": {"read_timeout": "500"}, "id": 31, "time_profile": {"id": 30, "arrival_time": "2021:10:20:13:16:19.004480", "departure_time": "2021:10:20:13:16:19.060445"}}, "resp": {"exception": "None", "resp": "None"}, "profile": {"mo": 3, "exec_time_sec": 6.900000153109431e-05}}}, {"_id": "2021:10:20:13:16:20.107970", "Trace Message Type": "GenericMethodTraceMsg", "Trace Message": {"req": {"backend_type": "DirectFtdiDevice", "backend_instance_id": 1, "method_name": "read", "args": {"num_bytes": "9", "raw": "True"}, "id": 32, "time_profile": {"id": 31, "arrival_time": "2021:10:20:13:16:19.061446", "departure_time": "2021:10:20:13:16:19.121410"}}, "resp": {"exception": "None", "resp": "b'\\x80\\x03C\\t0 \\rCAA9\\r\\nq\\x00.'"}, "profile": {"mo": 3, "exec_time_sec": 2.350000067963265e-05}}}, {"_id": "2021:10:20:13:16:20.165874", "Trace Message Type": "GenericMethodTraceMsg", "Trace Message": {"req": {"backend_type": "DirectFtdiDevice", "backend_instance_id": 1, "method_name": "set_timeouts", "args": {"read_timeout": "500"}, "id": 33, "time_profile": {"id": 32, "arrival_time": "2021:10:20:13:16:19.121410", "departure_time": "2021:10:20:13:16:19.179374"}}, "resp": {"exception": "None", "resp": "None"}, "profile": {"mo": 3, "exec_time_sec": 1.8400000044493936e-05}}}, {"_id": "2021:10:20:13:16:20.225837", "Trace Message Type": "GenericMethodTraceMsg", "Trace Message": {"req": {"backend_type": "DirectFtdiDevice", "backend_instance_id": 1, "method_name": "set_timeouts", "args": {"read_timeout": "500"}, "id": 34, "time_profile": {"id": 33, "arrival_time": "2021:10:20:13:16:19.179374", "departure_time": "2021:10:20:13:16:19.236339"}}, "resp": {"exception": "None", "resp": "None"}, "profile": {"mo": 3, "exec_time_sec": 5.6400000175926834e-05}}}, {"_id": "2021:10:20:13:16:20.280681", "Trace Message Type": "GenericMethodTraceMsg", "Trace Message": {"req": {"backend_type": "DirectFtdiDevice", "backend_instance_id": 1, "method_name": "write", "args": {"data": {"network_address": "@1", "99": "99", "crc": "DE73", "sequence_no": "78", "command_name": "HOME", "flags": {"if_needed": "1"}, "args": {}, "command": ""}}, "id": 35, "time_profile": {"id": 34, "arrival_time": "2021:10:20:13:16:19.239337", "departure_time": "2021:10:20:13:16:19.297301"}}, "resp": {"exception": "None", "resp": "None"}, "profile": {"mo": 3, "exec_time_sec": 0.00023770000552758574}}}, {"_id": "2021:10:20:13:16:20.349518", "Trace Message Type": "GenericMethodTraceMsg", "Trace Message": {"req": {"backend_type": "DirectFtdiDevice", "backend_instance_id": 1, "method_name": "set_timeouts", "args": {"read_timeout": "500"}, "id": 36, "time_profile": {"id": 35, "arrival_time": "2021:10:20:13:16:19.297301", "departure_time": "2021:10:20:13:16:19.352266"}}, "resp": {"exception": "None", "resp": "None"}, "profile": {"mo": 3, "exec_time_sec": 2.5600000299164094e-05}}}, {"_id": "2021:10:20:13:16:20.416677", "Trace Message Type": "GenericMethodTraceMsg", "Trace Message": {"req": {"backend_type": "DirectFtdiDevice", "backend_instance_id": 1, "method_name": "get_input_size", "args": {}, "id": 37, "time_profile": {"id": 36, "arrival_time": "2021:10:20:13:16:19.352266", "departure_time": "2021:10:20:13:16:19.421224"}}, "resp": {"exception": "None", "resp": "28"}, "profile": {"mo": 3, "exec_time_sec": 7.850000110920519e-05}}}, {"_id": "2021:10:20:13:16:20.475663", "Trace Message Type": "GenericMethodTraceMsg", "Trace Message": {"req": {"backend_type": "DirectFtdiDevice", "backend_instance_id": 1, "method_name": "set_timeouts", "args": {"read_timeout": "500"}, "id": 38, "time_profile": {"id": 37, "arrival_time": "2021:10:20:13:16:19.421224", "departure_time": "2021:10:20:13:16:19.489185"}}, "resp": {"exception": "None", "resp": "None"}, "profile": {"mo": 3, "exec_time_sec": 2.9599999834317714e-05}}}, {"_id": "2021:10:20:13:16:20.530522", "Trace Message Type": "GenericMethodTraceMsg", "Trace Message": {"req": {"backend_type": "DirectFtdiDevice", "backend_instance_id": 1, "method_name": "read", "args": {"num_bytes": "28", "raw": "True"}, "id": 39, "time_profile": {"id": 38, "arrival_time": "2021:10:20:13:16:19.489185", "departure_time": "2021:10:20:13:16:19.546148"}}, "resp": {"exception": "None", "resp": "b'\\x80\\x03C\\x1c2433 10331 40824 522 \\r8ABB\\r\\nq\\x00.'"}, "profile": {"mo": 3, "exec_time_sec": 5.370000144466758e-05}}}, {"_id": "2021:10:20:13:16:20.596374", "Trace Message Type": "GenericMethodTraceMsg", "Trace Message": {"req": {"backend_type": "DirectFtdiDevice", "backend_instance_id": 1, "method_name": "set_timeouts", "args": {"read_timeout": "500"}, "id": 40, "time_profile": {"id": 39, "arrival_time": "2021:10:20:13:16:19.547147", "departure_time": "2021:10:20:13:16:19.602115"}}, "resp": {"exception": "None", "resp": "None"}, "profile": {"mo": 3, "exec_time_sec": 2.8700000257231295e-05}}}, {"_id": "2021:10:20:13:16:20.662645", "Trace Message Type": "GenericMethodTraceMsg", "Trace Message": {"req": {"backend_type": "DirectFtdiDevice", "backend_instance_id": 1, "method_name": "set_timeouts", "args": {"read_timeout": "500"}, "id": 41, "time_profile": {"id": 40, "arrival_time": "2021:10:20:13:16:19.602115", "departure_time": "2021:10:20:13:16:19.667073"}}, "resp": {"exception": "None", "resp": "None"}, "profile": {"mo": 3, "exec_time_sec": 3.600000127335079e-05}}}, {"_id": "2021:10:20:13:16:20.727471", "Trace Message Type": "GenericMethodTraceMsg", "Trace Message": {"req": {"backend_type": "DirectFtdiDevice", "backend_instance_id": 1, "method_name": "write", "args": {"data": {"network_address": "@1", "99": "99", "crc": "B1A4", "sequence_no": "80", "command_name": "CURR", "flags": {}, "args": {"axis": "0"}, "command": ""}}, "id": 42, "time_profile": {"id": 41, "arrival_time": "2021:10:20:13:16:19.670070", "departure_time": "2021:10:20:13:16:19.733034"}}, "resp": {"exception": "None", "resp": "None"}, "profile": {"mo": 3, "exec_time_sec": 0.00018509999790694565}}}, {"_id": "2021:10:20:13:16:20.782518", "Trace Message Type": "GenericMethodTraceMsg", "Trace Message": {"req": {"backend_type": "DirectFtdiDevice", "backend_instance_id": 1, "method_name": "set_timeouts", "args": {"read_timeout": "500"}, "id": 43, "time_profile": {"id": 42, "arrival_time": "2021:10:20:13:16:19.733034", "departure_time": "2021:10:20:13:16:19.797995"}}, "resp": {"exception": "None", "resp": "None"}, "profile": {"mo": 3, "exec_time_sec": 1.8900000213761814e-05}}}, {"_id": "2021:10:20:13:16:20.840610", "Trace Message Type": "GenericMethodTraceMsg", "Trace Message": {"req": {"backend_type": "DirectFtdiDevice", "backend_instance_id": 1, "method_name": "get_input_size", "args": {}, "id": 44, "time_profile": {"id": 43, "arrival_time": "2021:10:20:13:16:19.797995", "departure_time": "2021:10:20:13:16:19.852959"}}, "resp": {"exception": "None", "resp": "11"}, "profile": {"mo": 3, "exec_time_sec": 2.6899999284069054e-05}}}, {"_id": "2021:10:20:13:16:20.897458", "Trace Message Type": "GenericMethodTraceMsg", "Trace Message": {"req": {"backend_type": "DirectFtdiDevice", "backend_instance_id": 1, "method_name": "set_timeouts", "args": {"read_timeout": "500"}, "id": 45, "time_profile": {"id": 44, "arrival_time": "2021:10:20:13:16:19.852959", "departure_time": "2021:10:20:13:16:19.910926"}}, "resp": {"exception": "None", "resp": "None"}, "profile": {"mo": 3, "exec_time_sec": 1.8900000213761814e-05}}}, {"_id": "2021:10:20:13:16:20.954022", "Trace Message Type": "GenericMethodTraceMsg", "Trace Message": {"req": {"backend_type": "DirectFtdiDevice", "backend_instance_id": 1, "method_name": "read", "args": {"num_bytes": "11", "raw": "True"}, "id": 46, "time_profile": {"id": 45, "arrival_time": "2021:10:20:13:16:19.910926", "departure_time": "2021:10:20:13:16:19.967890"}}, "resp": {"exception": "None", "resp": "b'\\x80\\x03C\\x0b293 \\r5239\\r\\nq\\x00.'"}, "profile": {"mo": 3, "exec_time_sec": 0.0001064000025507994}}}, {"_id": "2021:10:20:13:16:21.019812", "Trace Message Type": "GenericMethodTraceMsg", "Trace Message": {"req": {"backend_type": "DirectFtdiDevice", "backend_instance_id": 1, "method_name": "set_timeouts", "args": {"read_timeout": "500"}, "id": 47, "time_profile": {"id": 46, "arrival_time": "2021:10:20:13:16:19.967890", "departure_time": "2021:10:20:13:16:20.024854"}}, "resp": {"exception": "None", "resp": "None"}, "profile": {"mo": 3, "exec_time_sec": 1.9600000086938962e-05}}}, {"_id": "2021:10:20:13:16:21.079653", "Trace Message Type": "GenericMethodTraceMsg", "Trace Message": {"req": {"backend_type": "DirectFtdiDevice", "backend_instance_id": 1, "method_name": "set_timeouts", "args": {"read_timeout": "500"}, "id": 48, "time_profile": {"id": 47, "arrival_time": "2021:10:20:13:16:20.024854", "departure_time": "2021:10:20:13:16:20.090814"}}, "resp": {"exception": "None", "resp": "None"}, "profile": {"mo": 3, "exec_time_sec": 4.949999856762588e-05}}}, {"_id": "2021:10:20:13:16:21.144481", "Trace Message Type": "GenericMethodTraceMsg", "Trace Message": {"req": {"backend_type": "DirectFtdiDevice", "backend_instance_id": 1, "method_name": "write", "args": {"data": {"network_address": "@1", "99": "99", "crc": "D1BD", "sequence_no": "82", "command_name": "CURR", "flags": {}, "args": {"axis": "0"}, "command": ""}}, "id": 49, "time_profile": {"id": 48, "arrival_time": "2021:10:20:13:16:20.093812", "departure_time": "2021:10:20:13:16:20.159771"}}, "resp": {"exception": "None", "resp": "None"}, "profile": {"mo": 3, "exec_time_sec": 0.00031549998675473034}}}, {"_id": "2021:10:20:13:16:21.206710", "Trace Message Type": "GenericMethodTraceMsg", "Trace Message": {"req": {"backend_type": "DirectFtdiDevice", "backend_instance_id": 1, "method_name": "set_timeouts", "args": {"read_timeout": "500"}, "id": 50, "time_profile": {"id": 49, "arrival_time": "2021:10:20:13:16:20.159771", "departure_time": "2021:10:20:13:16:20.216737"}}, "resp": {"exception": "None", "resp": "None"}, "profile": {"mo": 3, "exec_time_sec": 2.9599999834317714e-05}}}, {"_id": "2021:10:20:13:16:21.262773", "Trace Message Type": "GenericMethodTraceMsg", "Trace Message": {"req": {"backend_type": "DirectFtdiDevice", "backend_instance_id": 1, "method_name": "get_input_size", "args": {}, "id": 51, "time_profile": {"id": 50, "arrival_time": "2021:10:20:13:16:20.216737", "departure_time": "2021:10:20:13:16:20.277700"}}, "resp": {"exception": "None", "resp": "11"}, "profile": {"mo": 3, "exec_time_sec": 8.420000085607171e-05}}}, {"_id": "2021:10:20:13:16:21.321617", "Trace Message Type": "GenericMethodTraceMsg", "Trace Message": {"req": {"backend_type": "DirectFtdiDevice", "backend_instance_id": 1, "method_name": "set_timeouts", "args": {"read_timeout": "500"}, "id": 52, "time_profile": {"id": 51, "arrival_time": "2021:10:20:13:16:20.277700", "departure_time": "2021:10:20:13:16:20.334664"}}, "resp": {"exception": "None", "resp": "None"}, "profile": {"mo": 3, "exec_time_sec": 6.479999865405262e-05}}}, {"_id": "2021:10:20:13:16:21.372645", "Trace Message Type": "GenericMethodTraceMsg", "Trace Message": {"req": {"backend_type": "DirectFtdiDevice", "backend_instance_id": 1, "method_name": "read", "args": {"num_bytes": "11", "raw": "True"}, "id": 53, "time_profile": {"id": 52, "arrival_time": "2021:10:20:13:16:20.334664", "departure_time": "2021:10:20:13:16:20.393629"}}, "resp": {"exception": "None", "resp": "b'\\x80\\x03C\\x0b288 \\r6C49\\r\\nq\\x00.'"}, "profile": {"mo": 3, "exec_time_sec": 5.819999933009967e-05}}}, {"_id": "2021:10:20:13:16:21.428495", "Trace Message Type": "GenericMethodTraceMsg", "Trace Message": {"req": {"backend_type": "DirectFtdiDevice", "backend_instance_id": 1, "method_name": "set_timeouts", "args": {"read_timeout": "500"}, "id": 54, "time_profile": {"id": 53, "arrival_time": "2021:10:20:13:16:20.393629", "departure_time": "2021:10:20:13:16:20.443598"}}, "resp": {"exception": "None", "resp": "None"}, "profile": {"mo": 3, "exec_time_sec": 2.9799999538226984e-05}}}, {"_id": "2021:10:20:13:16:21.488336", "Trace Message Type": "GenericMethodTraceMsg", "Trace Message": {"req": {"backend_type": "DirectFtdiDevice", "backend_instance_id": 1, "method_name": "set_timeouts", "args": {"read_timeout": "500"}, "id": 55, "time_profile": {"id": 54, "arrival_time": "2021:10:20:13:16:20.443598", "departure_time": "2021:10:20:13:16:20.499563"}}, "resp": {"exception": "None", "resp": "None"}, "profile": {"mo": 3, "exec_time_sec": 2.9799999538226984e-05}}}, {"_id": "2021:10:20:13:16:21.549176", "Trace Message Type": "GenericMethodTraceMsg", "Trace Message": {"req": {"backend_type": "DirectFtdiDevice", "backend_instance_id": 1, "method_name": "write", "args": {"data": {"network_address": "@1", "99": "99", "crc": "7196", "sequence_no": "84", "command_name": "CURR", "flags": {}, "args": {"axis": "0"}, "command": ""}}, "id": 56, "time_profile": {"id": 55, "arrival_time": "2021:10:20:13:16:20.501563", "departure_time": "2021:10:20:13:16:20.558527"}}, "resp": {"exception": "None", "resp": "None"}, "profile": {"mo": 3, "exec_time_sec": 0.00016999999934341758}}}, {"_id": "2021:10:20:13:16:21.607266", "Trace Message Type": "GenericMethodTraceMsg", "Trace Message": {"req": {"backend_type": "DirectFtdiDevice", "backend_instance_id": 1, "method_name": "set_timeouts", "args": {"read_timeout": "500"}, "id": 57, "time_profile": {"id": 56, "arrival_time": "2021:10:20:13:16:20.558527", "departure_time": "2021:10:20:13:16:20.620489"}}, "resp": {"exception": "None", "resp": "None"}, "profile": {"mo": 3, "exec_time_sec": 2.700000004551839e-05}}}, {"_id": "2021:10:20:13:16:21.668408", "Trace Message Type": "GenericMethodTraceMsg", "Trace Message": {"req": {"backend_type": "DirectFtdiDevice", "backend_instance_id": 1, "method_name": "get_input_size", "args": {}, "id": 58, "time_profile": {"id": 57, "arrival_time": "2021:10:20:13:16:20.621488", "departure_time": "2021:10:20:13:16:20.678453"}}, "resp": {"exception": "None", "resp": "11"}, "profile": {"mo": 3, "exec_time_sec": 3.930000093532726e-05}}}, {"_id": "2021:10:20:13:16:21.734515", "Trace Message Type": "GenericMethodTraceMsg", "Trace Message": {"req": {"backend_type": "DirectFtdiDevice", "backend_instance_id": 1, "method_name": "set_timeouts", "args": {"read_timeout": "500"}, "id": 59, "time_profile": {"id": 58, "arrival_time": "2021:10:20:13:16:20.678453", "departure_time": "2021:10:20:13:16:20.739415"}}, "resp": {"exception": "None", "resp": "None"}, "profile": {"mo": 3, "exec_time_sec": 1.7700000171316788e-05}}}, {"_id": "2021:10:20:13:16:21.788378", "Trace Message Type": "GenericMethodTraceMsg", "Trace Message": {"req": {"backend_type": "DirectFtdiDevice", "backend_instance_id": 1, "method_name": "read", "args": {"num_bytes": "11", "raw": "True"}, "id": 60, "time_profile": {"id": 59, "arrival_time": "2021:10:20:13:16:20.739415", "departure_time": "2021:10:20:13:16:20.805374"}}, "resp": {"exception": "None", "resp": "b'\\x80\\x03C\\x0b290 \\r52C9\\r\\nq\\x00.'"}, "profile": {"mo": 3, "exec_time_sec": 0.00011310000263620168}}}, {"_id": "2021:10:20:13:16:21.851550", "Trace Message Type": "GenericMethodTraceMsg", "Trace Message": {"req": {"backend_type": "DirectFtdiDevice", "backend_instance_id": 1, "method_name": "set_timeouts", "args": {"read_timeout": "500"}, "id": 61, "time_profile": {"id": 60, "arrival_time": "2021:10:20:13:16:20.805374", "departure_time": "2021:10:20:13:16:20.860343"}}, "resp": {"exception": "None", "resp": "None"}, "profile": {"mo": 3, "exec_time_sec": 4.70000013592653e-05}}}, {"_id": "2021:10:20:13:16:21.915381", "Trace Message Type": "GenericMethodTraceMsg", "Trace Message": {"req": {"backend_type": "DirectFtdiDevice", "backend_instance_id": 1, "method_name": "set_timeouts", "args": {"read_timeout": "500"}, "id": 62, "time_profile": {"id": 61, "arrival_time": "2021:10:20:13:16:20.860343", "departure_time": "2021:10:20:13:16:20.923301"}}, "resp": {"exception": "None", "resp": "None"}, "profile": {"mo": 3, "exec_time_sec": 6.849999772384763e-05}}}, {"_id": "2021:10:20:13:16:21.971229", "Trace Message Type": "GenericMethodTraceMsg", "Trace Message": {"req": {"backend_type": "DirectFtdiDevice", "backend_instance_id": 1, "method_name": "write", "args": {"data": {"network_address": "@1", "99": "99", "crc": "118F", "sequence_no": "86", "command_name": "CURR", "flags": {}, "args": {"axis": "0"}, "command": ""}}, "id": 63, "time_profile": {"id": 62, "arrival_time": "2021:10:20:13:16:20.926300", "departure_time": "2021:10:20:13:16:20.987264"}}, "resp": {"exception": "None", "resp": "None"}, "profile": {"mo": 3, "exec_time_sec": 0.00012480000441428274}}}, {"_id": "2021:10:20:13:16:22.025117", "Trace Message Type": "GenericMethodTraceMsg", "Trace Message": {"req": {"backend_type": "DirectFtdiDevice", "backend_instance_id": 1, "method_name": "set_timeouts", "args": {"read_timeout": "500"}, "id": 64, "time_profile": {"id": 63, "arrival_time": "2021:10:20:13:16:20.987264", "departure_time": "2021:10:20:13:16:21.042229"}}, "resp": {"exception": "None", "resp": "None"}, "profile": {"mo": 3, "exec_time_sec": 3.0299999707494862e-05}}}, {"_id": "2021:10:20:13:16:22.085102", "Trace Message Type": "GenericMethodTraceMsg", "Trace Message": {"req": {"backend_type": "DirectFtdiDevice", "backend_instance_id": 1, "method_name": "get_input_size", "args": {}, "id": 65, "time_profile": {"id": 64, "arrival_time": "2021:10:20:13:16:21.042229", "departure_time": "2021:10:20:13:16:21.097196"}}, "resp": {"exception": "None", "resp": "11"}, "profile": {"mo": 3, "exec_time_sec": 2.429999949526973e-05}}}, {"_id": "2021:10:20:13:16:22.142958", "Trace Message Type": "GenericMethodTraceMsg", "Trace Message": {"req": {"backend_type": "DirectFtdiDevice", "backend_instance_id": 1, "method_name": "set_timeouts", "args": {"read_timeout": "500"}, "id": 66, "time_profile": {"id": 65, "arrival_time": "2021:10:20:13:16:21.097196", "departure_time": "2021:10:20:13:16:21.156160"}}, "resp": {"exception": "None", "resp": "None"}, "profile": {"mo": 3, "exec_time_sec": 2.010000025620684e-05}}}, {"_id": "2021:10:20:13:16:22.203796", "Trace Message Type": "GenericMethodTraceMsg", "Trace Message": {"req": {"backend_type": "DirectFtdiDevice", "backend_instance_id": 1, "method_name": "read", "args": {"num_bytes": "11", "raw": "True"}, "id": 67, "time_profile": {"id": 66, "arrival_time": "2021:10:20:13:16:21.156160", "departure_time": "2021:10:20:13:16:21.214124"}}, "resp": {"exception": "None", "resp": "b'\\x80\\x03C\\x0b292 \\r9268\\r\\nq\\x00.'"}, "profile": {"mo": 3, "exec_time_sec": 3.070000093430281e-05}}}, {"_id": "2021:10:20:13:16:22.259617", "Trace Message Type": "GenericMethodTraceMsg", "Trace Message": {"req": {"backend_type": "DirectFtdiDevice", "backend_instance_id": 1, "method_name": "set_timeouts", "args": {"read_timeout": "500"}, "id": 68, "time_profile": {"id": 67, "arrival_time": "2021:10:20:13:16:21.214124", "departure_time": "2021:10:20:13:16:21.275087"}}, "resp": {"exception": "None", "resp": "None"}, "profile": {"mo": 3, "exec_time_sec": 1.9600000086938962e-05}}}, {"_id": "2021:10:20:13:16:22.358359", "Trace Message Type": "GenericMethodTraceMsg", "Trace Message": {"req": {"backend_type": "DirectFtdiDevice", "backend_instance_id": 1, "method_name": "set_timeouts", "args": {"read_timeout": "500"}, "id": 69, "time_profile": {"id": 68, "arrival_time": "2021:10:20:13:16:21.275087", "departure_time": "2021:10:20:13:16:21.330053"}}, "resp": {"exception": "None", "resp": "None"}, "profile": {"mo": 3, "exec_time_sec": 6.790000043110922e-05}}}, {"_id": "2021:10:20:13:16:22.419726", "Trace Message Type": "GenericMethodTraceMsg", "Trace Message": {"req": {"backend_type": "DirectFtdiDevice", "backend_instance_id": 1, "method_name": "write", "args": {"data": {"network_address": "@1", "99": "99", "crc": "71C3", "sequence_no": "88", "command_name": "CURR", "flags": {}, "args": {"axis": "0"}, "command": ""}}, "id": 70, "time_profile": {"id": 69, "arrival_time": "2021:10:20:13:16:21.333051", "departure_time": "2021:10:20:13:16:21.429991"}}, "resp": {"exception": "None", "resp": "None"}, "profile": {"mo": 3, "exec_time_sec": 0.0002775999892037362}}}, {"_id": "2021:10:20:13:16:22.490284", "Trace Message Type": "GenericMethodTraceMsg", "Trace Message": {"req": {"backend_type": "DirectFtdiDevice", "backend_instance_id": 1, "method_name": "set_timeouts", "args": {"read_timeout": "500"}, "id": 71, "time_profile": {"id": 70, "arrival_time": "2021:10:20:13:16:21.429991", "departure_time": "2021:10:20:13:16:21.491954"}}, "resp": {"exception": "None", "resp": "None"}, "profile": {"mo": 3, "exec_time_sec": 5.750000127591193e-05}}}, {"_id": "2021:10:20:13:16:22.544176", "Trace Message Type": "GenericMethodTraceMsg", "Trace Message": {"req": {"backend_type": "DirectFtdiDevice", "backend_instance_id": 1, "method_name": "get_input_size", "args": {}, "id": 72, "time_profile": {"id": 71, "arrival_time": "2021:10:20:13:16:21.491954", "departure_time": "2021:10:20:13:16:21.561910"}}, "resp": {"exception": "None", "resp": "11"}, "profile": {"mo": 3, "exec_time_sec": 2.9299999368959107e-05}}}, {"_id": "2021:10:20:13:16:22.599193", "Trace Message Type": "GenericMethodTraceMsg", "Trace Message": {"req": {"backend_type": "DirectFtdiDevice", "backend_instance_id": 1, "method_name": "set_timeouts", "args": {"read_timeout": "500"}, "id": 73, "time_profile": {"id": 72, "arrival_time": "2021:10:20:13:16:21.561910", "departure_time": "2021:10:20:13:16:21.615878"}}, "resp": {"exception": "None", "resp": "None"}, "profile": {"mo": 3, "exec_time_sec": 2.7800000680144876e-05}}}, {"_id": "2021:10:20:13:16:22.650074", "Trace Message Type": "GenericMethodTraceMsg", "Trace Message": {"req": {"backend_type": "DirectFtdiDevice", "backend_instance_id": 1, "method_name": "read", "args": {"num_bytes": "11", "raw": "True"}, "id": 74, "time_profile": {"id": 73, "arrival_time": "2021:10:20:13:16:21.615878", "departure_time": "2021:10:20:13:16:21.669844"}}, "resp": {"exception": "None", "resp": "b'\\x80\\x03C\\x0b311 \\r32A7\\r\\nq\\x00.'"}, "profile": {"mo": 3, "exec_time_sec": 3.2500000088475645e-05}}}, {"_id": "2021:10:20:13:16:22.711909", "Trace Message Type": "GenericMethodTraceMsg", "Trace Message": {"req": {"backend_type": "DirectFtdiDevice", "backend_instance_id": 1, "method_name": "set_timeouts", "args": {"read_timeout": "500"}, "id": 75, "time_profile": {"id": 74, "arrival_time": "2021:10:20:13:16:21.669844", "departure_time": "2021:10:20:13:16:21.720813"}}, "resp": {"exception": "None", "resp": "None"}, "profile": {"mo": 3, "exec_time_sec": 2.0199999198666774e-05}}}, {"_id": "2021:10:20:13:16:22.785724", "Trace Message Type": "GenericMethodTraceMsg", "Trace Message": {"req": {"backend_type": "DirectFtdiDevice", "backend_instance_id": 1, "method_name": "set_timeouts", "args": {"read_timeout": "500"}, "id": 76, "time_profile": {"id": 75, "arrival_time": "2021:10:20:13:16:21.720813", "departure_time": "2021:10:20:13:16:21.783776"}}, "resp": {"exception": "None", "resp": "None"}, "profile": {"mo": 3, "exec_time_sec": 2.0900000890833326e-05}}}, {"_id": "2021:10:20:13:16:22.844563", "Trace Message Type": "GenericMethodTraceMsg", "Trace Message": {"req": {"backend_type": "DirectFtdiDevice", "backend_instance_id": 1, "method_name": "write", "args": {"data": {"network_address": "@1", "99": "99", "crc": "74F5", "sequence_no": "90", "command_name": "CURR", "flags": {}, "args": {"axis": "0"}, "command": ""}}, "id": 77, "time_profile": {"id": 76, "arrival_time": "2021:10:20:13:16:21.786774", "departure_time": "2021:10:20:13:16:21.859727"}}, "resp": {"exception": "None", "resp": "None"}, "profile": {"mo": 3, "exec_time_sec": 0.00015409999468829483}}}, {"_id": "2021:10:20:13:16:22.896428", "Trace Message Type": "GenericMethodTraceMsg", "Trace Message": {"req": {"backend_type": "DirectFtdiDevice", "backend_instance_id": 1, "method_name": "set_timeouts", "args": {"read_timeout": "500"}, "id": 78, "time_profile": {"id": 77, "arrival_time": "2021:10:20:13:16:21.859727", "departure_time": "2021:10:20:13:16:21.915694"}}, "resp": {"exception": "None", "resp": "None"}, "profile": {"mo": 3, "exec_time_sec": 2.9400000130408444e-05}}}, {"_id": "2021:10:20:13:16:22.953480", "Trace Message Type": "GenericMethodTraceMsg", "Trace Message": {"req": {"backend_type": "DirectFtdiDevice", "backend_instance_id": 1, "method_name": "get_input_size", "args": {}, "id": 79, "time_profile": {"id": 78, "arrival_time": "2021:10:20:13:16:21.915694", "departure_time": "2021:10:20:13:16:21.967662"}}, "resp": {"exception": "None", "resp": "11"}, "profile": {"mo": 3, "exec_time_sec": 2.4599999960628338e-05}}}, {"_id": "2021:10:20:13:16:23.008512", "Trace Message Type": "GenericMethodTraceMsg", "Trace Message": {"req": {"backend_type": "DirectFtdiDevice", "backend_instance_id": 1, "method_name": "set_timeouts", "args": {"read_timeout": "500"}, "id": 80, "time_profile": {"id": 79, "arrival_time": "2021:10:20:13:16:21.967662", "departure_time": "2021:10:20:13:16:22.024627"}}, "resp": {"exception": "None", "resp": "None"}, "profile": {"mo": 3, "exec_time_sec": 3.300000025774352e-05}}}, {"_id": "2021:10:20:13:16:23.064146", "Trace Message Type": "GenericMethodTraceMsg", "Trace Message": {"req": {"backend_type": "DirectFtdiDevice", "backend_instance_id": 1, "method_name": "read", "args": {"num_bytes": "11", "raw": "True"}, "id": 81, "time_profile": {"id": 80, "arrival_time": "2021:10:20:13:16:22.024627", "departure_time": "2021:10:20:13:16:22.079593"}}, "resp": {"exception": "None", "resp": "b'\\x80\\x03C\\x0b308 \\rCC76\\r\\nq\\x00.'"}, "profile": {"mo": 3, "exec_time_sec": 3.260000084992498e-05}}}, {"_id": "2021:10:20:13:16:23.123634", "Trace Message Type": "GenericMethodTraceMsg", "Trace Message": {"req": {"backend_type": "DirectFtdiDevice", "backend_instance_id": 1, "method_name": "set_timeouts", "args": {"read_timeout": "500"}, "id": 82, "time_profile": {"id": 81, "arrival_time": "2021:10:20:13:16:22.079593", "departure_time": "2021:10:20:13:16:22.135559"}}, "resp": {"exception": "None", "resp": "None"}, "profile": {"mo": 3, "exec_time_sec": 3.7000001611886546e-05}}}, {"_id": "2021:10:20:13:16:23.184156", "Trace Message Type": "GenericMethodTraceMsg", "Trace Message": {"req": {"backend_type": "DirectFtdiDevice", "backend_instance_id": 1, "method_name": "set_timeouts", "args": {"read_timeout": "500"}, "id": 83, "time_profile": {"id": 82, "arrival_time": "2021:10:20:13:16:22.135559", "departure_time": "2021:10:20:13:16:22.195522"}}, "resp": {"exception": "None", "resp": "None"}, "profile": {"mo": 3, "exec_time_sec": 5.18000015290454e-05}}}, {"_id": "2021:10:20:13:16:23.246473", "Trace Message Type": "GenericMethodTraceMsg", "Trace Message": {"req": {"backend_type": "DirectFtdiDevice", "backend_instance_id": 1, "method_name": "write", "args": {"data": {"network_address": "@1", "99": "99", "crc": "14EC", "sequence_no": "92", "command_name": "CURR", "flags": {}, "args": {"axis": "0"}, "command": ""}}, "id": 84, "time_profile": {"id": 83, "arrival_time": "2021:10:20:13:16:22.198520", "departure_time": "2021:10:20:13:16:22.256484"}}, "resp": {"exception": "None", "resp": "None"}, "profile": {"mo": 3, "exec_time_sec": 0.00019419999443925917}}}, {"_id": "2021:10:20:13:16:23.300329", "Trace Message Type": "GenericMethodTraceMsg", "Trace Message": {"req": {"backend_type": "DirectFtdiDevice", "backend_instance_id": 1, "method_name": "set_timeouts", "args": {"read_timeout": "500"}, "id": 85, "time_profile": {"id": 84, "arrival_time": "2021:10:20:13:16:22.256484", "departure_time": "2021:10:20:13:16:22.319446"}}, "resp": {"exception": "None", "resp": "None"}, "profile": {"mo": 3, "exec_time_sec": 2.6699999580159783e-05}}}, {"_id": "2021:10:20:13:16:23.355599", "Trace Message Type": "GenericMethodTraceMsg", "Trace Message": {"req": {"backend_type": "DirectFtdiDevice", "backend_instance_id": 1, "method_name": "get_input_size", "args": {}, "id": 86, "time_profile": {"id": 85, "arrival_time": "2021:10:20:13:16:22.319446", "departure_time": "2021:10:20:13:16:22.371414"}}, "resp": {"exception": "None", "resp": "11"}, "profile": {"mo": 3, "exec_time_sec": 2.3399999918183312e-05}}}, {"_id": "2021:10:20:13:16:23.411111", "Trace Message Type": "GenericMethodTraceMsg", "Trace Message": {"req": {"backend_type": "DirectFtdiDevice", "backend_instance_id": 1, "method_name": "set_timeouts", "args": {"read_timeout": "500"}, "id": 87, "time_profile": {"id": 86, "arrival_time": "2021:10:20:13:16:22.371414", "departure_time": "2021:10:20:13:16:22.426378"}}, "resp": {"exception": "None", "resp": "None"}, "profile": {"mo": 3, "exec_time_sec": 2.029999996011611e-05}}}, {"_id": "2021:10:20:13:16:23.463979", "Trace Message Type": "GenericMethodTraceMsg", "Trace Message": {"req": {"backend_type": "DirectFtdiDevice", "backend_instance_id": 1, "method_name": "read", "args": {"num_bytes": "11", "raw": "True"}, "id": 88, "time_profile": {"id": 87, "arrival_time": "2021:10:20:13:16:22.426378", "departure_time": "2021:10:20:13:16:22.482344"}}, "resp": {"exception": "None", "resp": "b'\\x80\\x03C\\x0b302 \\rCE56\\r\\nq\\x00.'"}, "profile": {"mo": 3, "exec_time_sec": 2.8300000849412754e-05}}}, {"_id": "2021:10:20:13:16:23.526916", "Trace Message Type": "GenericMethodTraceMsg", "Trace Message": {"req": {"backend_type": "DirectFtdiDevice", "backend_instance_id": 1, "method_name": "set_timeouts", "args": {"read_timeout": "500"}, "id": 89, "time_profile": {"id": 88, "arrival_time": "2021:10:20:13:16:22.482344", "departure_time": "2021:10:20:13:16:22.535313"}}, "resp": {"exception": "None", "resp": "None"}, "profile": {"mo": 3, "exec_time_sec": 2.970000059576705e-05}}}, {"_id": "2021:10:20:13:16:23.591742", "Trace Message Type": "GenericMethodTraceMsg", "Trace Message": {"req": {"backend_type": "DirectFtdiDevice", "backend_instance_id": 1, "method_name": "set_timeouts", "args": {"read_timeout": "500"}, "id": 90, "time_profile": {"id": 89, "arrival_time": "2021:10:20:13:16:22.535313", "departure_time": "2021:10:20:13:16:22.598275"}}, "resp": {"exception": "None", "resp": "None"}, "profile": {"mo": 3, "exec_time_sec": 1.6899999536690302e-05}}}, {"_id": "2021:10:20:13:16:23.647593", "Trace Message Type": "GenericMethodTraceMsg", "Trace Message": {"req": {"backend_type": "DirectFtdiDevice", "backend_instance_id": 1, "method_name": "write", "args": {"data": {"network_address": "@1", "99": "99", "crc": "B4C7", "sequence_no": "94", "command_name": "CURR", "flags": {}, "args": {"axis": "0"}, "command": ""}}, "id": 91, "time_profile": {"id": 90, "arrival_time": "2021:10:20:13:16:22.601272", "departure_time": "2021:10:20:13:16:22.665233"}}, "resp": {"exception": "None", "resp": "None"}, "profile": {"mo": 3, "exec_time_sec": 0.00011000000085914508}}}, {"_id": "2021:10:20:13:16:23.699937", "Trace Message Type": "GenericMethodTraceMsg", "Trace Message": {"req": {"backend_type": "DirectFtdiDevice", "backend_instance_id": 1, "method_name": "set_timeouts", "args": {"read_timeout": "500"}, "id": 92, "time_profile": {"id": 91, "arrival_time": "2021:10:20:13:16:22.665233", "departure_time": "2021:10:20:13:16:22.719200"}}, "resp": {"exception": "None", "resp": "None"}, "profile": {"mo": 3, "exec_time_sec": 1.7899999875226058e-05}}}, {"_id": "2021:10:20:13:16:23.759063", "Trace Message Type": "GenericMethodTraceMsg", "Trace Message": {"req": {"backend_type": "DirectFtdiDevice", "backend_instance_id": 1, "method_name": "get_input_size", "args": {}, "id": 93, "time_profile": {"id": 92, "arrival_time": "2021:10:20:13:16:22.719200", "departure_time": "2021:10:20:13:16:22.771167"}}, "resp": {"exception": "None", "resp": "11"}, "profile": {"mo": 3, "exec_time_sec": 4.039999839733355e-05}}}, {"_id": "2021:10:20:13:16:23.817026", "Trace Message Type": "GenericMethodTraceMsg", "Trace Message": {"req": {"backend_type": "DirectFtdiDevice", "backend_instance_id": 1, "method_name": "set_timeouts", "args": {"read_timeout": "500"}, "id": 94, "time_profile": {"id": 93, "arrival_time": "2021:10:20:13:16:22.771167", "departure_time": "2021:10:20:13:16:22.831130"}}, "resp": {"exception": "None", "resp": "None"}, "profile": {"mo": 3, "exec_time_sec": 4.830000034417026e-05}}}, {"_id": "2021:10:20:13:16:23.875869", "Trace Message Type": "GenericMethodTraceMsg", "Trace Message": {"req": {"backend_type": "DirectFtdiDevice", "backend_instance_id": 1, "method_name": "read", "args": {"num_bytes": "11", "raw": "True"}, "id": 95, "time_profile": {"id": 94, "arrival_time": "2021:10:20:13:16:22.831130", "departure_time": "2021:10:20:13:16:22.891094"}}, "resp": {"exception": "None", "resp": "b'\\x80\\x03C\\x0b319 \\rF026\\r\\nq\\x00.'"}, "profile": {"mo": 3, "exec_time_sec": 2.769999991869554e-05}}}, {"_id": "2021:10:20:13:16:23.929090", "Trace Message Type": "GenericMethodTraceMsg", "Trace Message": {"req": {"backend_type": "DirectFtdiDevice", "backend_instance_id": 1, "method_name": "set_timeouts", "args": {"read_timeout": "500"}, "id": 96, "time_profile": {"id": 95, "arrival_time": "2021:10:20:13:16:22.891094", "departure_time": "2021:10:20:13:16:22.946061"}}, "resp": {"exception": "None", "resp": "None"}, "profile": {"mo": 3, "exec_time_sec": 2.719999974942766e-05}}}, {"_id": "2021:10:20:13:16:23.990079", "Trace Message Type": "GenericMethodTraceMsg", "Trace Message": {"req": {"backend_type": "DirectFtdiDevice", "backend_instance_id": 1, "method_name": "set_timeouts", "args": {"read_timeout": "500"}, "id": 97, "time_profile": {"id": 96, "arrival_time": "2021:10:20:13:16:22.946061", "departure_time": "2021:10:20:13:16:23.001027"}}, "resp": {"exception": "None", "resp": "None"}, "profile": {"mo": 3, "exec_time_sec": 2.0199999198666774e-05}}}, {"_id": "2021:10:20:13:16:24.042175", "Trace Message Type": "GenericMethodTraceMsg", "Trace Message": {"req": {"backend_type": "DirectFtdiDevice", "backend_instance_id": 1, "method_name": "write", "args": {"data": {"network_address": "@1", "99": "99", "crc": "D4DE", "sequence_no": "96", "command_name": "CURR", "flags": {}, "args": {"axis": "0"}, "command": ""}}, "id": 98, "time_profile": {"id": 97, "arrival_time": "2021:10:20:13:16:23.004026", "departure_time": "2021:10:20:13:16:23.060990"}}, "resp": {"exception": "None", "resp": "None"}, "profile": {"mo": 3, "exec_time_sec": 0.00015639999764971435}}}, {"_id": "2021:10:20:13:16:24.096202", "Trace Message Type": "GenericMethodTraceMsg", "Trace Message": {"req": {"backend_type": "DirectFtdiDevice", "backend_instance_id": 1, "method_name": "set_timeouts", "args": {"read_timeout": "500"}, "id": 99, "time_profile": {"id": 98, "arrival_time": "2021:10:20:13:16:23.060990", "departure_time": "2021:10:20:13:16:23.112959"}}, "resp": {"exception": "None", "resp": "None"}, "profile": {"mo": 3, "exec_time_sec": 3.49000001733657e-05}}}, {"_id": "2021:10:20:13:16:24.159031", "Trace Message Type": "GenericMethodTraceMsg", "Trace Message": {"req": {"backend_type": "DirectFtdiDevice", "backend_instance_id": 1, "method_name": "get_input_size", "args": {}, "id": 100, "time_profile": {"id": 99, "arrival_time": "2021:10:20:13:16:23.112959", "departure_time": "2021:10:20:13:16:23.166925"}}, "resp": {"exception": "None", "resp": "11"}, "profile": {"mo": 3, "exec_time_sec": 2.5499999537714757e-05}}}, {"_id": "2021:10:20:13:16:24.218357", "Trace Message Type": "GenericMethodTraceMsg", "Trace Message": {"req": {"backend_type": "DirectFtdiDevice", "backend_instance_id": 1, "method_name": "set_timeouts", "args": {"read_timeout": "500"}, "id": 101, "time_profile": {"id": 100, "arrival_time": "2021:10:20:13:16:23.166925", "departure_time": "2021:10:20:13:16:23.229887"}}, "resp": {"exception": "None", "resp": "None"}, "profile": {"mo": 3, "exec_time_sec": 6.240000220714137e-05}}}, {"_id": "2021:10:20:13:16:24.271212", "Trace Message Type": "GenericMethodTraceMsg", "Trace Message": {"req": {"backend_type": "DirectFtdiDevice", "backend_instance_id": 1, "method_name": "read", "args": {"num_bytes": "11", "raw": "True"}, "id": 102, "time_profile": {"id": 101, "arrival_time": "2021:10:20:13:16:23.229887", "departure_time": "2021:10:20:13:16:23.289851"}}, "resp": {"exception": "None", "resp": "b'\\x80\\x03C\\x0b303 \\r0E07\\r\\nq\\x00.'"}, "profile": {"mo": 3, "exec_time_sec": 2.9799999538226984e-05}}}, {"_id": "2021:10:20:13:16:24.323073", "Trace Message Type": "GenericMethodTraceMsg", "Trace Message": {"req": {"backend_type": "DirectFtdiDevice", "backend_instance_id": 1, "method_name": "set_timeouts", "args": {"read_timeout": "500"}, "id": 103, "time_profile": {"id": 102, "arrival_time": "2021:10:20:13:16:23.289851", "departure_time": "2021:10:20:13:16:23.342819"}}, "resp": {"exception": "None", "resp": "None"}, "profile": {"mo": 3, "exec_time_sec": 2.719999974942766e-05}}}, {"_id": "2021:10:20:13:16:24.380049", "Trace Message Type": "GenericMethodTraceMsg", "Trace Message": {"req": {"backend_type": "DirectFtdiDevice", "backend_instance_id": 1, "method_name": "set_timeouts", "args": {"read_timeout": "500"}, "id": 104, "time_profile": {"id": 103, "arrival_time": "2021:10:20:13:16:23.342819", "departure_time": "2021:10:20:13:16:23.393786"}}, "resp": {"exception": "None", "resp": "None"}, "profile": {"mo": 3, "exec_time_sec": 1.8999999156221747e-05}}}, {"_id": "2021:10:20:13:16:24.434903", "Trace Message Type": "GenericMethodTraceMsg", "Trace Message": {"req": {"backend_type": "DirectFtdiDevice", "backend_instance_id": 1, "method_name": "write", "args": {"data": {"network_address": "@1", "99": "99", "crc": "B492", "sequence_no": "98", "command_name": "CURR", "flags": {}, "args": {"axis": "0"}, "command": ""}}, "id": 105, "time_profile": {"id": 104, "arrival_time": "2021:10:20:13:16:23.396785", "departure_time": "2021:10:20:13:16:23.450751"}}, "resp": {"exception": "None", "resp": "None"}, "profile": {"mo": 3, "exec_time_sec": 0.00025710000772960484}}}, {"_id": "2021:10:20:13:16:24.494267", "Trace Message Type": "GenericMethodTraceMsg", "Trace Message": {"req": {"backend_type": "DirectFtdiDevice", "backend_instance_id": 1, "method_name": "set_timeouts", "args": {"read_timeout": "500"}, "id": 106, "time_profile": {"id": 105, "arrival_time": "2021:10:20:13:16:23.450751", "departure_time": "2021:10:20:13:16:23.505718"}}, "resp": {"exception": "None", "resp": "None"}, "profile": {"mo": 3, "exec_time_sec": 1.7500000467407517e-05}}}, {"_id": "2021:10:20:13:16:24.549124", "Trace Message Type": "GenericMethodTraceMsg", "Trace Message": {"req": {"backend_type": "DirectFtdiDevice", "backend_instance_id": 1, "method_name": "get_input_size", "args": {}, "id": 107, "time_profile": {"id": 106, "arrival_time": "2021:10:20:13:16:23.505718", "departure_time": "2021:10:20:13:16:23.564680"}}, "resp": {"exception": "None", "resp": "11"}, "profile": {"mo": 3, "exec_time_sec": 2.2500000341096893e-05}}}, {"_id": "2021:10:20:13:16:24.605062", "Trace Message Type": "GenericMethodTraceMsg", "Trace Message": {"req": {"backend_type": "DirectFtdiDevice", "backend_instance_id": 1, "method_name": "set_timeouts", "args": {"read_timeout": "500"}, "id": 108, "time_profile": {"id": 107, "arrival_time": "2021:10:20:13:16:23.564680", "departure_time": "2021:10:20:13:16:23.620648"}}, "resp": {"exception": "None", "resp": "None"}, "profile": {"mo": 3, "exec_time_sec": 1.8700000509852543e-05}}}, {"_id": "2021:10:20:13:16:24.663946", "Trace Message Type": "GenericMethodTraceMsg", "Trace Message": {"req": {"backend_type": "DirectFtdiDevice", "backend_instance_id": 1, "method_name": "read", "args": {"num_bytes": "11", "raw": "True"}, "id": 109, "time_profile": {"id": 108, "arrival_time": "2021:10:20:13:16:23.620648", "departure_time": "2021:10:20:13:16:23.677613"}}, "resp": {"exception": "None", "resp": "b'\\x80\\x03C\\x0b310 \\rF2F6\\r\\nq\\x00.'"}, "profile": {"mo": 3, "exec_time_sec": 5.360000068321824e-05}}}, {"_id": "2021:10:20:13:16:24.724495", "Trace Message Type": "GenericMethodTraceMsg", "Trace Message": {"req": {"backend_type": "DirectFtdiDevice", "backend_instance_id": 1, "method_name": "set_timeouts", "args": {"read_timeout": "500"}, "id": 110, "time_profile": {"id": 109, "arrival_time": "2021:10:20:13:16:23.677613", "departure_time": "2021:10:20:13:16:23.735575"}}, "resp": {"exception": "None", "resp": "None"}, "profile": {"mo": 3, "exec_time_sec": 1.8999999156221747e-05}}}, {"_id": "2021:10:20:13:16:24.741409", "Trace Message Type": "InitializeTraceMsg", "Trace Message": {"req": {"backend_type": "DirectFtdiDevice", "backend_instance_id": 2, "args": {"ftdi": "None"}, "stacktrace": "[<FrameSummary file C:/Users/User/PycharmProjects/automated_solubility_h1/n9/tests/random_tests.py, line 14 in <module>>, <FrameSummary file <frozen importlib._bootstrap>, line 971 in _find_and_load>, <FrameSummary file <frozen importlib._bootstrap>, line 955 in _find_and_load_unlocked>, <FrameSummary file <frozen importlib._bootstrap>, line 665 in _load_unlocked>, <FrameSummary file <frozen importlib._bootstrap_external>, line 678 in exec_module>, <FrameSummary file <frozen importlib._bootstrap>, line 219 in _call_with_frames_removed>, <FrameSummary file C:\\Users\\User\\PycharmProjects\\automated_solubility_h1\\n9\\experiments\\capping_uncapping.py, line 3 in <module>>, <FrameSummary file <frozen importlib._bootstrap>, line 1023 in _handle_fromlist>, <FrameSummary file <frozen importlib._bootstrap>, line 219 in _call_with_frames_removed>, <FrameSummary file <frozen importlib._bootstrap>, line 971 in _find_and_load>, <FrameSummary file <frozen importlib._bootstrap>, line 955 in _find_and_load_unlocked>, <FrameSummary file <frozen importlib._bootstrap>, line 665 in _load_unlocked>, <FrameSummary file <frozen importlib._bootstrap_external>, line 678 in exec_module>, <FrameSummary file <frozen importlib._bootstrap>, line 219 in _call_with_frames_removed>, <FrameSummary file C:\\Users\\User\\PycharmProjects\\automated_solubility_h1\\n9\\configuration\\deck.py, line 97 in <module>>, <FrameSummary file C:\\Users\\User\\PycharmProjects\\automated_solubility_h1\\venv\\lib\\site-packages\\ftdi_serial.py, line 418 in __init__>, <FrameSummary file C:\\Users\\User\\PycharmProjects\\automated_solubility_h1\\venv\\lib\\site-packages\\ftdi_serial.py, line 441 in connect>, <FrameSummary file C:\\Users\\User\\PycharmProjects\\automated_solubility_h1\\venv\\lib\\site-packages\\ftdi_serial.py, line 428 in open_device>, <FrameSummary file C:\\Users\\User\\PycharmProjects\\automated_solubility_h1\\venv\\lib\\site-packages\\niraapad\\backends.py, line 162 in __init__>, <FrameSummary file C:\\Users\\User\\PycharmProjects\\automated_solubility_h1\\venv\\lib\\site-packages\\niraapad\\lab_computer\\niraapad_client.py, line 558 in initialize>]", "id": 111, "time_profile": {"id": 110, "arrival_time": "2021:10:20:13:16:23.735575", "departure_time": "2021:10:20:13:16:23.795539"}}, "resp": {"exception": "None"}, "profile": {"mo": 3, "exec_time_sec": 0.010264099575579166}}}, {"_id": "2021:10:20:13:16:25.074884", "Trace Message Type": "GenericMethodTraceMsg", "Trace Message": {"req": {"backend_type": "DirectFtdiDevice", "backend_instance_id": 2, "method_name": "reset", "args": {}, "id": 112, "time_profile": {"id": 111, "arrival_time": "2021:10:20:13:16:23.799538", "departure_time": "2021:10:20:13:16:23.812534"}}, "resp": {"exception": "None", "resp": "None"}, "profile": {"mo": 3, "exec_time_sec": 0.2795791029930115}}}, {"_id": "2021:10:20:13:16:25.131759", "Trace Message Type": "GenericMethodTraceMsg", "Trace Message": {"req": {"backend_type": "DirectFtdiDevice", "backend_instance_id": 2, "method_name": "set_baud_rate", "args": {"baudrate": "9600"}, "id": 113, "time_profile": {"id": 112, "arrival_time": "2021:10:20:13:16:23.812534", "departure_time": "2021:10:20:13:16:24.145325"}}, "resp": {"exception": "None", "resp": "None"}, "profile": {"mo": 3, "exec_time_sec": 0.00011939999967580661}}}, {"_id": "2021:10:20:13:16:25.190602", "Trace Message Type": "GenericMethodTraceMsg", "Trace Message": {"req": {"backend_type": "DirectFtdiDevice", "backend_instance_id": 2, "method_name": "set_parameters", "args": {"data_bits": "0"}, "id": 114, "time_profile": {"id": 113, "arrival_time": "2021:10:20:13:16:24.145325", "departure_time": "2021:10:20:13:16:24.205289"}}, "resp": {"exception": "None", "resp": "None"}, "profile": {"mo": 3, "exec_time_sec": 0.00011280000035185367}}}, {"_id": "2021:10:20:13:16:25.268004", "Trace Message Type": "GenericMethodTraceMsg", "Trace Message": {"req": {"backend_type": "DirectFtdiDevice", "backend_instance_id": 2, "method_name": "set_timeouts", "args": {"read_timeout": "5000"}, "id": 115, "time_profile": {"id": 114, "arrival_time": "2021:10:20:13:16:24.205289", "departure_time": "2021:10:20:13:16:24.262256"}}, "resp": {"exception": "None", "resp": "None"}, "profile": {"mo": 3, "exec_time_sec": 2.069999936793465e-05}}}, {"_id": "2021:10:20:13:16:25.281967", "Trace Message Type": "InitializeTraceMsg", "Trace Message": {"req": {"backend_type": "DirectPySerialDevice", "backend_instance_id": 3, "args": {"serial": "COM9"}, "stacktrace": "[<FrameSummary file C:/Users/User/PycharmProjects/automated_solubility_h1/n9/tests/random_tests.py, line 14 in <module>>, <FrameSummary file <frozen importlib._bootstrap>, line 971 in _find_and_load>, <FrameSummary file <frozen importlib._bootstrap>, line 955 in _find_and_load_unlocked>, <FrameSummary file <frozen importlib._bootstrap>, line 665 in _load_unlocked>, <FrameSummary file <frozen importlib._bootstrap_external>, line 678 in exec_module>, <FrameSummary file <frozen importlib._bootstrap>, line 219 in _call_with_frames_removed>, <FrameSummary file C:\\Users\\User\\PycharmProjects\\automated_solubility_h1\\n9\\experiments\\capping_uncapping.py, line 3 in <module>>, <FrameSummary file <frozen importlib._bootstrap>, line 1023 in _handle_fromlist>, <FrameSummary file <frozen importlib._bootstrap>, line 219 in _call_with_frames_removed>, <FrameSummary file <frozen importlib._bootstrap>, line 971 in _find_and_load>, <FrameSummary file <frozen importlib._bootstrap>, line 955 in _find_and_load_unlocked>, <FrameSummary file <frozen importlib._bootstrap>, line 665 in _load_unlocked>, <FrameSummary file <frozen importlib._bootstrap_external>, line 678 in exec_module>, <FrameSummary file <frozen importlib._bootstrap>, line 219 in _call_with_frames_removed>, <FrameSummary file C:\\Users\\User\\PycharmProjects\\automated_solubility_h1\\n9\\configuration\\deck.py, line 113 in <module>>, <FrameSummary file C:\\Users\\User\\PycharmProjects\\automated_solubility_h1\\venv\\lib\\site-packages\\ika\\magnetic_stirrer.py, line 152 in __init__>, <FrameSummary file C:\\Users\\User\\PycharmProjects\\automated_solubility_h1\\venv\\lib\\site-packages\\ika\\magnetic_stirrer.py, line 452 in connect>, <FrameSummary file C:\\Users\\User\\PycharmProjects\\automated_solubility_h1\\venv\\lib\\site-packages\\ftdi_serial.py, line 418 in __init__>, <FrameSummary file C:\\Users\\User\\PycharmProjects\\automated_solubility_h1\\venv\\lib\\site-packages\\ftdi_serial.py, line 441 in connect>, <FrameSummary file C:\\Users\\User\\PycharmProjects\\automated_solubility_h1\\venv\\lib\\site-packages\\ftdi_serial.py, line 426 in open_device>, <FrameSummary file C:\\Users\\User\\PycharmProjects\\automated_solubility_h1\\venv\\lib\\site-packages\\niraapad\\backends.py, line 224 in __init__>, <FrameSummary file C:\\Users\\User\\PycharmProjects\\automated_solubility_h1\\venv\\lib\\site-packages\\niraapad\\lab_computer\\niraapad_client.py, line 558 in initialize>]", "id": 116, "time_profile": {"id": 115, "arrival_time": "2021:10:20:13:16:24.262256", "departure_time": "2021:10:20:13:16:24.340205"}}, "resp": {"exception": "None"}, "profile": {"mo": 3, "exec_time_sec": 0.0042238999158144}}}, {"_id": "2021:10:20:13:16:25.404647", "Trace Message Type": "GenericMethodTraceMsg", "Trace Message": {"req": {"backend_type": "DirectPySerialDevice", "backend_instance_id": 3, "method_name": "reset", "args": {}, "id": 117, "time_profile": {"id": 116, "arrival_time": "2021:10:20:13:16:24.341206", "departure_time": "2021:10:20:13:16:24.354195"}}, "resp": {"exception": "None", "resp": "None"}, "profile": {"mo": 3, "exec_time_sec": 1.8700000509852543e-05}}}, {"_id": "2021:10:20:13:16:25.462484", "Trace Message Type": "GenericMethodTraceMsg", "Trace Message": {"req": {"backend_type": "DirectPySerialDevice", "backend_instance_id": 3, "method_name": "set_baud_rate", "args": {"baudrate": "9600"}, "id": 118, "time_profile": {"id": 117, "arrival_time": "2021:10:20:13:16:24.354195", "departure_time": "2021:10:20:13:16:24.476121"}}, "resp": {"exception": "None", "resp": "None"}, "profile": {"mo": 3, "exec_time_sec": 0.0018231000285595655}}}, {"_id": "2021:10:20:13:16:25.521855", "Trace Message Type": "GenericMethodTraceMsg", "Trace Message": {"req": {"backend_type": "DirectPySerialDevice", "backend_instance_id": 3, "method_name": "set_parameters", "args": {"data_bits": "2"}, "id": 119, "time_profile": {"id": 118, "arrival_time": "2021:10:20:13:16:24.476121", "departure_time": "2021:10:20:13:16:24.533086"}}, "resp": {"exception": "None", "resp": "None"}, "profile": {"mo": 3, "exec_time_sec": 0.005726200062781572}}}, {"_id": "2021:10:20:13:16:25.580698", "Trace Message Type": "GenericMethodTraceMsg", "Trace Message": {"req": {"backend_type": "DirectPySerialDevice", "backend_instance_id": 3, "method_name": "set_timeouts", "args": {"read_timeout": "5000"}, "id": 120, "time_profile": {"id": 119, "arrival_time": "2021:10:20:13:16:24.533086", "departure_time": "2021:10:20:13:16:24.593049"}}, "resp": {"exception": "None", "resp": "None"}, "profile": {"mo": 3, "exec_time_sec": 0.0030123000033199787}}}, {"_id": "2021:10:20:13:16:25.638543", "Trace Message Type": "GenericMethodTraceMsg", "Trace Message": {"req": {"backend_type": "DirectPySerialDevice", "backend_instance_id": 3, "method_name": "write", "args": {"data": {"command_name": "IN_NAME", "value": null}}, "id": 121, "time_profile": {"id": 120, "arrival_time": "2021:10:20:13:16:24.593049", "departure_time": "2021:10:20:13:16:24.651014"}}, "resp": {"exception": "None", "resp": "None"}, "profile": {"mo": 3, "exec_time_sec": 0.0001691999932518229}}}, {"_id": "2021:10:20:13:16:25.694398", "Trace Message Type": "GenericMethodTraceMsg", "Trace Message": {"req": {"backend_type": "DirectPySerialDevice", "backend_instance_id": 3, "method_name": "get_input_size", "args": {}, "id": 122, "time_profile": {"id": 121, "arrival_time": "2021:10:20:13:16:24.651014", "departure_time": "2021:10:20:13:16:24.709976"}}, "resp": {"exception": "None", "resp": "13"}, "profile": {"mo": 3, "exec_time_sec": 3.7599998904624954e-05}}}, {"_id": "2021:10:20:13:16:25.753267", "Trace Message Type": "GenericMethodTraceMsg", "Trace Message": {"req": {"backend_type": "DirectPySerialDevice", "backend_instance_id": 3, "method_name": "read", "args": {"num_bytes": "13", "raw": "True"}, "id": 123, "time_profile": {"id": 122, "arrival_time": "2021:10:20:13:16:24.709976", "departure_time": "2021:10:20:13:16:24.765943"}}, "resp": {"exception": "None", "resp": {"device_name": "RCT"}}, "profile": {"mo": 3, "exec_time_sec": 6.720000237692147e-05}}}, {"_id": "2021:10:20:13:16:25.818441", "Trace Message Type": "GenericMethodTraceMsg", "Trace Message": {"req": {"backend_type": "DirectPySerialDevice", "backend_instance_id": 3, "method_name": "write", "args": {"data": {"command_name": "IN_PV_1", "value": null}}, "id": 124, "time_profile": {"id": 123, "arrival_time": "2021:10:20:13:16:24.765943", "departure_time": "2021:10:20:13:16:24.824907"}}, "resp": {"exception": "None", "resp": "None"}, "profile": {"mo": 3, "exec_time_sec": 0.00012399999832268804}}}, {"_id": "2021:10:20:13:16:25.875337", "Trace Message Type": "GenericMethodTraceMsg", "Trace Message": {"req": {"backend_type": "DirectPySerialDevice", "backend_instance_id": 3, "method_name": "get_input_size", "args": {}, "id": 125, "time_profile": {"id": 124, "arrival_time": "2021:10:20:13:16:24.834901", "departure_time": "2021:10:20:13:16:24.889868"}}, "resp": {"exception": "None", "resp": "8"}, "profile": {"mo": 3, "exec_time_sec": 5.909999890718609e-05}}}, {"_id": "2021:10:20:13:16:25.934133", "Trace Message Type": "GenericMethodTraceMsg", "Trace Message": {"req": {"backend_type": "DirectPySerialDevice", "backend_instance_id": 3, "method_name": "read", "args": {"num_bytes": "8", "raw": "True"}, "id": 126, "time_profile": {"id": 125, "arrival_time": "2021:10:20:13:16:24.889868", "departure_time": "2021:10:20:13:16:24.946832"}}, "resp": {"exception": "None", "resp": {"external_sensor_value": "25.9"}}, "profile": {"mo": 3, "exec_time_sec": 0.00016840000171214342}}}, {"_id": "2021:10:20:13:16:25.989986", "Trace Message Type": "GenericMethodTraceMsg", "Trace Message": {"req": {"backend_type": "DirectPySerialDevice", "backend_instance_id": 3, "method_name": "write", "args": {"data": {"command_name": "IN_PV_2", "value": null}}, "id": 127, "time_profile": {"id": 126, "arrival_time": "2021:10:20:13:16:24.946832", "departure_time": "2021:10:20:13:16:25.004795"}}, "resp": {"exception": "None", "resp": "None"}, "profile": {"mo": 3, "exec_time_sec": 0.0001905999961309135}}}, {"_id": "2021:10:20:13:16:26.051817", "Trace Message Type": "GenericMethodTraceMsg", "Trace Message": {"req": {"backend_type": "DirectPySerialDevice", "backend_instance_id": 3, "method_name": "get_input_size", "args": {}, "id": 128, "time_profile": {"id": 127, "arrival_time": "2021:10:20:13:16:25.004795", "departure_time": "2021:10:20:13:16:25.062761"}}, "resp": {"exception": "None", "resp": "8"}, "profile": {"mo": 3, "exec_time_sec": 3.980000110459514e-05}}}, {"_id": "2021:10:20:13:16:26.111164", "Trace Message Type": "GenericMethodTraceMsg", "Trace Message": {"req": {"backend_type": "DirectPySerialDevice", "backend_instance_id": 3, "method_name": "read", "args": {"num_bytes": "8", "raw": "True"}, "id": 129, "time_profile": {"id": 128, "arrival_time": "2021:10:20:13:16:25.062761", "departure_time": "2021:10:20:13:16:25.122724"}}, "resp": {"exception": "None", "resp": {"hotplate_sensor_value": "27.0"}}, "profile": {"mo": 3, "exec_time_sec": 5.2999999752501026e-05}}}, {"_id": "2021:10:20:13:16:26.168229", "Trace Message Type": "GenericMethodTraceMsg", "Trace Message": {"req": {"backend_type": "DirectPySerialDevice", "backend_instance_id": 3, "method_name": "write", "args": {"data": {"command_name": "IN_SP_1", "value": null}}, "id": 130, "time_profile": {"id": 129, "arrival_time": "2021:10:20:13:16:25.122724", "departure_time": "2021:10:20:13:16:25.181689"}}, "resp": {"exception": "None", "resp": "None"}, "profile": {"mo": 3, "exec_time_sec": 0.00017850000585895032}}}, {"_id": "2021:10:20:13:16:26.224234", "Trace Message Type": "GenericMethodTraceMsg", "Trace Message": {"req": {"backend_type": "DirectPySerialDevice", "backend_instance_id": 3, "method_name": "get_input_size", "args": {}, "id": 131, "time_profile": {"id": 130, "arrival_time": "2021:10:20:13:16:25.181689", "departure_time": "2021:10:20:13:16:25.239654"}}, "resp": {"exception": "None", "resp": "8"}, "profile": {"mo": 3, "exec_time_sec": 3.7599998904624954e-05}}}, {"_id": "2021:10:20:13:16:26.289064", "Trace Message Type": "GenericMethodTraceMsg", "Trace Message": {"req": {"backend_type": "DirectPySerialDevice", "backend_instance_id": 3, "method_name": "read", "args": {"num_bytes": "8", "raw": "True"}, "id": 132, "time_profile": {"id": 131, "arrival_time": "2021:10:20:13:16:25.239654", "departure_time": "2021:10:20:13:16:25.295619"}}, "resp": {"exception": "None", "resp": {"rated_temperature_value": "22.0"}}, "profile": {"mo": 3, "exec_time_sec": 4.4600001274375245e-05}}}, {"_id": "2021:10:20:13:16:26.344913", "Trace Message Type": "GenericMethodTraceMsg", "Trace Message": {"req": {"backend_type": "DirectPySerialDevice", "backend_instance_id": 3, "method_name": "write", "args": {"data": {"command_name": "IN_PV_4", "value": null}}, "id": 133, "time_profile": {"id": 132, "arrival_time": "2021:10:20:13:16:25.295619", "departure_time": "2021:10:20:13:16:25.360578"}}, "resp": {"exception": "None", "resp": "None"}, "profile": {"mo": 3, "exec_time_sec": 0.00019269999756943434}}}, {"_id": "2021:10:20:13:16:26.403754", "Trace Message Type": "GenericMethodTraceMsg", "Trace Message": {"req": {"backend_type": "DirectPySerialDevice", "backend_instance_id": 3, "method_name": "get_input_size", "args": {}, "id": 134, "time_profile": {"id": 133, "arrival_time": "2021:10:20:13:16:25.360578", "departure_time": "2021:10:20:13:16:25.415545"}}, "resp": {"exception": "None", "resp": "7"}, "profile": {"mo": 3, "exec_time_sec": 3.04000004689442e-05}}}, {"_id": "2021:10:20:13:16:26.457610", "Trace Message Type": "GenericMethodTraceMsg", "Trace Message": {"req": {"backend_type": "DirectPySerialDevice", "backend_instance_id": 3, "method_name": "read", "args": {"num_bytes": "7", "raw": "True"}, "id": 135, "time_profile": {"id": 134, "arrival_time": "2021:10:20:13:16:25.415545", "departure_time": "2021:10:20:13:16:25.475508"}}, "resp": {"exception": "None", "resp": {"stirring_speed_value": "0.0"}}, "profile": {"mo": 3, "exec_time_sec": 6.98000003467314e-05}}}, {"_id": "2021:10:20:13:16:26.514460", "Trace Message Type": "GenericMethodTraceMsg", "Trace Message": {"req": {"backend_type": "DirectPySerialDevice", "backend_instance_id": 3, "method_name": "write", "args": {"data": {"command_name": "IN_SP_4", "value": null}}, "id": 136, "time_profile": {"id": 135, "arrival_time": "2021:10:20:13:16:25.475508", "departure_time": "2021:10:20:13:16:25.528475"}}, "resp": {"exception": "None", "resp": "None"}, "profile": {"mo": 3, "exec_time_sec": 0.00021670000569429249}}}, {"_id": "2021:10:20:13:16:26.580073", "Trace Message Type": "GenericMethodTraceMsg", "Trace Message": {"req": {"backend_type": "DirectPySerialDevice", "backend_instance_id": 3, "method_name": "get_input_size", "args": {}, "id": 137, "time_profile": {"id": 136, "arrival_time": "2021:10:20:13:16:25.529475", "departure_time": "2021:10:20:13:16:25.585440"}}, "resp": {"exception": "None", "resp": "9"}, "profile": {"mo": 3, "exec_time_sec": 3.1200001103570685e-05}}}, {"_id": "2021:10:20:13:16:26.644900", "Trace Message Type": "GenericMethodTraceMsg", "Trace Message": {"req": {"backend_type": "DirectPySerialDevice", "backend_instance_id": 3, "method_name": "read", "args": {"num_bytes": "9", "raw": "True"}, "id": 138, "time_profile": {"id": 137, "arrival_time": "2021:10:20:13:16:25.585440", "departure_time": "2021:10:20:13:16:25.656395"}}, "resp": {"exception": "None", "resp": {"speed_value": "400.0"}}, "profile": {"mo": 3, "exec_time_sec": 9.519999730400741e-05}}}, {"_id": "2021:10:20:13:16:26.712913", "Trace Message Type": "GenericMethodTraceMsg", "Trace Message": {"req": {"backend_type": "DirectPySerialDevice", "backend_instance_id": 3, "method_name": "write", "args": {"data": {"command_name": "STOP_4", "value": null}}, "id": 139, "time_profile": {"id": 138, "arrival_time": "2021:10:20:13:16:25.656395", "departure_time": "2021:10:20:13:16:25.715359"}}, "resp": {"exception": "None", "resp": "None"}, "profile": {"mo": 3, "exec_time_sec": 0.0002749999985098839}}}, {"_id": "2021:10:20:13:16:26.784759", "Trace Message Type": "GenericMethodTraceMsg", "Trace Message": {"req": {"backend_type": "DirectPySerialDevice", "backend_instance_id": 3, "method_name": "write", "args": {"data": {"command_name": "STOP_1", "value": null}}, "id": 140, "time_profile": {"id": 139, "arrival_time": "2021:10:20:13:16:25.726354", "departure_time": "2021:10:20:13:16:25.785317"}}, "resp": {"exception": "None", "resp": "None"}, "profile": {"mo": 3, "exec_time_sec": 0.00016039999900385737}}}, {"_id": "2021:10:20:13:16:40.482222", "Trace Message Type": "InitializeTraceMsg", "Trace Message": {"req": {"backend_type": "DirectArduinoAugmentedQuantos", "backend_instance_id": 4, "args": {"logging_level": "10", "address": "13", "serial_port": "None", "tcp_port": "None", "perfect_counts": "8700"}, "stacktrace": "[<FrameSummary file C:/Users/User/PycharmProjects/automated_solubility_h1/n9/tests/random_tests.py, line 14 in <module>>, <FrameSummary file <frozen importlib._bootstrap>, line 971 in _find_and_load>, <FrameSummary file <frozen importlib._bootstrap>, line 955 in _find_and_load_unlocked>, <FrameSummary file <frozen importlib._bootstrap>, line 665 in _load_unlocked>, <FrameSummary file <frozen importlib._bootstrap_external>, line 678 in exec_module>, <FrameSummary file <frozen importlib._bootstrap>, line 219 in _call_with_frames_removed>, <FrameSummary file C:\\Users\\User\\PycharmProjects\\automated_solubility_h1\\n9\\experiments\\capping_uncapping.py, line 3 in <module>>, <FrameSummary file <frozen importlib._bootstrap>, line 1023 in _handle_fromlist>, <FrameSummary file <frozen importlib._bootstrap>, line 219 in _call_with_frames_removed>, <FrameSummary file <frozen importlib._bootstrap>, line 971 in _find_and_load>, <FrameSummary file <frozen importlib._bootstrap>, line 955 in _find_and_load_unlocked>, <FrameSummary file <frozen importlib._bootstrap>, line 665 in _load_unlocked>, <FrameSummary file <frozen importlib._bootstrap_external>, line 678 in exec_module>, <FrameSummary file <frozen importlib._bootstrap>, line 219 in _call_with_frames_removed>, <FrameSummary file C:\\Users\\User\\PycharmProjects\\automated_solubility_h1\\n9\\configuration\\deck.py, line 116 in <module>>, <FrameSummary file C:\\Users\\User\\PycharmProjects\\automated_solubility_h1\\venv\\lib\\site-packages\\niraapad\\backends.py, line 668 in __init__>, <FrameSummary file C:\\Users\\User\\PycharmProjects\\automated_solubility_h1\\venv\\lib\\site-packages\\niraapad\\lab_computer\\niraapad_client.py, line 558 in initialize>]", "id": 141, "time_profile": {"id": 140, "arrival_time": "2021:10:20:13:16:25.801311", "departure_time": "2021:10:20:13:16:25.857272"}}, "resp": {"exception": "None"}, "profile": {"mo": 2, "exec_time_sec": 13.687164306640625}}}, {"_id": "2021:10:20:13:16:40.547046", "Trace Message Type": "GenericMethodTraceMsg", "Trace Message": {"req": {"backend_type": "DirectArduinoAugmentedQuantos", "backend_instance_id": 4, "method_name": "set_home_direction", "args": {"direction": "0"}, "id": 142, "time_profile": {"id": 141, "arrival_time": "2021:10:20:13:16:25.862269", "departure_time": "2021:10:20:13:16:39.552864"}}, "resp": {"exception": "None", "resp": "None"}, "profile": {"mo": 2, "exec_time_sec": 0.012489300221204758}}}, {"_id": "2021:10:20:13:16:41.731768", "Trace Message Type": "InitializeTraceMsg", "Trace Message": {"req": {"backend_type": "DirectUR3Arm", "backend_instance_id": 5, "args": {"host": "192.168.254.88", "default_velocity": "250", "max_velocity": "500", "position_units": "Units.MILLIMETERS", "default_joint_velocity": "20.0", "max_joint_velocity": "180.0", "gripper_default_velocity": "0.5", "gripper_default_force": "0.5", "gripper_id": "1", "gripper_base_port": "63352", "gripper_connect": "True", "connect": "True"}, "stacktrace": "[<FrameSummary file C:/Users/User/PycharmProjects/automated_solubility_h1/n9/tests/random_tests.py, line 15 in <module>>, <FrameSummary file <frozen importlib._bootstrap>, line 971 in _find_and_load>, <FrameSummary file <frozen importlib._bootstrap>, line 955 in _find_and_load_unlocked>, <FrameSummary file <frozen importlib._bootstrap>, line 665 in _load_unlocked>, <FrameSummary file <frozen importlib._bootstrap_external>, line 678 in exec_module>, <FrameSummary file <frozen importlib._bootstrap>, line 219 in _call_with_frames_removed>, <FrameSummary file C:\\Users\\User\\PycharmProjects\\automated_solubility_h1\\n9\\experiments\\crystal_solubility_profiling\\crystal_profiling_preparation_A.py, line 7 in <module>>, <FrameSummary file <frozen importlib._bootstrap>, line 1023 in _handle_fromlist>, <FrameSummary file <frozen importlib._bootstrap>, line 219 in _call_with_frames_removed>, <FrameSummary file <frozen importlib._bootstrap>, line 971 in _find_and_load>, <FrameSummary file <frozen importlib._bootstrap>, line 955 in _find_and_load_unlocked>, <FrameSummary file <frozen importlib._bootstrap>, line 665 in _load_unlocked>, <FrameSummary file <frozen importlib._bootstrap_external>, line 678 in exec_module>, <FrameSummary file <frozen importlib._bootstrap>, line 219 in _call_with_frames_removed>, <FrameSummary file C:\\Users\\User\\PycharmProjects\\automated_solubility_h1\\ur\\configuration\\ur_deck.py, line 2 in <module>>, <FrameSummary file C:\\Users\\User\\PycharmProjects\\automated_solubility_h1\\venv\\lib\\site-packages\\niraapad\\backends.py, line 365 in __init__>, <FrameSummary file C:\\Users\\User\\PycharmProjects\\automated_solubility_h1\\venv\\lib\\site-packages\\niraapad\\lab_computer\\niraapad_client.py, line 558 in initialize>]", "id": 143, "time_profile": {"id": 142, "arrival_time": "2021:10:20:13:16:39.552864", "departure_time": "2021:10:20:13:16:39.618824"}}, "resp": {"exception": "None"}, "profile": {"mo": 3, "exec_time_sec": 0.22828850150108337}}}, {"_id": "2021:10:20:13:16:41.937197", "Trace Message Type": "GenericMethodTraceMsg", "Trace Message": {"req": {"backend_type": "DirectPySerialDevice", "backend_instance_id": 3, "method_name": "write", "args": {"data": {"command_name": "OUT_SP_4", "value": "1500"}}, "id": 144, "time_profile": {"id": 143, "arrival_time": "2021:10:20:13:16:40.570238", "departure_time": "2021:10:20:13:16:40.803095"}}, "resp": {"exception": "None", "resp": "None"}, "profile": {"mo": 3, "exec_time_sec": 0.00019589999283198267}}}, {"_id": "2021:10:20:13:16:41.953151", "Trace Message Type": "GenericMethodTraceMsg", "Trace Message": {"req": {"backend_type": "DirectPySerialDevice", "backend_instance_id": 3, "method_name": "write", "args": {"data": {"command_name": "START_4", "value": null}}, "id": 145, "time_profile": {"id": 144, "arrival_time": "2021:10:20:13:16:40.998976", "departure_time": "2021:10:20:13:16:41.008969"}}, "resp": {"exception": "None", "resp": "None"}, "profile": {"mo": 3, "exec_time_sec": 0.00018109999655280262}}}, {"_id": "2021:10:20:13:17:11.966977", "Trace Message Type": "GenericMethodTraceMsg", "Trace Message": {"req": {"backend_type": "DirectPySerialDevice", "backend_instance_id": 3, "method_name": "write", "args": {"data": {"command_name": "STOP_4", "value": null}}, "id": 146, "time_profile": {"id": 145, "arrival_time": "2021:10:20:13:16:41.017965", "departure_time": "2021:10:20:13:16:41.025960"}}, "resp": {"exception": "None", "resp": "None"}, "profile": {"mo": 3, "exec_time_sec": 0.0001571000029798597}}}, {"_id": "2021:10:20:13:17:30.566864", "Trace Message Type": "StopServerTraceMsg", "Trace Message": {}}]}