{"Traces": [{"_id": "2021:10:13:11:28:20.093925", "Trace Message Type": "StartServerTraceMsg", "Trace Message": {}}, {"_id": "2021:10:13:11:32:05.257740", "Trace Message Type": "DeleteConnectionTraceMsg", "Trace Message": {"req": {}, "resp": {"exception": "None"}}}, {"_id": "2021:10:13:11:32:05.258742", "Trace Message Type": "InitializeConnectionTraceMsg", "Trace Message": {"req": {}, "resp": {"exception": "None"}}}, {"_id": "2021:10:13:11:32:07.939117", "Trace Message Type": "InitializeTraceMsg", "Trace Message": {"req": {"arrival_time": "2021:10:13:11:30:49.496573", "backend_type": "DirectFtdiDevice", "backend_instance_id": 1, "args": {"ftdi": "None"}, "stacktrace": "[<FrameSummary file C:\\Program Files\\JetBrains\\PyCharm Community Edition 2020.2.2\\plugins\\python-ce\\helpers\\pydev\\pydevd.py, line 2141 in <module>>, <FrameSummary file C:\\Program Files\\JetBrains\\PyCharm Community Edition 2020.2.2\\plugins\\python-ce\\helpers\\pydev\\pydevd.py, line 2132 in main>, <FrameSummary file C:\\Program Files\\JetBrains\\PyCharm Community Edition 2020.2.2\\plugins\\python-ce\\helpers\\pydev\\pydevd.py, line 1441 in run>, <FrameSummary file C:\\Program Files\\JetBrains\\PyCharm Community Edition 2020.2.2\\plugins\\python-ce\\helpers\\pydev\\pydevd.py, line 1448 in _exec>, <FrameSummary file C:\\Program Files\\JetBrains\\PyCharm Community Edition 2020.2.2\\plugins\\python-ce\\helpers\\pydev\\_pydev_imps\\_pydev_execfile.py, line 18 in execfile>, <FrameSummary file C:/Users/User/PycharmProjects/automated_solubility_h1/n9/experiments/main_solubility_duplicate.py, line 21 in <module>>, <FrameSummary file <frozen importlib._bootstrap>, line 1023 in _handle_fromlist>, <FrameSummary file <frozen importlib._bootstrap>, line 219 in _call_with_frames_removed>, <FrameSummary file <frozen importlib._bootstrap>, line 971 in _find_and_load>, <FrameSummary file <frozen importlib._bootstrap>, line 955 in _find_and_load_unlocked>, <FrameSummary file <frozen importlib._bootstrap>, line 665 in _load_unlocked>, <FrameSummary file <frozen importlib._bootstrap_external>, line 678 in exec_module>, <FrameSummary file <frozen importlib._bootstrap>, line 219 in _call_with_frames_removed>, <FrameSummary file C:\\Users\\User\\PycharmProjects\\automated_solubility_h1\\n9\\configuration\\deck.py, line 64 in <module>>, <FrameSummary file C:\\Users\\User\\PycharmProjects\\automated_solubility_h1\\venv\\lib\\site-packages\\north_c9\\controller.py, line 208 in __init__>, <FrameSummary file C:\\Users\\User\\PycharmProjects\\automated_solubility_h1\\venv\\lib\\site-packages\\ftdi_serial.py, line 418 in __init__>, <FrameSummary file C:\\Users\\User\\PycharmProjects\\automated_solubility_h1\\venv\\lib\\site-packages\\ftdi_serial.py, line 441 in connect>, <FrameSummary file C:\\Users\\User\\PycharmProjects\\automated_solubility_h1\\venv\\lib\\site-packages\\ftdi_serial.py, line 428 in open_device>, <FrameSummary file C:\\Users\\User\\PycharmProjects\\automated_solubility_h1\\venv\\lib\\site-packages\\niraapad\\backends.py, line 162 in __init__>, <FrameSummary file C:\\Users\\User\\PycharmProjects\\automated_solubility_h1\\venv\\lib\\site-packages\\niraapad\\lab_computer\\niraapad_client.py, line 461 in initialize>]"}, "resp": {"exception": "None"}, "profile": {"mo": 3, "exec_time_sec": 0.01936749927699566}}}, {"_id": "2021:10:13:11:32:08.710021", "Trace Message Type": "GenericMethodTraceMsg", "Trace Message": {"req": {"arrival_time": "2021:10:13:11:30:49.527553", "backend_type": "DirectFtdiDevice", "backend_instance_id": 1, "method_name": "reset", "args": {}}, "resp": {"exception": "None", "resp": "None"}, "profile": {"mo": 3, "exec_time_sec": 0.26222050189971924}}}, {"_id": "2021:10:13:11:32:08.836684", "Trace Message Type": "GenericMethodTraceMsg", "Trace Message": {"req": {"arrival_time": "2021:10:13:11:30:50.298080", "backend_type": "DirectFtdiDevice", "backend_instance_id": 1, "method_name": "set_baud_rate", "args": {"baudrate": "115200"}}, "resp": {"exception": "None", "resp": "None"}, "profile": {"mo": 3, "exec_time_sec": 0.00015469999925699085}}}, {"_id": "2021:10:13:11:32:08.956374", "Trace Message Type": "GenericMethodTraceMsg", "Trace Message": {"req": {"arrival_time": "2021:10:13:11:30:50.425003", "backend_type": "DirectFtdiDevice", "backend_instance_id": 1, "method_name": "set_parameters", "args": {"data_bits": "0"}}, "resp": {"exception": "None", "resp": "None"}, "profile": {"mo": 3, "exec_time_sec": 7.970000297063962e-05}}}, {"_id": "2021:10:13:11:32:09.073052", "Trace Message Type": "GenericMethodTraceMsg", "Trace Message": {"req": {"arrival_time": "2021:10:13:11:30:50.544929", "backend_type": "DirectFtdiDevice", "backend_instance_id": 1, "method_name": "set_timeouts", "args": {"read_timeout": "500"}}, "resp": {"exception": "None", "resp": "None"}, "profile": {"mo": 3, "exec_time_sec": 3.6299999919719994e-05}}}, {"_id": "2021:10:13:11:32:09.186749", "Trace Message Type": "GenericMethodTraceMsg", "Trace Message": {"req": {"arrival_time": "2021:10:13:11:30:50.664856", "backend_type": "DirectFtdiDevice", "backend_instance_id": 1, "method_name": "set_timeouts", "args": {"read_timeout": "500"}}, "resp": {"exception": "None", "resp": "None"}, "profile": {"mo": 3, "exec_time_sec": 1.680000059423037e-05}}}, {"_id": "2021:10:13:11:32:09.312412", "Trace Message Type": "GenericMethodTraceMsg", "Trace Message": {"req": {"arrival_time": "2021:10:13:11:30:50.774787", "backend_type": "DirectFtdiDevice", "backend_instance_id": 1, "method_name": "write", "args": {"data": {"network_address": "@1", "99": "99", "crc": "D12D", "sequence_no": "4", "command_name": "PING", "flags": {}, "args": {}, "command": ""}}}, "resp": {"exception": "None", "resp": "None"}, "profile": {"mo": 3, "exec_time_sec": 0.00013470000703819096}}}, {"_id": "2021:10:13:11:32:09.454034", "Trace Message Type": "GenericMethodTraceMsg", "Trace Message": {"req": {"arrival_time": "2021:10:13:11:30:50.900710", "backend_type": "DirectFtdiDevice", "backend_instance_id": 1, "method_name": "set_timeouts", "args": {"read_timeout": "500"}}, "resp": {"exception": "None", "resp": "None"}, "profile": {"mo": 3, "exec_time_sec": 1.650000012887176e-05}}}, {"_id": "2021:10:13:11:32:09.571717", "Trace Message Type": "GenericMethodTraceMsg", "Trace Message": {"req": {"arrival_time": "2021:10:13:11:30:51.042624", "backend_type": "DirectFtdiDevice", "backend_instance_id": 1, "method_name": "get_input_size", "args": {}}, "resp": {"exception": "None", "resp": "8"}, "profile": {"mo": 3, "exec_time_sec": 2.0400000721565448e-05}}}, {"_id": "2021:10:13:11:32:09.694390", "Trace Message Type": "GenericMethodTraceMsg", "Trace Message": {"req": {"arrival_time": "2021:10:13:11:30:51.160550", "backend_type": "DirectFtdiDevice", "backend_instance_id": 1, "method_name": "set_timeouts", "args": {"read_timeout": "500"}}, "resp": {"exception": "None", "resp": "None"}, "profile": {"mo": 3, "exec_time_sec": 1.7300000763498247e-05}}}, {"_id": "2021:10:13:11:32:09.821058", "Trace Message Type": "GenericMethodTraceMsg", "Trace Message": {"req": {"arrival_time": "2021:10:13:11:30:51.282476", "backend_type": "DirectFtdiDevice", "backend_instance_id": 1, "method_name": "read", "args": {"num_bytes": "8", "raw": "True"}}, "resp": {"exception": "None", "resp": "b'\\x80\\x03C\\x08\\x00\\r857E\\r\\nq\\x00.'"}, "profile": {"mo": 3, "exec_time_sec": 5.1300001359777525e-05}}}, {"_id": "2021:10:13:11:32:09.950746", "Trace Message Type": "GenericMethodTraceMsg", "Trace Message": {"req": {"arrival_time": "2021:10:13:11:30:51.409396", "backend_type": "DirectFtdiDevice", "backend_instance_id": 1, "method_name": "set_timeouts", "args": {"read_timeout": "500"}}, "resp": {"exception": "None", "resp": "None"}, "profile": {"mo": 3, "exec_time_sec": 3.569999898900278e-05}}}, {"_id": "2021:10:13:11:32:10.176101", "Trace Message Type": "GenericMethodTraceMsg", "Trace Message": {"req": {"arrival_time": "2021:10:13:11:30:51.614272", "backend_type": "DirectFtdiDevice", "backend_instance_id": 1, "method_name": "set_timeouts", "args": {"read_timeout": "500"}}, "resp": {"exception": "None", "resp": "None"}, "profile": {"mo": 3, "exec_time_sec": 3.0299999707494862e-05}}}, {"_id": "2021:10:13:11:32:10.291791", "Trace Message Type": "GenericMethodTraceMsg", "Trace Message": {"req": {"arrival_time": "2021:10:13:11:30:51.765179", "backend_type": "DirectFtdiDevice", "backend_instance_id": 1, "method_name": "write", "args": {"data": {"network_address": "@1", "99": "99", "crc": "DB7E", "sequence_no": "38", "command_name": "BIAS", "flags": {}, "args": {}, "command": ""}}}, "resp": {"exception": "None", "resp": "None"}, "profile": {"mo": 3, "exec_time_sec": 0.0001336999994236976}}}, {"_id": "2021:10:13:11:32:10.418463", "Trace Message Type": "GenericMethodTraceMsg", "Trace Message": {"req": {"arrival_time": "2021:10:13:11:30:51.881108", "backend_type": "DirectFtdiDevice", "backend_instance_id": 1, "method_name": "set_timeouts", "args": {"read_timeout": "500"}}, "resp": {"exception": "None", "resp": "None"}, "profile": {"mo": 3, "exec_time_sec": 2.700000004551839e-05}}}, {"_id": "2021:10:13:11:32:10.538133", "Trace Message Type": "GenericMethodTraceMsg", "Trace Message": {"req": {"arrival_time": "2021:10:13:11:30:52.007029", "backend_type": "DirectFtdiDevice", "backend_instance_id": 1, "method_name": "get_input_size", "args": {}}, "resp": {"exception": "None", "resp": "9"}, "profile": {"mo": 3, "exec_time_sec": 3.5000000934815034e-05}}}, {"_id": "2021:10:13:11:32:10.666790", "Trace Message Type": "GenericMethodTraceMsg", "Trace Message": {"req": {"arrival_time": "2021:10:13:11:30:52.125958", "backend_type": "DirectFtdiDevice", "backend_instance_id": 1, "method_name": "set_timeouts", "args": {"read_timeout": "500"}}, "resp": {"exception": "None", "resp": "None"}, "profile": {"mo": 3, "exec_time_sec": 3.389999983482994e-05}}}, {"_id": "2021:10:13:11:32:10.785472", "Trace Message Type": "GenericMethodTraceMsg", "Trace Message": {"req": {"arrival_time": "2021:10:13:11:30:52.254878", "backend_type": "DirectFtdiDevice", "backend_instance_id": 1, "method_name": "read", "args": {"num_bytes": "9", "raw": "True"}}, "resp": {"exception": "None", "resp": "b'\\x80\\x03C\\t2 \\r0A08\\r\\nq\\x00.'"}, "profile": {"mo": 3, "exec_time_sec": 5.279999822960235e-05}}}, {"_id": "2021:10:13:11:32:10.909173", "Trace Message Type": "GenericMethodTraceMsg", "Trace Message": {"req": {"arrival_time": "2021:10:13:11:30:52.373805", "backend_type": "DirectFtdiDevice", "backend_instance_id": 1, "method_name": "set_timeouts", "args": {"read_timeout": "500"}}, "resp": {"exception": "None", "resp": "None"}, "profile": {"mo": 3, "exec_time_sec": 1.680000059423037e-05}}}, {"_id": "2021:10:13:11:32:11.065723", "Trace Message Type": "GenericMethodTraceMsg", "Trace Message": {"req": {"arrival_time": "2021:10:13:11:30:52.524713", "backend_type": "DirectFtdiDevice", "backend_instance_id": 1, "method_name": "set_timeouts", "args": {"read_timeout": "500"}}, "resp": {"exception": "None", "resp": "None"}, "profile": {"mo": 3, "exec_time_sec": 1.8200000340584666e-05}}}, {"_id": "2021:10:13:11:32:11.187396", "Trace Message Type": "GenericMethodTraceMsg", "Trace Message": {"req": {"arrival_time": "2021:10:13:11:30:52.653634", "backend_type": "DirectFtdiDevice", "backend_instance_id": 1, "method_name": "write", "args": {"data": {"network_address": "@1", "99": "99", "crc": "DB08", "sequence_no": "6", "command_name": "SPED", "flags": {}, "args": {"velocity": "20000", "acceleration": "20000"}, "command": ""}}}, "resp": {"exception": "None", "resp": "None"}, "profile": {"mo": 3, "exec_time_sec": 0.00012260000221431255}}}, {"_id": "2021:10:13:11:32:11.316052", "Trace Message Type": "GenericMethodTraceMsg", "Trace Message": {"req": {"arrival_time": "2021:10:13:11:30:52.775559", "backend_type": "DirectFtdiDevice", "backend_instance_id": 1, "method_name": "set_timeouts", "args": {"read_timeout": "500"}}, "resp": {"exception": "None", "resp": "None"}, "profile": {"mo": 3, "exec_time_sec": 1.720000000204891e-05}}}, {"_id": "2021:10:13:11:32:11.455709", "Trace Message Type": "GenericMethodTraceMsg", "Trace Message": {"req": {"arrival_time": "2021:10:13:11:30:52.904480", "backend_type": "DirectFtdiDevice", "backend_instance_id": 1, "method_name": "get_input_size", "args": {}}, "resp": {"exception": "None", "resp": "19"}, "profile": {"mo": 3, "exec_time_sec": 2.099999983329326e-05}}}, {"_id": "2021:10:13:11:32:11.577355", "Trace Message Type": "GenericMethodTraceMsg", "Trace Message": {"req": {"arrival_time": "2021:10:13:11:30:53.044394", "backend_type": "DirectFtdiDevice", "backend_instance_id": 1, "method_name": "set_timeouts", "args": {"read_timeout": "500"}}, "resp": {"exception": "None", "resp": "None"}, "profile": {"mo": 3, "exec_time_sec": 1.8000000636675395e-05}}}, {"_id": "2021:10:13:11:32:11.707008", "Trace Message Type": "GenericMethodTraceMsg", "Trace Message": {"req": {"arrival_time": "2021:10:13:11:30:53.165319", "backend_type": "DirectFtdiDevice", "backend_instance_id": 1, "method_name": "read", "args": {"num_bytes": "19", "raw": "True"}}, "resp": {"exception": "None", "resp": "b'\\x80\\x03C\\x1320000 20000 \\rC22D\\r\\nq\\x00.'"}, "profile": {"mo": 3, "exec_time_sec": 5.8900001022266224e-05}}}, {"_id": "2021:10:13:11:32:11.832672", "Trace Message Type": "GenericMethodTraceMsg", "Trace Message": {"req": {"arrival_time": "2021:10:13:11:30:53.295240", "backend_type": "DirectFtdiDevice", "backend_instance_id": 1, "method_name": "set_timeouts", "args": {"read_timeout": "500"}}, "resp": {"exception": "None", "resp": "None"}, "profile": {"mo": 3, "exec_time_sec": 3.6699999327538535e-05}}}, {"_id": "2021:10:13:11:32:11.957338", "Trace Message Type": "GenericMethodTraceMsg", "Trace Message": {"req": {"arrival_time": "2021:10:13:11:30:53.424160", "backend_type": "DirectFtdiDevice", "backend_instance_id": 1, "method_name": "set_timeouts", "args": {"read_timeout": "500"}}, "resp": {"exception": "None", "resp": "None"}, "profile": {"mo": 3, "exec_time_sec": 1.8599999748403206e-05}}}, {"_id": "2021:10:13:11:32:12.073028", "Trace Message Type": "GenericMethodTraceMsg", "Trace Message": {"req": {"arrival_time": "2021:10:13:11:30:53.545087", "backend_type": "DirectFtdiDevice", "backend_instance_id": 1, "method_name": "write", "args": {"data": {"network_address": "@1", "99": "99", "crc": "30AE", "sequence_no": "8", "command_name": "BIAS", "flags": {}, "args": {"bias": "0"}, "command": ""}}}, "resp": {"exception": "None", "resp": "None"}, "profile": {"mo": 3, "exec_time_sec": 0.0001703000016277656}}}, {"_id": "2021:10:13:11:32:12.194738", "Trace Message Type": "GenericMethodTraceMsg", "Trace Message": {"req": {"arrival_time": "2021:10:13:11:30:53.661015", "backend_type": "DirectFtdiDevice", "backend_instance_id": 1, "method_name": "set_timeouts", "args": {"read_timeout": "500"}}, "resp": {"exception": "None", "resp": "None"}, "profile": {"mo": 3, "exec_time_sec": 6.040000153006986e-05}}}, {"_id": "2021:10:13:11:32:12.312388", "Trace Message Type": "GenericMethodTraceMsg", "Trace Message": {"req": {"arrival_time": "2021:10:13:11:30:53.783939", "backend_type": "DirectFtdiDevice", "backend_instance_id": 1, "method_name": "get_input_size", "args": {}}, "resp": {"exception": "None", "resp": "9"}, "profile": {"mo": 3, "exec_time_sec": 2.1100000594742596e-05}}}, {"_id": "2021:10:13:11:32:12.448080", "Trace Message Type": "GenericMethodTraceMsg", "Trace Message": {"req": {"arrival_time": "2021:10:13:11:30:53.900868", "backend_type": "DirectFtdiDevice", "backend_instance_id": 1, "method_name": "set_timeouts", "args": {"read_timeout": "500"}}, "resp": {"exception": "None", "resp": "None"}, "profile": {"mo": 3, "exec_time_sec": 6.749999738531187e-05}}}, {"_id": "2021:10:13:11:32:12.560806", "Trace Message Type": "GenericMethodTraceMsg", "Trace Message": {"req": {"arrival_time": "2021:10:13:11:30:54.035786", "backend_type": "DirectFtdiDevice", "backend_instance_id": 1, "method_name": "read", "args": {"num_bytes": "9", "raw": "True"}}, "resp": {"exception": "None", "resp": "b'\\x80\\x03C\\t0 \\rCAA9\\r\\nq\\x00.'"}, "profile": {"mo": 3, "exec_time_sec": 2.750000021478627e-05}}}, {"_id": "2021:10:13:11:32:12.686437", "Trace Message Type": "GenericMethodTraceMsg", "Trace Message": {"req": {"arrival_time": "2021:10:13:11:30:54.149713", "backend_type": "DirectFtdiDevice", "backend_instance_id": 1, "method_name": "set_timeouts", "args": {"read_timeout": "500"}}, "resp": {"exception": "None", "resp": "None"}, "profile": {"mo": 3, "exec_time_sec": 1.7300000763498247e-05}}}, {"_id": "2021:10:13:11:32:12.810135", "Trace Message Type": "GenericMethodTraceMsg", "Trace Message": {"req": {"arrival_time": "2021:10:13:11:30:54.277638", "backend_type": "DirectFtdiDevice", "backend_instance_id": 1, "method_name": "set_timeouts", "args": {"read_timeout": "500"}}, "resp": {"exception": "None", "resp": "None"}, "profile": {"mo": 3, "exec_time_sec": 1.700000029813964e-05}}}, {"_id": "2021:10:13:11:32:12.925796", "Trace Message Type": "GenericMethodTraceMsg", "Trace Message": {"req": {"arrival_time": "2021:10:13:11:30:54.398562", "backend_type": "DirectFtdiDevice", "backend_instance_id": 1, "method_name": "write", "args": {"data": {"network_address": "@1", "99": "99", "crc": "C79B", "sequence_no": "10", "command_name": "HOME", "flags": {"if_needed": "1"}, "args": {}, "command": ""}}}, "resp": {"exception": "None", "resp": "None"}, "profile": {"mo": 3, "exec_time_sec": 0.00015730000450275838}}}, {"_id": "2021:10:13:11:32:13.042510", "Trace Message Type": "GenericMethodTraceMsg", "Trace Message": {"req": {"arrival_time": "2021:10:13:11:30:54.514491", "backend_type": "DirectFtdiDevice", "backend_instance_id": 1, "method_name": "set_timeouts", "args": {"read_timeout": "500"}}, "resp": {"exception": "None", "resp": "None"}, "profile": {"mo": 3, "exec_time_sec": 1.7700000171316788e-05}}}, {"_id": "2021:10:13:11:32:13.159289", "Trace Message Type": "GenericMethodTraceMsg", "Trace Message": {"req": {"arrival_time": "2021:10:13:11:30:54.631419", "backend_type": "DirectFtdiDevice", "backend_instance_id": 1, "method_name": "get_input_size", "args": {}}, "resp": {"exception": "None", "resp": "25"}, "profile": {"mo": 3, "exec_time_sec": 7.259999983943999e-05}}}, {"_id": "2021:10:13:11:32:13.290651", "Trace Message Type": "GenericMethodTraceMsg", "Trace Message": {"req": {"arrival_time": "2021:10:13:11:30:54.748347", "backend_type": "DirectFtdiDevice", "backend_instance_id": 1, "method_name": "set_timeouts", "args": {"read_timeout": "500"}}, "resp": {"exception": "None", "resp": "None"}, "profile": {"mo": 3, "exec_time_sec": 6.0999998822808266e-05}}}, {"_id": "2021:10:13:11:32:13.427245", "Trace Message Type": "GenericMethodTraceMsg", "Trace Message": {"req": {"arrival_time": "2021:10:13:11:30:54.880267", "backend_type": "DirectFtdiDevice", "backend_instance_id": 1, "method_name": "read", "args": {"num_bytes": "25", "raw": "True"}}, "resp": {"exception": "None", "resp": "b'\\x80\\x03C\\x191118 9 28244 6000 \\r8D22\\r\\nq\\x00.'"}, "profile": {"mo": 3, "exec_time_sec": 8.659999730298296e-05}}}, {"_id": "2021:10:13:11:32:13.550919", "Trace Message Type": "GenericMethodTraceMsg", "Trace Message": {"req": {"arrival_time": "2021:10:13:11:30:55.016183", "backend_type": "DirectFtdiDevice", "backend_instance_id": 1, "method_name": "set_timeouts", "args": {"read_timeout": "500"}}, "resp": {"exception": "None", "resp": "None"}, "profile": {"mo": 3, "exec_time_sec": 6.230000144569203e-05}}}, {"_id": "2021:10:13:11:32:13.673621", "Trace Message Type": "GenericMethodTraceMsg", "Trace Message": {"req": {"arrival_time": "2021:10:13:11:30:55.143105", "backend_type": "DirectFtdiDevice", "backend_instance_id": 1, "method_name": "set_timeouts", "args": {"read_timeout": "500"}}, "resp": {"exception": "None", "resp": "None"}, "profile": {"mo": 3, "exec_time_sec": 1.6599999071331695e-05}}}, {"_id": "2021:10:13:11:32:13.794332", "Trace Message Type": "GenericMethodTraceMsg", "Trace Message": {"req": {"arrival_time": "2021:10:13:11:30:55.262032", "backend_type": "DirectFtdiDevice", "backend_instance_id": 1, "method_name": "write", "args": {"data": {"network_address": "@1", "99": "99", "crc": "FE6D", "sequence_no": "12", "command_name": "CURR", "flags": {}, "args": {"axis": "0"}, "command": ""}}}, "resp": {"exception": "None", "resp": "None"}, "profile": {"mo": 3, "exec_time_sec": 0.00024920000578276813}}}, {"_id": "2021:10:13:11:32:13.915048", "Trace Message Type": "GenericMethodTraceMsg", "Trace Message": {"req": {"arrival_time": "2021:10:13:11:30:55.384957", "backend_type": "DirectFtdiDevice", "backend_instance_id": 1, "method_name": "set_timeouts", "args": {"read_timeout": "500"}}, "resp": {"exception": "None", "resp": "None"}, "profile": {"mo": 3, "exec_time_sec": 5.999999848427251e-05}}}, {"_id": "2021:10:13:11:32:14.033732", "Trace Message Type": "GenericMethodTraceMsg", "Trace Message": {"req": {"arrival_time": "2021:10:13:11:30:55.504883", "backend_type": "DirectFtdiDevice", "backend_instance_id": 1, "method_name": "get_input_size", "args": {}}, "resp": {"exception": "None", "resp": "12"}, "profile": {"mo": 3, "exec_time_sec": 2.0400000721565448e-05}}}, {"_id": "2021:10:13:11:32:14.158396", "Trace Message Type": "GenericMethodTraceMsg", "Trace Message": {"req": {"arrival_time": "2021:10:13:11:30:55.622813", "backend_type": "DirectFtdiDevice", "backend_instance_id": 1, "method_name": "set_timeouts", "args": {"read_timeout": "500"}}, "resp": {"exception": "None", "resp": "None"}, "profile": {"mo": 3, "exec_time_sec": 3.49000001733657e-05}}}, {"_id": "2021:10:13:11:32:14.276611", "Trace Message Type": "GenericMethodTraceMsg", "Trace Message": {"req": {"arrival_time": "2021:10:13:11:30:55.746735", "backend_type": "DirectFtdiDevice", "backend_instance_id": 1, "method_name": "read", "args": {"num_bytes": "12", "raw": "True"}}, "resp": {"exception": "None", "resp": "b'\\x80\\x03C\\x0c-156 \\r654C\\r\\nq\\x00.'"}, "profile": {"mo": 3, "exec_time_sec": 5.0400001782691106e-05}}}, {"_id": "2021:10:13:11:32:14.401274", "Trace Message Type": "GenericMethodTraceMsg", "Trace Message": {"req": {"arrival_time": "2021:10:13:11:30:55.865662", "backend_type": "DirectFtdiDevice", "backend_instance_id": 1, "method_name": "set_timeouts", "args": {"read_timeout": "500"}}, "resp": {"exception": "None", "resp": "None"}, "profile": {"mo": 3, "exec_time_sec": 1.7500000467407517e-05}}}, {"_id": "2021:10:13:11:32:14.526942", "Trace Message Type": "GenericMethodTraceMsg", "Trace Message": {"req": {"arrival_time": "2021:10:13:11:30:55.992584", "backend_type": "DirectFtdiDevice", "backend_instance_id": 1, "method_name": "set_timeouts", "args": {"read_timeout": "500"}}, "resp": {"exception": "None", "resp": "None"}, "profile": {"mo": 3, "exec_time_sec": 1.8400000044493936e-05}}}, {"_id": "2021:10:13:11:32:14.646618", "Trace Message Type": "GenericMethodTraceMsg", "Trace Message": {"req": {"arrival_time": "2021:10:13:11:30:56.116510", "backend_type": "DirectFtdiDevice", "backend_instance_id": 1, "method_name": "write", "args": {"data": {"network_address": "@1", "99": "99", "crc": "5E46", "sequence_no": "14", "command_name": "CURR", "flags": {}, "args": {"axis": "0"}, "command": ""}}}, "resp": {"exception": "None", "resp": "None"}, "profile": {"mo": 3, "exec_time_sec": 8.879999950295314e-05}}}, {"_id": "2021:10:13:11:32:14.768716", "Trace Message Type": "GenericMethodTraceMsg", "Trace Message": {"req": {"arrival_time": "2021:10:13:11:30:56.235434", "backend_type": "DirectFtdiDevice", "backend_instance_id": 1, "method_name": "set_timeouts", "args": {"read_timeout": "500"}}, "resp": {"exception": "None", "resp": "None"}, "profile": {"mo": 3, "exec_time_sec": 3.949999882024713e-05}}}, {"_id": "2021:10:13:11:32:14.888399", "Trace Message Type": "GenericMethodTraceMsg", "Trace Message": {"req": {"arrival_time": "2021:10:13:11:30:56.357361", "backend_type": "DirectFtdiDevice", "backend_instance_id": 1, "method_name": "get_input_size", "args": {}}, "resp": {"exception": "None", "resp": "12"}, "profile": {"mo": 3, "exec_time_sec": 7.409999670926481e-05}}}, {"_id": "2021:10:13:11:32:15.013062", "Trace Message Type": "GenericMethodTraceMsg", "Trace Message": {"req": {"arrival_time": "2021:10:13:11:30:56.478284", "backend_type": "DirectFtdiDevice", "backend_instance_id": 1, "method_name": "set_timeouts", "args": {"read_timeout": "500"}}, "resp": {"exception": "None", "resp": "None"}, "profile": {"mo": 3, "exec_time_sec": 3.360000118846074e-05}}}, {"_id": "2021:10:13:11:32:15.134739", "Trace Message Type": "GenericMethodTraceMsg", "Trace Message": {"req": {"arrival_time": "2021:10:13:11:30:56.601209", "backend_type": "DirectFtdiDevice", "backend_instance_id": 1, "method_name": "read", "args": {"num_bytes": "12", "raw": "True"}}, "resp": {"exception": "None", "resp": "b'\\x80\\x03C\\x0c-163 \\r205C\\r\\nq\\x00.'"}, "profile": {"mo": 3, "exec_time_sec": 2.4400000256719068e-05}}}, {"_id": "2021:10:13:11:32:15.265385", "Trace Message Type": "GenericMethodTraceMsg", "Trace Message": {"req": {"arrival_time": "2021:10:13:11:30:56.724134", "backend_type": "DirectFtdiDevice", "backend_instance_id": 1, "method_name": "set_timeouts", "args": {"read_timeout": "500"}}, "resp": {"exception": "None", "resp": "None"}, "profile": {"mo": 3, "exec_time_sec": 2.9099999665049836e-05}}}, {"_id": "2021:10:13:11:32:15.391373", "Trace Message Type": "GenericMethodTraceMsg", "Trace Message": {"req": {"arrival_time": "2021:10:13:11:30:56.857054", "backend_type": "DirectFtdiDevice", "backend_instance_id": 1, "method_name": "set_timeouts", "args": {"read_timeout": "500"}}, "resp": {"exception": "None", "resp": "None"}, "profile": {"mo": 3, "exec_time_sec": 6.310000026132911e-05}}}, {"_id": "2021:10:13:11:32:15.514169", "Trace Message Type": "GenericMethodTraceMsg", "Trace Message": {"req": {"arrival_time": "2021:10:13:11:30:56.980977", "backend_type": "DirectFtdiDevice", "backend_instance_id": 1, "method_name": "write", "args": {"data": {"network_address": "@1", "99": "99", "crc": "3E5F", "sequence_no": "16", "command_name": "CURR", "flags": {}, "args": {"axis": "0"}, "command": ""}}}, "resp": {"exception": "None", "resp": "None"}, "profile": {"mo": 3, "exec_time_sec": 0.00012290000449866056}}}, {"_id": "2021:10:13:11:32:15.629052", "Trace Message Type": "GenericMethodTraceMsg", "Trace Message": {"req": {"arrival_time": "2021:10:13:11:30:57.101902", "backend_type": "DirectFtdiDevice", "backend_instance_id": 1, "method_name": "set_timeouts", "args": {"read_timeout": "500"}}, "resp": {"exception": "None", "resp": "None"}, "profile": {"mo": 3, "exec_time_sec": 3.8800000766059384e-05}}}, {"_id": "2021:10:13:11:32:15.739482", "Trace Message Type": "GenericMethodTraceMsg", "Trace Message": {"req": {"arrival_time": "2021:10:13:11:30:57.216832", "backend_type": "DirectFtdiDevice", "backend_instance_id": 1, "method_name": "get_input_size", "args": {}}, "resp": {"exception": "None", "resp": "12"}, "profile": {"mo": 3, "exec_time_sec": 2.2599999283556826e-05}}}, {"_id": "2021:10:13:11:32:15.861710", "Trace Message Type": "GenericMethodTraceMsg", "Trace Message": {"req": {"arrival_time": "2021:10:13:11:30:57.327764", "backend_type": "DirectFtdiDevice", "backend_instance_id": 1, "method_name": "set_timeouts", "args": {"read_timeout": "500"}}, "resp": {"exception": "None", "resp": "None"}, "profile": {"mo": 3, "exec_time_sec": 1.700000029813964e-05}}}, {"_id": "2021:10:13:11:32:15.987828", "Trace Message Type": "GenericMethodTraceMsg", "Trace Message": {"req": {"arrival_time": "2021:10:13:11:30:57.449689", "backend_type": "DirectFtdiDevice", "backend_instance_id": 1, "method_name": "read", "args": {"num_bytes": "12", "raw": "True"}}, "resp": {"exception": "None", "resp": "b'\\x80\\x03C\\x0c-157 \\rA51D\\r\\nq\\x00.'"}, "profile": {"mo": 3, "exec_time_sec": 3.9999998989515007e-05}}}, {"_id": "2021:10:13:11:32:16.109574", "Trace Message Type": "GenericMethodTraceMsg", "Trace Message": {"req": {"arrival_time": "2021:10:13:11:30:57.575611", "backend_type": "DirectFtdiDevice", "backend_instance_id": 1, "method_name": "set_timeouts", "args": {"read_timeout": "500"}}, "resp": {"exception": "None", "resp": "None"}, "profile": {"mo": 3, "exec_time_sec": 5.070000042906031e-05}}}, {"_id": "2021:10:13:11:32:16.240914", "Trace Message Type": "GenericMethodTraceMsg", "Trace Message": {"req": {"arrival_time": "2021:10:13:11:30:57.700535", "backend_type": "DirectFtdiDevice", "backend_instance_id": 1, "method_name": "set_timeouts", "args": {"read_timeout": "500"}}, "resp": {"exception": "None", "resp": "None"}, "profile": {"mo": 3, "exec_time_sec": 3.780000042752363e-05}}}, {"_id": "2021:10:13:11:32:16.357608", "Trace Message Type": "GenericMethodTraceMsg", "Trace Message": {"req": {"arrival_time": "2021:10:13:11:30:57.829457", "backend_type": "DirectFtdiDevice", "backend_instance_id": 1, "method_name": "write", "args": {"data": {"network_address": "@1", "99": "99", "crc": "5E13", "sequence_no": "18", "command_name": "CURR", "flags": {}, "args": {"axis": "0"}, "command": ""}}}, "resp": {"exception": "None", "resp": "None"}, "profile": {"mo": 3, "exec_time_sec": 0.0002040999970631674}}}, {"_id": "2021:10:13:11:32:16.479286", "Trace Message Type": "GenericMethodTraceMsg", "Trace Message": {"req": {"arrival_time": "2021:10:13:11:30:57.946384", "backend_type": "DirectFtdiDevice", "backend_instance_id": 1, "method_name": "set_timeouts", "args": {"read_timeout": "500"}}, "resp": {"exception": "None", "resp": "None"}, "profile": {"mo": 3, "exec_time_sec": 6.040000153006986e-05}}}, {"_id": "2021:10:13:11:32:16.600306", "Trace Message Type": "GenericMethodTraceMsg", "Trace Message": {"req": {"arrival_time": "2021:10:13:11:30:58.069308", "backend_type": "DirectFtdiDevice", "backend_instance_id": 1, "method_name": "get_input_size", "args": {}}, "resp": {"exception": "None", "resp": "12"}, "profile": {"mo": 3, "exec_time_sec": 7.339999865507707e-05}}}, {"_id": "2021:10:13:11:32:16.721001", "Trace Message Type": "GenericMethodTraceMsg", "Trace Message": {"req": {"arrival_time": "2021:10:13:11:30:58.189235", "backend_type": "DirectFtdiDevice", "backend_instance_id": 1, "method_name": "set_timeouts", "args": {"read_timeout": "500"}}, "resp": {"exception": "None", "resp": "None"}, "profile": {"mo": 3, "exec_time_sec": 2.59000007645227e-05}}}, {"_id": "2021:10:13:11:32:16.845651", "Trace Message Type": "GenericMethodTraceMsg", "Trace Message": {"req": {"arrival_time": "2021:10:13:11:30:58.310160", "backend_type": "DirectFtdiDevice", "backend_instance_id": 1, "method_name": "read", "args": {"num_bytes": "12", "raw": "True"}}, "resp": {"exception": "None", "resp": "b'\\x80\\x03C\\x0c-153 \\r645C\\r\\nq\\x00.'"}, "profile": {"mo": 3, "exec_time_sec": 0.00019799999427050352}}}, {"_id": "2021:10:13:11:32:16.969471", "Trace Message Type": "GenericMethodTraceMsg", "Trace Message": {"req": {"arrival_time": "2021:10:13:11:30:58.435083", "backend_type": "DirectFtdiDevice", "backend_instance_id": 1, "method_name": "set_timeouts", "args": {"read_timeout": "500"}}, "resp": {"exception": "None", "resp": "None"}, "profile": {"mo": 3, "exec_time_sec": 6.299999949987978e-05}}}, {"_id": "2021:10:13:11:32:17.090987", "Trace Message Type": "GenericMethodTraceMsg", "Trace Message": {"req": {"arrival_time": "2021:10:13:11:30:58.561006", "backend_type": "DirectFtdiDevice", "backend_instance_id": 1, "method_name": "set_timeouts", "args": {"read_timeout": "500"}}, "resp": {"exception": "None", "resp": "None"}, "profile": {"mo": 3, "exec_time_sec": 2.6899999284069054e-05}}}, {"_id": "2021:10:13:11:32:17.212775", "Trace Message Type": "GenericMethodTraceMsg", "Trace Message": {"req": {"arrival_time": "2021:10:13:11:30:58.678934", "backend_type": "DirectFtdiDevice", "backend_instance_id": 1, "method_name": "write", "args": {"data": {"network_address": "@1", "99": "99", "crc": "9184", "sequence_no": "20", "command_name": "CURR", "flags": {}, "args": {"axis": "0"}, "command": ""}}}, "resp": {"exception": "None", "resp": "None"}, "profile": {"mo": 3, "exec_time_sec": 0.00012670000432990491}}}, {"_id": "2021:10:13:11:32:17.332567", "Trace Message Type": "GenericMethodTraceMsg", "Trace Message": {"req": {"arrival_time": "2021:10:13:11:30:58.800859", "backend_type": "DirectFtdiDevice", "backend_instance_id": 1, "method_name": "set_timeouts", "args": {"read_timeout": "500"}}, "resp": {"exception": "None", "resp": "None"}, "profile": {"mo": 3, "exec_time_sec": 1.7500000467407517e-05}}}, {"_id": "2021:10:13:11:32:17.450308", "Trace Message Type": "GenericMethodTraceMsg", "Trace Message": {"req": {"arrival_time": "2021:10:13:11:30:58.920786", "backend_type": "DirectFtdiDevice", "backend_instance_id": 1, "method_name": "get_input_size", "args": {}}, "resp": {"exception": "None", "resp": "12"}, "profile": {"mo": 3, "exec_time_sec": 7.229999755509198e-05}}}, {"_id": "2021:10:13:11:32:17.577353", "Trace Message Type": "GenericMethodTraceMsg", "Trace Message": {"req": {"arrival_time": "2021:10:13:11:30:59.039714", "backend_type": "DirectFtdiDevice", "backend_instance_id": 1, "method_name": "set_timeouts", "args": {"read_timeout": "500"}}, "resp": {"exception": "None", "resp": "None"}, "profile": {"mo": 3, "exec_time_sec": 6.199999916134402e-05}}}, {"_id": "2021:10:13:11:32:17.707346", "Trace Message Type": "GenericMethodTraceMsg", "Trace Message": {"req": {"arrival_time": "2021:10:13:11:30:59.166634", "backend_type": "DirectFtdiDevice", "backend_instance_id": 1, "method_name": "read", "args": {"num_bytes": "12", "raw": "True"}}, "resp": {"exception": "None", "resp": "b'\\x80\\x03C\\x0c-167 \\rE11D\\r\\nq\\x00.'"}, "profile": {"mo": 3, "exec_time_sec": 0.00010009999823523685}}}, {"_id": "2021:10:13:11:32:17.827023", "Trace Message Type": "GenericMethodTraceMsg", "Trace Message": {"req": {"arrival_time": "2021:10:13:11:30:59.296555", "backend_type": "DirectFtdiDevice", "backend_instance_id": 1, "method_name": "set_timeouts", "args": {"read_timeout": "500"}}, "resp": {"exception": "None", "resp": "None"}, "profile": {"mo": 3, "exec_time_sec": 1.9299999621580355e-05}}}, {"_id": "2021:10:13:11:32:17.959721", "Trace Message Type": "GenericMethodTraceMsg", "Trace Message": {"req": {"arrival_time": "2021:10:13:11:30:59.418481", "backend_type": "DirectFtdiDevice", "backend_instance_id": 1, "method_name": "set_timeouts", "args": {"read_timeout": "500"}}, "resp": {"exception": "None", "resp": "None"}, "profile": {"mo": 3, "exec_time_sec": 6.199999916134402e-05}}}, {"_id": "2021:10:13:11:32:18.081343", "Trace Message Type": "GenericMethodTraceMsg", "Trace Message": {"req": {"arrival_time": "2021:10:13:11:30:59.548400", "backend_type": "DirectFtdiDevice", "backend_instance_id": 1, "method_name": "write", "args": {"data": {"network_address": "@1", "99": "99", "crc": "F19D", "sequence_no": "22", "command_name": "CURR", "flags": {}, "args": {"axis": "0"}, "command": ""}}}, "resp": {"exception": "None", "resp": "None"}, "profile": {"mo": 3, "exec_time_sec": 0.0001500999933341518}}}, {"_id": "2021:10:13:11:32:18.199030", "Trace Message Type": "GenericMethodTraceMsg", "Trace Message": {"req": {"arrival_time": "2021:10:13:11:30:59.670327", "backend_type": "DirectFtdiDevice", "backend_instance_id": 1, "method_name": "set_timeouts", "args": {"read_timeout": "500"}}, "resp": {"exception": "None", "resp": "None"}, "profile": {"mo": 3, "exec_time_sec": 3.199999991920777e-05}}}, {"_id": "2021:10:13:11:32:18.311775", "Trace Message Type": "GenericMethodTraceMsg", "Trace Message": {"req": {"arrival_time": "2021:10:13:11:30:59.787253", "backend_type": "DirectFtdiDevice", "backend_instance_id": 1, "method_name": "get_input_size", "args": {}}, "resp": {"exception": "None", "resp": "12"}, "profile": {"mo": 3, "exec_time_sec": 1.9400000383029692e-05}}}, {"_id": "2021:10:13:11:32:18.435321", "Trace Message Type": "GenericMethodTraceMsg", "Trace Message": {"req": {"arrival_time": "2021:10:13:11:30:59.900184", "backend_type": "DirectFtdiDevice", "backend_instance_id": 1, "method_name": "set_timeouts", "args": {"read_timeout": "500"}}, "resp": {"exception": "None", "resp": "None"}, "profile": {"mo": 3, "exec_time_sec": 1.82999992830446e-05}}}, {"_id": "2021:10:13:11:32:18.581988", "Trace Message Type": "GenericMethodTraceMsg", "Trace Message": {"req": {"arrival_time": "2021:10:13:11:31:00.024109", "backend_type": "DirectFtdiDevice", "backend_instance_id": 1, "method_name": "read", "args": {"num_bytes": "12", "raw": "True"}}, "resp": {"exception": "None", "resp": "b'\\x80\\x03C\\x0c-152 \\rA40D\\r\\nq\\x00.'"}, "profile": {"mo": 3, "exec_time_sec": 9.300000237999484e-05}}}, {"_id": "2021:10:13:11:32:18.704603", "Trace Message Type": "GenericMethodTraceMsg", "Trace Message": {"req": {"arrival_time": "2021:10:13:11:31:00.171019", "backend_type": "DirectFtdiDevice", "backend_instance_id": 1, "method_name": "set_timeouts", "args": {"read_timeout": "500"}}, "resp": {"exception": "None", "resp": "None"}, "profile": {"mo": 3, "exec_time_sec": 6.070000017643906e-05}}}, {"_id": "2021:10:13:11:32:18.831449", "Trace Message Type": "GenericMethodTraceMsg", "Trace Message": {"req": {"arrival_time": "2021:10:13:11:31:00.296941", "backend_type": "DirectFtdiDevice", "backend_instance_id": 1, "method_name": "set_timeouts", "args": {"read_timeout": "500"}}, "resp": {"exception": "None", "resp": "None"}, "profile": {"mo": 3, "exec_time_sec": 4.990000161342323e-05}}}, {"_id": "2021:10:13:11:32:18.954388", "Trace Message Type": "GenericMethodTraceMsg", "Trace Message": {"req": {"arrival_time": "2021:10:13:11:31:00.419866", "backend_type": "DirectFtdiDevice", "backend_instance_id": 1, "method_name": "write", "args": {"data": {"network_address": "@1", "99": "99", "crc": "51B6", "sequence_no": "24", "command_name": "CURR", "flags": {}, "args": {"axis": "0"}, "command": ""}}}, "resp": {"exception": "None", "resp": "None"}, "profile": {"mo": 3, "exec_time_sec": 0.0001539999939268455}}}, {"_id": "2021:10:13:11:32:19.080157", "Trace Message Type": "GenericMethodTraceMsg", "Trace Message": {"req": {"arrival_time": "2021:10:13:11:31:00.541790", "backend_type": "DirectFtdiDevice", "backend_instance_id": 1, "method_name": "set_timeouts", "args": {"read_timeout": "500"}}, "resp": {"exception": "None", "resp": "None"}, "profile": {"mo": 3, "exec_time_sec": 1.720000000204891e-05}}}, {"_id": "2021:10:13:11:32:19.208324", "Trace Message Type": "GenericMethodTraceMsg", "Trace Message": {"req": {"arrival_time": "2021:10:13:11:31:00.668712", "backend_type": "DirectFtdiDevice", "backend_instance_id": 1, "method_name": "get_input_size", "args": {}}, "resp": {"exception": "None", "resp": "12"}, "profile": {"mo": 3, "exec_time_sec": 2.1300000298651867e-05}}}, {"_id": "2021:10:13:11:32:19.330099", "Trace Message Type": "GenericMethodTraceMsg", "Trace Message": {"req": {"arrival_time": "2021:10:13:11:31:00.796635", "backend_type": "DirectFtdiDevice", "backend_instance_id": 1, "method_name": "set_timeouts", "args": {"read_timeout": "500"}}, "resp": {"exception": "None", "resp": "None"}, "profile": {"mo": 3, "exec_time_sec": 1.7899999875226058e-05}}}, {"_id": "2021:10:13:11:32:19.452769", "Trace Message Type": "GenericMethodTraceMsg", "Trace Message": {"req": {"arrival_time": "2021:10:13:11:31:00.918558", "backend_type": "DirectFtdiDevice", "backend_instance_id": 1, "method_name": "read", "args": {"num_bytes": "12", "raw": "True"}}, "resp": {"exception": "None", "resp": "b'\\x80\\x03C\\x0c-158 \\rA62D\\r\\nq\\x00.'"}, "profile": {"mo": 3, "exec_time_sec": 2.6399999114801176e-05}}}, {"_id": "2021:10:13:11:32:19.587412", "Trace Message Type": "GenericMethodTraceMsg", "Trace Message": {"req": {"arrival_time": "2021:10:13:11:31:01.041482", "backend_type": "DirectFtdiDevice", "backend_instance_id": 1, "method_name": "set_timeouts", "args": {"read_timeout": "500"}}, "resp": {"exception": "None", "resp": "None"}, "profile": {"mo": 3, "exec_time_sec": 1.680000059423037e-05}}}, {"_id": "2021:10:13:11:32:19.702101", "Trace Message Type": "GenericMethodTraceMsg", "Trace Message": {"req": {"arrival_time": "2021:10:13:11:31:01.179400", "backend_type": "DirectFtdiDevice", "backend_instance_id": 1, "method_name": "set_timeouts", "args": {"read_timeout": "500"}}, "resp": {"exception": "None", "resp": "None"}, "profile": {"mo": 3, "exec_time_sec": 1.779999911377672e-05}}}, {"_id": "2021:10:13:11:32:19.822040", "Trace Message Type": "GenericMethodTraceMsg", "Trace Message": {"req": {"arrival_time": "2021:10:13:11:31:01.290331", "backend_type": "DirectFtdiDevice", "backend_instance_id": 1, "method_name": "write", "args": {"data": {"network_address": "@1", "99": "99", "crc": "31AF", "sequence_no": "26", "command_name": "CURR", "flags": {}, "args": {"axis": "0"}, "command": ""}}}, "resp": {"exception": "None", "resp": "None"}, "profile": {"mo": 3, "exec_time_sec": 0.00020300000323913991}}}, {"_id": "2021:10:13:11:32:19.938903", "Trace Message Type": "GenericMethodTraceMsg", "Trace Message": {"req": {"arrival_time": "2021:10:13:11:31:01.411259", "backend_type": "DirectFtdiDevice", "backend_instance_id": 1, "method_name": "set_timeouts", "args": {"read_timeout": "500"}}, "resp": {"exception": "None", "resp": "None"}, "profile": {"mo": 3, "exec_time_sec": 2.519999907235615e-05}}}, {"_id": "2021:10:13:11:32:20.056799", "Trace Message Type": "GenericMethodTraceMsg", "Trace Message": {"req": {"arrival_time": "2021:10:13:11:31:01.529185", "backend_type": "DirectFtdiDevice", "backend_instance_id": 1, "method_name": "get_input_size", "args": {}}, "resp": {"exception": "None", "resp": "12"}, "profile": {"mo": 3, "exec_time_sec": 8.250000246334821e-05}}}, {"_id": "2021:10:13:11:32:20.174128", "Trace Message Type": "GenericMethodTraceMsg", "Trace Message": {"req": {"arrival_time": "2021:10:13:11:31:01.646111", "backend_type": "DirectFtdiDevice", "backend_instance_id": 1, "method_name": "set_timeouts", "args": {"read_timeout": "500"}}, "resp": {"exception": "None", "resp": "None"}, "profile": {"mo": 3, "exec_time_sec": 5.850000161444768e-05}}}, {"_id": "2021:10:13:11:32:20.297172", "Trace Message Type": "GenericMethodTraceMsg", "Trace Message": {"req": {"arrival_time": "2021:10:13:11:31:01.764040", "backend_type": "DirectFtdiDevice", "backend_instance_id": 1, "method_name": "read", "args": {"num_bytes": "12", "raw": "True"}}, "resp": {"exception": "None", "resp": "b'\\x80\\x03C\\x0c-164 \\rE1ED\\r\\nq\\x00.'"}, "profile": {"mo": 3, "exec_time_sec": 2.7100000806967728e-05}}}, {"_id": "2021:10:13:11:32:20.413045", "Trace Message Type": "GenericMethodTraceMsg", "Trace Message": {"req": {"arrival_time": "2021:10:13:11:31:01.885965", "backend_type": "DirectFtdiDevice", "backend_instance_id": 1, "method_name": "set_timeouts", "args": {"read_timeout": "500"}}, "resp": {"exception": "None", "resp": "None"}, "profile": {"mo": 3, "exec_time_sec": 1.8799999452312477e-05}}}, {"_id": "2021:10:13:11:32:20.535958", "Trace Message Type": "GenericMethodTraceMsg", "Trace Message": {"req": {"arrival_time": "2021:10:13:11:31:02.004892", "backend_type": "DirectFtdiDevice", "backend_instance_id": 1, "method_name": "set_timeouts", "args": {"read_timeout": "500"}}, "resp": {"exception": "None", "resp": "None"}, "profile": {"mo": 3, "exec_time_sec": 1.920000067912042e-05}}}, {"_id": "2021:10:13:11:32:20.656615", "Trace Message Type": "GenericMethodTraceMsg", "Trace Message": {"req": {"arrival_time": "2021:10:13:11:31:02.123819", "backend_type": "DirectFtdiDevice", "backend_instance_id": 1, "method_name": "write", "args": {"data": {"network_address": "@1", "99": "99", "crc": "51E3", "sequence_no": "28", "command_name": "CURR", "flags": {}, "args": {"axis": "0"}, "command": ""}}}, "resp": {"exception": "None", "resp": "None"}, "profile": {"mo": 3, "exec_time_sec": 0.00025290000485256314}}}, {"_id": "2021:10:13:11:32:20.776336", "Trace Message Type": "GenericMethodTraceMsg", "Trace Message": {"req": {"arrival_time": "2021:10:13:11:31:02.245744", "backend_type": "DirectFtdiDevice", "backend_instance_id": 1, "method_name": "set_timeouts", "args": {"read_timeout": "500"}}, "resp": {"exception": "None", "resp": "None"}, "profile": {"mo": 3, "exec_time_sec": 5.329999839887023e-05}}}, {"_id": "2021:10:13:11:32:20.896012", "Trace Message Type": "GenericMethodTraceMsg", "Trace Message": {"req": {"arrival_time": "2021:10:13:11:31:02.365669", "backend_type": "DirectFtdiDevice", "backend_instance_id": 1, "method_name": "get_input_size", "args": {}}, "resp": {"exception": "None", "resp": "12"}, "profile": {"mo": 3, "exec_time_sec": 5.4200001613935456e-05}}}, {"_id": "2021:10:13:11:32:21.019012", "Trace Message Type": "GenericMethodTraceMsg", "Trace Message": {"req": {"arrival_time": "2021:10:13:11:31:02.485597", "backend_type": "DirectFtdiDevice", "backend_instance_id": 1, "method_name": "set_timeouts", "args": {"read_timeout": "500"}}, "resp": {"exception": "None", "resp": "None"}, "profile": {"mo": 3, "exec_time_sec": 6.120000034570694e-05}}}, {"_id": "2021:10:13:11:32:21.143678", "Trace Message Type": "GenericMethodTraceMsg", "Trace Message": {"req": {"arrival_time": "2021:10:13:11:31:02.608521", "backend_type": "DirectFtdiDevice", "backend_instance_id": 1, "method_name": "read", "args": {"num_bytes": "12", "raw": "True"}}, "resp": {"exception": "None", "resp": "b'\\x80\\x03C\\x0c-165 \\r21BC\\r\\nq\\x00.'"}, "profile": {"mo": 3, "exec_time_sec": 9.229999704984948e-05}}}, {"_id": "2021:10:13:11:32:21.286480", "Trace Message Type": "GenericMethodTraceMsg", "Trace Message": {"req": {"arrival_time": "2021:10:13:11:31:02.733445", "backend_type": "DirectFtdiDevice", "backend_instance_id": 1, "method_name": "set_timeouts", "args": {"read_timeout": "500"}}, "resp": {"exception": "None", "resp": "None"}, "profile": {"mo": 3, "exec_time_sec": 6.150000263005495e-05}}}, {"_id": "2021:10:13:11:32:21.436140", "Trace Message Type": "GenericMethodTraceMsg", "Trace Message": {"req": {"arrival_time": "2021:10:13:11:31:02.879355", "backend_type": "DirectFtdiDevice", "backend_instance_id": 1, "method_name": "set_timeouts", "args": {"read_timeout": "500"}}, "resp": {"exception": "None", "resp": "None"}, "profile": {"mo": 3, "exec_time_sec": 1.7899999875226058e-05}}}, {"_id": "2021:10:13:11:32:21.597250", "Trace Message Type": "GenericMethodTraceMsg", "Trace Message": {"req": {"arrival_time": "2021:10:13:11:31:03.025268", "backend_type": "DirectFtdiDevice", "backend_instance_id": 1, "method_name": "write", "args": {"data": {"network_address": "@1", "99": "99", "crc": "54D5", "sequence_no": "30", "command_name": "CURR", "flags": {}, "args": {"axis": "0"}, "command": ""}}}, "resp": {"exception": "None", "resp": "None"}, "profile": {"mo": 3, "exec_time_sec": 0.00012040000001434237}}}, {"_id": "2021:10:13:11:32:21.727907", "Trace Message Type": "GenericMethodTraceMsg", "Trace Message": {"req": {"arrival_time": "2021:10:13:11:31:03.185167", "backend_type": "DirectFtdiDevice", "backend_instance_id": 1, "method_name": "set_timeouts", "args": {"read_timeout": "500"}}, "resp": {"exception": "None", "resp": "None"}, "profile": {"mo": 3, "exec_time_sec": 6.369999755406752e-05}}}, {"_id": "2021:10:13:11:32:21.856765", "Trace Message Type": "GenericMethodTraceMsg", "Trace Message": {"req": {"arrival_time": "2021:10:13:11:31:03.317092", "backend_type": "DirectFtdiDevice", "backend_instance_id": 1, "method_name": "get_input_size", "args": {}}, "resp": {"exception": "None", "resp": "12"}, "profile": {"mo": 3, "exec_time_sec": 2.0600000425474718e-05}}}, {"_id": "2021:10:13:11:32:21.988682", "Trace Message Type": "GenericMethodTraceMsg", "Trace Message": {"req": {"arrival_time": "2021:10:13:11:31:03.445007", "backend_type": "DirectFtdiDevice", "backend_instance_id": 1, "method_name": "set_timeouts", "args": {"read_timeout": "500"}}, "resp": {"exception": "None", "resp": "None"}, "profile": {"mo": 3, "exec_time_sec": 5.7199998991563916e-05}}}, {"_id": "2021:10:13:11:32:22.128630", "Trace Message Type": "GenericMethodTraceMsg", "Trace Message": {"req": {"arrival_time": "2021:10:13:11:31:03.578926", "backend_type": "DirectFtdiDevice", "backend_instance_id": 1, "method_name": "read", "args": {"num_bytes": "12", "raw": "True"}}, "resp": {"exception": "None", "resp": "b'\\x80\\x03C\\x0c-168 \\rE22D\\r\\nq\\x00.'"}, "profile": {"mo": 3, "exec_time_sec": 6.0200000007171184e-05}}}, {"_id": "2021:10:13:11:32:22.250542", "Trace Message Type": "GenericMethodTraceMsg", "Trace Message": {"req": {"arrival_time": "2021:10:13:11:31:03.716841", "backend_type": "DirectFtdiDevice", "backend_instance_id": 1, "method_name": "set_timeouts", "args": {"read_timeout": "500"}}, "resp": {"exception": "None", "resp": "None"}, "profile": {"mo": 3, "exec_time_sec": 3.859999924316071e-05}}}, {"_id": "2021:10:13:11:32:22.273477", "Trace Message Type": "InitializeTraceMsg", "Trace Message": {"req": {"arrival_time": "2021:10:13:11:31:03.844762", "backend_type": "DirectFtdiDevice", "backend_instance_id": 2, "args": {"ftdi": "None"}, "stacktrace": "[<FrameSummary file C:\\Program Files\\JetBrains\\PyCharm Community Edition 2020.2.2\\plugins\\python-ce\\helpers\\pydev\\pydevd.py, line 2141 in <module>>, <FrameSummary file C:\\Program Files\\JetBrains\\PyCharm Community Edition 2020.2.2\\plugins\\python-ce\\helpers\\pydev\\pydevd.py, line 2132 in main>, <FrameSummary file C:\\Program Files\\JetBrains\\PyCharm Community Edition 2020.2.2\\plugins\\python-ce\\helpers\\pydev\\pydevd.py, line 1441 in run>, <FrameSummary file C:\\Program Files\\JetBrains\\PyCharm Community Edition 2020.2.2\\plugins\\python-ce\\helpers\\pydev\\pydevd.py, line 1448 in _exec>, <FrameSummary file C:\\Program Files\\JetBrains\\PyCharm Community Edition 2020.2.2\\plugins\\python-ce\\helpers\\pydev\\_pydev_imps\\_pydev_execfile.py, line 18 in execfile>, <FrameSummary file C:/Users/User/PycharmProjects/automated_solubility_h1/n9/experiments/main_solubility_duplicate.py, line 21 in <module>>, <FrameSummary file <frozen importlib._bootstrap>, line 1023 in _handle_fromlist>, <FrameSummary file <frozen importlib._bootstrap>, line 219 in _call_with_frames_removed>, <FrameSummary file <frozen importlib._bootstrap>, line 971 in _find_and_load>, <FrameSummary file <frozen importlib._bootstrap>, line 955 in _find_and_load_unlocked>, <FrameSummary file <frozen importlib._bootstrap>, line 665 in _load_unlocked>, <FrameSummary file <frozen importlib._bootstrap_external>, line 678 in exec_module>, <FrameSummary file <frozen importlib._bootstrap>, line 219 in _call_with_frames_removed>, <FrameSummary file C:\\Users\\User\\PycharmProjects\\automated_solubility_h1\\n9\\configuration\\deck.py, line 96 in <module>>, <FrameSummary file C:\\Users\\User\\PycharmProjects\\automated_solubility_h1\\venv\\lib\\site-packages\\ftdi_serial.py, line 418 in __init__>, <FrameSummary file C:\\Users\\User\\PycharmProjects\\automated_solubility_h1\\venv\\lib\\site-packages\\ftdi_serial.py, line 441 in connect>, <FrameSummary file C:\\Users\\User\\PycharmProjects\\automated_solubility_h1\\venv\\lib\\site-packages\\ftdi_serial.py, line 428 in open_device>, <FrameSummary file C:\\Users\\User\\PycharmProjects\\automated_solubility_h1\\venv\\lib\\site-packages\\niraapad\\backends.py, line 162 in __init__>, <FrameSummary file C:\\Users\\User\\PycharmProjects\\automated_solubility_h1\\venv\\lib\\site-packages\\niraapad\\lab_computer\\niraapad_client.py, line 461 in initialize>]"}, "resp": {"exception": "None"}, "profile": {"mo": 3, "exec_time_sec": 0.012946800328791142}}}, {"_id": "2021:10:13:11:32:22.702563", "Trace Message Type": "GenericMethodTraceMsg", "Trace Message": {"req": {"arrival_time": "2021:10:13:11:31:03.862751", "backend_type": "DirectFtdiDevice", "backend_instance_id": 2, "method_name": "reset", "args": {}}, "resp": {"exception": "None", "resp": "None"}, "profile": {"mo": 3, "exec_time_sec": 0.28345420956611633}}}, {"_id": "2021:10:13:11:32:22.847171", "Trace Message Type": "GenericMethodTraceMsg", "Trace Message": {"req": {"arrival_time": "2021:10:13:11:31:04.291488", "backend_type": "DirectFtdiDevice", "backend_instance_id": 2, "method_name": "set_baud_rate", "args": {"baudrate": "9600"}}, "resp": {"exception": "None", "resp": "None"}, "profile": {"mo": 3, "exec_time_sec": 0.000112599998828955}}}, {"_id": "2021:10:13:11:32:22.984802", "Trace Message Type": "GenericMethodTraceMsg", "Trace Message": {"req": {"arrival_time": "2021:10:13:11:31:04.435399", "backend_type": "DirectFtdiDevice", "backend_instance_id": 2, "method_name": "set_parameters", "args": {"data_bits": "0"}}, "resp": {"exception": "None", "resp": "None"}, "profile": {"mo": 3, "exec_time_sec": 0.00012909999350085855}}}, {"_id": "2021:10:13:11:32:23.118447", "Trace Message Type": "GenericMethodTraceMsg", "Trace Message": {"req": {"arrival_time": "2021:10:13:11:31:04.572316", "backend_type": "DirectFtdiDevice", "backend_instance_id": 2, "method_name": "set_timeouts", "args": {"read_timeout": "5000"}}, "resp": {"exception": "None", "resp": "None"}, "profile": {"mo": 3, "exec_time_sec": 1.8200000340584666e-05}}}, {"_id": "2021:10:13:11:32:23.127420", "Trace Message Type": "InitializeTraceMsg", "Trace Message": {"req": {"arrival_time": "2021:10:13:11:31:04.706233", "backend_type": "DirectPySerialDevice", "backend_instance_id": 3, "args": {"serial": "COM9"}, "stacktrace": "[<FrameSummary file C:\\Program Files\\JetBrains\\PyCharm Community Edition 2020.2.2\\plugins\\python-ce\\helpers\\pydev\\pydevd.py, line 2141 in <module>>, <FrameSummary file C:\\Program Files\\JetBrains\\PyCharm Community Edition 2020.2.2\\plugins\\python-ce\\helpers\\pydev\\pydevd.py, line 2132 in main>, <FrameSummary file C:\\Program Files\\JetBrains\\PyCharm Community Edition 2020.2.2\\plugins\\python-ce\\helpers\\pydev\\pydevd.py, line 1441 in run>, <FrameSummary file C:\\Program Files\\JetBrains\\PyCharm Community Edition 2020.2.2\\plugins\\python-ce\\helpers\\pydev\\pydevd.py, line 1448 in _exec>, <FrameSummary file C:\\Program Files\\JetBrains\\PyCharm Community Edition 2020.2.2\\plugins\\python-ce\\helpers\\pydev\\_pydev_imps\\_pydev_execfile.py, line 18 in execfile>, <FrameSummary file C:/Users/User/PycharmProjects/automated_solubility_h1/n9/experiments/main_solubility_duplicate.py, line 21 in <module>>, <FrameSummary file <frozen importlib._bootstrap>, line 1023 in _handle_fromlist>, <FrameSummary file <frozen importlib._bootstrap>, line 219 in _call_with_frames_removed>, <FrameSummary file <frozen importlib._bootstrap>, line 971 in _find_and_load>, <FrameSummary file <frozen importlib._bootstrap>, line 955 in _find_and_load_unlocked>, <FrameSummary file <frozen importlib._bootstrap>, line 665 in _load_unlocked>, <FrameSummary file <frozen importlib._bootstrap_external>, line 678 in exec_module>, <FrameSummary file <frozen importlib._bootstrap>, line 219 in _call_with_frames_removed>, <FrameSummary file C:\\Users\\User\\PycharmProjects\\automated_solubility_h1\\n9\\configuration\\deck.py, line 112 in <module>>, <FrameSummary file C:\\Users\\User\\PycharmProjects\\automated_solubility_h1\\venv\\lib\\site-packages\\ika\\magnetic_stirrer.py, line 152 in __init__>, <FrameSummary file C:\\Users\\User\\PycharmProjects\\automated_solubility_h1\\venv\\lib\\site-packages\\ika\\magnetic_stirrer.py, line 452 in connect>, <FrameSummary file C:\\Users\\User\\PycharmProjects\\automated_solubility_h1\\venv\\lib\\site-packages\\ftdi_serial.py, line 418 in __init__>, <FrameSummary file C:\\Users\\User\\PycharmProjects\\automated_solubility_h1\\venv\\lib\\site-packages\\ftdi_serial.py, line 441 in connect>, <FrameSummary file C:\\Users\\User\\PycharmProjects\\automated_solubility_h1\\venv\\lib\\site-packages\\ftdi_serial.py, line 426 in open_device>, <FrameSummary file C:\\Users\\User\\PycharmProjects\\automated_solubility_h1\\venv\\lib\\site-packages\\niraapad\\backends.py, line 224 in __init__>, <FrameSummary file C:\\Users\\User\\PycharmProjects\\automated_solubility_h1\\venv\\lib\\site-packages\\niraapad\\lab_computer\\niraapad_client.py, line 461 in initialize>]"}, "resp": {"exception": "None"}, "profile": {"mo": 3, "exec_time_sec": 0.003975300118327141}}}, {"_id": "2021:10:13:11:32:23.267133", "Trace Message Type": "GenericMethodTraceMsg", "Trace Message": {"req": {"arrival_time": "2021:10:13:11:31:04.715226", "backend_type": "DirectPySerialDevice", "backend_instance_id": 3, "method_name": "reset", "args": {}}, "resp": {"exception": "None", "resp": "None"}, "profile": {"mo": 3, "exec_time_sec": 2.1500000002561137e-05}}}, {"_id": "2021:10:13:11:32:23.416842", "Trace Message Type": "GenericMethodTraceMsg", "Trace Message": {"req": {"arrival_time": "2021:10:13:11:31:04.857142", "backend_type": "DirectPySerialDevice", "backend_instance_id": 3, "method_name": "set_baud_rate", "args": {"baudrate": "9600"}}, "resp": {"exception": "None", "resp": "None"}, "profile": {"mo": 3, "exec_time_sec": 0.0021033999510109425}}}, {"_id": "2021:10:13:11:32:23.553793", "Trace Message Type": "GenericMethodTraceMsg", "Trace Message": {"req": {"arrival_time": "2021:10:13:11:31:05.005051", "backend_type": "DirectPySerialDevice", "backend_instance_id": 3, "method_name": "set_parameters", "args": {"data_bits": "2"}}, "resp": {"exception": "None", "resp": "None"}, "profile": {"mo": 3, "exec_time_sec": 0.004885599948465824}}}, {"_id": "2021:10:13:11:32:23.711753", "Trace Message Type": "GenericMethodTraceMsg", "Trace Message": {"req": {"arrival_time": "2021:10:13:11:31:05.141970", "backend_type": "DirectPySerialDevice", "backend_instance_id": 3, "method_name": "set_timeouts", "args": {"read_timeout": "5000"}}, "resp": {"exception": "None", "resp": "None"}, "profile": {"mo": 3, "exec_time_sec": 0.005779599770903587}}}, {"_id": "2021:10:13:11:32:23.841358", "Trace Message Type": "GenericMethodTraceMsg", "Trace Message": {"req": {"arrival_time": "2021:10:13:11:31:05.300867", "backend_type": "DirectPySerialDevice", "backend_instance_id": 3, "method_name": "write", "args": {"data": {"command_name": "IN_NAME", "value": null}}}, "resp": {"exception": "None", "resp": "None"}, "profile": {"mo": 3, "exec_time_sec": 0.00017100000695791095}}}, {"_id": "2021:10:13:11:32:23.978048", "Trace Message Type": "GenericMethodTraceMsg", "Trace Message": {"req": {"arrival_time": "2021:10:13:11:31:05.429787", "backend_type": "DirectPySerialDevice", "backend_instance_id": 3, "method_name": "get_input_size", "args": {}}, "resp": {"exception": "None", "resp": "13"}, "profile": {"mo": 3, "exec_time_sec": 0.00010849999671336263}}}, {"_id": "2021:10:13:11:32:24.119613", "Trace Message Type": "GenericMethodTraceMsg", "Trace Message": {"req": {"arrival_time": "2021:10:13:11:31:05.567704", "backend_type": "DirectPySerialDevice", "backend_instance_id": 3, "method_name": "read", "args": {"num_bytes": "13", "raw": "True"}}, "resp": {"exception": "None", "resp": {"device_name": "RCT"}}, "profile": {"mo": 3, "exec_time_sec": 0.00010569999722065404}}}, {"_id": "2021:10:13:11:32:24.316004", "Trace Message Type": "GenericMethodTraceMsg", "Trace Message": {"req": {"arrival_time": "2021:10:13:11:31:05.741602", "backend_type": "DirectPySerialDevice", "backend_instance_id": 3, "method_name": "write", "args": {"data": {"command_name": "IN_PV_1", "value": null}}}, "resp": {"exception": "None", "resp": "None"}, "profile": {"mo": 3, "exec_time_sec": 0.0001303000026382506}}}, {"_id": "2021:10:13:11:32:24.464443", "Trace Message Type": "GenericMethodTraceMsg", "Trace Message": {"req": {"arrival_time": "2021:10:13:11:31:05.903498", "backend_type": "DirectPySerialDevice", "backend_instance_id": 3, "method_name": "get_input_size", "args": {}}, "resp": {"exception": "None", "resp": "8"}, "profile": {"mo": 3, "exec_time_sec": 2.660000063769985e-05}}}, {"_id": "2021:10:13:11:32:24.598615", "Trace Message Type": "GenericMethodTraceMsg", "Trace Message": {"req": {"arrival_time": "2021:10:13:11:31:06.052406", "backend_type": "DirectPySerialDevice", "backend_instance_id": 3, "method_name": "read", "args": {"num_bytes": "8", "raw": "True"}}, "resp": {"exception": "None", "resp": {"external_sensor_value": "22.9"}}, "profile": {"mo": 3, "exec_time_sec": 0.000288200011709705}}}, {"_id": "2021:10:13:11:32:24.719128", "Trace Message Type": "GenericMethodTraceMsg", "Trace Message": {"req": {"arrival_time": "2021:10:13:11:31:06.187325", "backend_type": "DirectPySerialDevice", "backend_instance_id": 3, "method_name": "write", "args": {"data": {"command_name": "IN_PV_2", "value": null}}}, "resp": {"exception": "None", "resp": "None"}, "profile": {"mo": 3, "exec_time_sec": 0.00025710000772960484}}}, {"_id": "2021:10:13:11:32:24.842796", "Trace Message Type": "GenericMethodTraceMsg", "Trace Message": {"req": {"arrival_time": "2021:10:13:11:31:06.308250", "backend_type": "DirectPySerialDevice", "backend_instance_id": 3, "method_name": "get_input_size", "args": {}}, "resp": {"exception": "None", "resp": "8"}, "profile": {"mo": 3, "exec_time_sec": 2.9099999665049836e-05}}}, {"_id": "2021:10:13:11:32:24.978770", "Trace Message Type": "GenericMethodTraceMsg", "Trace Message": {"req": {"arrival_time": "2021:10:13:11:31:06.431174", "backend_type": "DirectPySerialDevice", "backend_instance_id": 3, "method_name": "read", "args": {"num_bytes": "8", "raw": "True"}}, "resp": {"exception": "None", "resp": {"hotplate_sensor_value": "24.0"}}, "profile": {"mo": 3, "exec_time_sec": 5.759999839938246e-05}}}, {"_id": "2021:10:13:11:32:25.115445", "Trace Message Type": "GenericMethodTraceMsg", "Trace Message": {"req": {"arrival_time": "2021:10:13:11:31:06.567090", "backend_type": "DirectPySerialDevice", "backend_instance_id": 3, "method_name": "write", "args": {"data": {"command_name": "IN_SP_1", "value": null}}}, "resp": {"exception": "None", "resp": "None"}, "profile": {"mo": 3, "exec_time_sec": 0.00028730000485666096}}}, {"_id": "2021:10:13:11:32:25.240254", "Trace Message Type": "GenericMethodTraceMsg", "Trace Message": {"req": {"arrival_time": "2021:10:13:11:31:06.704006", "backend_type": "DirectPySerialDevice", "backend_instance_id": 3, "method_name": "get_input_size", "args": {}}, "resp": {"exception": "None", "resp": "8"}, "profile": {"mo": 3, "exec_time_sec": 9.129999671131372e-05}}}, {"_id": "2021:10:13:11:32:25.366565", "Trace Message Type": "GenericMethodTraceMsg", "Trace Message": {"req": {"arrival_time": "2021:10:13:11:31:06.829931", "backend_type": "DirectPySerialDevice", "backend_instance_id": 3, "method_name": "read", "args": {"num_bytes": "8", "raw": "True"}}, "resp": {"exception": "None", "resp": {"rated_temperature_value": "22.0"}}, "profile": {"mo": 3, "exec_time_sec": 4.160000025876798e-05}}}, {"_id": "2021:10:13:11:32:25.486241", "Trace Message Type": "GenericMethodTraceMsg", "Trace Message": {"req": {"arrival_time": "2021:10:13:11:31:06.954852", "backend_type": "DirectPySerialDevice", "backend_instance_id": 3, "method_name": "write", "args": {"data": {"command_name": "IN_PV_4", "value": null}}}, "resp": {"exception": "None", "resp": "None"}, "profile": {"mo": 3, "exec_time_sec": 0.00026699999580159783}}}, {"_id": "2021:10:13:11:32:25.607915", "Trace Message Type": "GenericMethodTraceMsg", "Trace Message": {"req": {"arrival_time": "2021:10:13:11:31:07.074779", "backend_type": "DirectPySerialDevice", "backend_instance_id": 3, "method_name": "get_input_size", "args": {}}, "resp": {"exception": "None", "resp": "7"}, "profile": {"mo": 3, "exec_time_sec": 2.5299999833805487e-05}}}, {"_id": "2021:10:13:11:32:25.730587", "Trace Message Type": "GenericMethodTraceMsg", "Trace Message": {"req": {"arrival_time": "2021:10:13:11:31:07.195705", "backend_type": "DirectPySerialDevice", "backend_instance_id": 3, "method_name": "read", "args": {"num_bytes": "7", "raw": "True"}}, "resp": {"exception": "None", "resp": {"stirring_speed_value": "0.0"}}, "profile": {"mo": 3, "exec_time_sec": 7.029999687802047e-05}}}, {"_id": "2021:10:13:11:32:25.860603", "Trace Message Type": "GenericMethodTraceMsg", "Trace Message": {"req": {"arrival_time": "2021:10:13:11:31:07.318629", "backend_type": "DirectPySerialDevice", "backend_instance_id": 3, "method_name": "write", "args": {"data": {"command_name": "IN_SP_4", "value": null}}}, "resp": {"exception": "None", "resp": "None"}, "profile": {"mo": 3, "exec_time_sec": 0.00013420000323094428}}}, {"_id": "2021:10:13:11:32:25.987699", "Trace Message Type": "GenericMethodTraceMsg", "Trace Message": {"req": {"arrival_time": "2021:10:13:11:31:07.448550", "backend_type": "DirectPySerialDevice", "backend_instance_id": 3, "method_name": "get_input_size", "args": {}}, "resp": {"exception": "None", "resp": "9"}, "profile": {"mo": 3, "exec_time_sec": 5.450000026030466e-05}}}, {"_id": "2021:10:13:11:32:26.116745", "Trace Message Type": "GenericMethodTraceMsg", "Trace Message": {"req": {"arrival_time": "2021:10:13:11:31:07.575471", "backend_type": "DirectPySerialDevice", "backend_instance_id": 3, "method_name": "read", "args": {"num_bytes": "9", "raw": "True"}}, "resp": {"exception": "None", "resp": {"speed_value": "150.0"}}, "profile": {"mo": 3, "exec_time_sec": 6.659999780822545e-05}}}, {"_id": "2021:10:13:11:32:26.268340", "Trace Message Type": "GenericMethodTraceMsg", "Trace Message": {"req": {"arrival_time": "2021:10:13:11:31:07.737371", "backend_type": "DirectPySerialDevice", "backend_instance_id": 3, "method_name": "write", "args": {"data": {"command_name": "STOP_4", "value": null}}}, "resp": {"exception": "None", "resp": "None"}, "profile": {"mo": 3, "exec_time_sec": 0.0001353999978164211}}}, {"_id": "2021:10:13:11:32:26.425920", "Trace Message Type": "GenericMethodTraceMsg", "Trace Message": {"req": {"arrival_time": "2021:10:13:11:31:07.895275", "backend_type": "DirectPySerialDevice", "backend_instance_id": 3, "method_name": "write", "args": {"data": {"command_name": "STOP_1", "value": null}}}, "resp": {"exception": "None", "resp": "None"}, "profile": {"mo": 3, "exec_time_sec": 0.00011510000331327319}}}, {"_id": "2021:10:13:11:32:40.150854", "Trace Message Type": "InitializeTraceMsg", "Trace Message": {"req": {"arrival_time": "2021:10:13:11:31:08.038187", "backend_type": "DirectArduinoAugmentedQuantos", "backend_instance_id": 4, "args": {"logging_level": "10", "address": "13", "serial_port": "None", "tcp_port": "None", "perfect_counts": "8700"}, "stacktrace": "[<FrameSummary file C:\\Program Files\\JetBrains\\PyCharm Community Edition 2020.2.2\\plugins\\python-ce\\helpers\\pydev\\pydevd.py, line 2141 in <module>>, <FrameSummary file C:\\Program Files\\JetBrains\\PyCharm Community Edition 2020.2.2\\plugins\\python-ce\\helpers\\pydev\\pydevd.py, line 2132 in main>, <FrameSummary file C:\\Program Files\\JetBrains\\PyCharm Community Edition 2020.2.2\\plugins\\python-ce\\helpers\\pydev\\pydevd.py, line 1441 in run>, <FrameSummary file C:\\Program Files\\JetBrains\\PyCharm Community Edition 2020.2.2\\plugins\\python-ce\\helpers\\pydev\\pydevd.py, line 1448 in _exec>, <FrameSummary file C:\\Program Files\\JetBrains\\PyCharm Community Edition 2020.2.2\\plugins\\python-ce\\helpers\\pydev\\_pydev_imps\\_pydev_execfile.py, line 18 in execfile>, <FrameSummary file C:/Users/User/PycharmProjects/automated_solubility_h1/n9/experiments/main_solubility_duplicate.py, line 21 in <module>>, <FrameSummary file <frozen importlib._bootstrap>, line 1023 in _handle_fromlist>, <FrameSummary file <frozen importlib._bootstrap>, line 219 in _call_with_frames_removed>, <FrameSummary file <frozen importlib._bootstrap>, line 971 in _find_and_load>, <FrameSummary file <frozen importlib._bootstrap>, line 955 in _find_and_load_unlocked>, <FrameSummary file <frozen importlib._bootstrap>, line 665 in _load_unlocked>, <FrameSummary file <frozen importlib._bootstrap_external>, line 678 in exec_module>, <FrameSummary file <frozen importlib._bootstrap>, line 219 in _call_with_frames_removed>, <FrameSummary file C:\\Users\\User\\PycharmProjects\\automated_solubility_h1\\n9\\configuration\\deck.py, line 115 in <module>>, <FrameSummary file C:\\Users\\User\\PycharmProjects\\automated_solubility_h1\\venv\\lib\\site-packages\\niraapad\\backends.py, line 668 in __init__>, <FrameSummary file C:\\Users\\User\\PycharmProjects\\automated_solubility_h1\\venv\\lib\\site-packages\\niraapad\\lab_computer\\niraapad_client.py, line 461 in initialize>]"}, "resp": {"exception": "None"}, "profile": {"mo": 2, "exec_time_sec": 13.695834159851074}}}, {"_id": "2021:10:13:11:32:40.280927", "Trace Message Type": "GenericMethodTraceMsg", "Trace Message": {"req": {"arrival_time": "2021:10:13:11:31:21.739815", "backend_type": "DirectArduinoAugmentedQuantos", "backend_instance_id": 4, "method_name": "set_home_direction", "args": {"direction": "0"}}, "resp": {"exception": "None", "resp": "None"}, "profile": {"mo": 2, "exec_time_sec": 0.009725900366902351}}}, {"_id": "2021:10:13:11:32:43.231048", "Trace Message Type": "InitializeTraceMsg", "Trace Message": {"req": {"arrival_time": "2021:10:13:11:31:22.908098", "backend_type": "DirectUR3Arm", "backend_instance_id": 5, "args": {"host": "192.168.254.88", "default_velocity": "250", "max_velocity": "500", "position_units": "Units.MILLIMETERS", "default_joint_velocity": "20.0", "max_joint_velocity": "180.0", "gripper_default_velocity": "0.5", "gripper_default_force": "0.5", "gripper_id": "1", "gripper_base_port": "63352", "gripper_connect": "True", "connect": "True"}, "stacktrace": "[<FrameSummary file C:\\Program Files\\JetBrains\\PyCharm Community Edition 2020.2.2\\plugins\\python-ce\\helpers\\pydev\\pydevd.py, line 2141 in <module>>, <FrameSummary file C:\\Program Files\\JetBrains\\PyCharm Community Edition 2020.2.2\\plugins\\python-ce\\helpers\\pydev\\pydevd.py, line 2132 in main>, <FrameSummary file C:\\Program Files\\JetBrains\\PyCharm Community Edition 2020.2.2\\plugins\\python-ce\\helpers\\pydev\\pydevd.py, line 1441 in run>, <FrameSummary file C:\\Program Files\\JetBrains\\PyCharm Community Edition 2020.2.2\\plugins\\python-ce\\helpers\\pydev\\pydevd.py, line 1448 in _exec>, <FrameSummary file C:\\Program Files\\JetBrains\\PyCharm Community Edition 2020.2.2\\plugins\\python-ce\\helpers\\pydev\\_pydev_imps\\_pydev_execfile.py, line 18 in execfile>, <FrameSummary file C:/Users/User/PycharmProjects/automated_solubility_h1/n9/experiments/main_solubility_duplicate.py, line 23 in <module>>, <FrameSummary file <frozen importlib._bootstrap>, line 971 in _find_and_load>, <FrameSummary file <frozen importlib._bootstrap>, line 955 in _find_and_load_unlocked>, <FrameSummary file <frozen importlib._bootstrap>, line 665 in _load_unlocked>, <FrameSummary file <frozen importlib._bootstrap_external>, line 678 in exec_module>, <FrameSummary file <frozen importlib._bootstrap>, line 219 in _call_with_frames_removed>, <FrameSummary file C:\\Users\\User\\PycharmProjects\\automated_solubility_h1\\ur\\configuration\\ur_deck.py, line 2 in <module>>, <FrameSummary file C:\\Users\\User\\PycharmProjects\\automated_solubility_h1\\venv\\lib\\site-packages\\niraapad\\backends.py, line 365 in __init__>, <FrameSummary file C:\\Users\\User\\PycharmProjects\\automated_solubility_h1\\venv\\lib\\site-packages\\niraapad\\lab_computer\\niraapad_client.py, line 461 in initialize>]"}, "resp": {"exception": "None"}, "profile": {"mo": 3, "exec_time_sec": 1.905633807182312}}}, {"_id": "2021:10:13:11:32:52.378938", "Trace Message Type": "GenericMethodTraceMsg", "Trace Message": {"req": {"arrival_time": "2021:10:13:11:31:33.954315", "backend_type": "DirectPySerialDevice", "backend_instance_id": 3, "method_name": "write", "args": {"data": {"command_name": "OUT_SP_4", "value": "2000"}}}, "resp": {"exception": "None", "resp": "None"}, "profile": {"mo": 3, "exec_time_sec": 0.0003291000030003488}}}, {"_id": "2021:10:13:11:32:59.912522", "Trace Message Type": "GenericMethodTraceMsg", "Trace Message": {"req": {"arrival_time": "2021:10:13:11:31:41.487691", "backend_type": "DirectPySerialDevice", "backend_instance_id": 3, "method_name": "write", "args": {"data": {"command_name": "START_4", "value": null}}}, "resp": {"exception": "None", "resp": "None"}, "profile": {"mo": 3, "exec_time_sec": 0.00015039999561849982}}}, {"_id": "2021:10:13:11:35:04.408098", "Trace Message Type": "StopServerTraceMsg", "Trace Message": {}}]}