{"Traces": [{"_id": "2021:09:27:15:18:19.705792", "Trace Message Type": "StartServerTraceMsg", "Trace Message": {}}, {"_id": "2021:09:27:15:18:55.621945", "Trace Message Type": "DeleteConnectionTraceMsg", "Trace Message": {"req": {}, "resp": {"exception": "None"}}}, {"_id": "2021:09:27:15:18:55.623939", "Trace Message Type": "InitializeConnectionTraceMsg", "Trace Message": {"req": {}, "resp": {"exception": "None"}}}, {"_id": "2021:09:27:15:19:09.351241", "Trace Message Type": "InitializeTraceMsg", "Trace Message": {"req": {"backend_type": "DirectArduinoAugmentedQuantos", "backend_instance_id": 1, "args": {"logging_level": "10", "address": "13", "serial_port": "None", "tcp_port": "None", "perfect_counts": "8700"}, "stacktrace": "[<FrameSummary file C:/Users/User/PycharmProjects/automated_solubility_h1/n9/experiments/main_solubility_duplicate.py, line 11 in <module>>, <FrameSummary file C:\\Users\\User\\PycharmProjects\\automated_solubility_h1\\venv\\lib\\site-packages\\niraapad\\backends.py, line 792 in __init__>, <FrameSummary file C:\\Users\\User\\PycharmProjects\\automated_solubility_h1\\venv\\lib\\site-packages\\niraapad\\lab_computer\\niraapad_client.py, line 378 in initialize>]"}, "resp": {"exception": "None"}}}, {"_id": "2021:09:27:15:19:09.524717", "Trace Message Type": "GenericMethodTraceMsg", "Trace Message": {"req": {"backend_type": "DirectArduinoAugmentedQuantos", "backend_instance_id": 1, "method_name": "set_home_direction", "args": {"direction": "0"}}, "resp": {"exception": "None", "resp": "None"}}}, {"_id": "2021:09:27:15:21:45.450585", "Trace Message Type": "StopServerTraceMsg", "Trace Message": {}}]}