{"Traces": [{"_id": "2021:10:18:14:52:59.250683", "Trace Message Type": "StartServerTraceMsg", "Trace Message": {}}, {"_id": "2021:10:18:14:53:09.085970", "Trace Message Type": "DeleteConnectionTraceMsg", "Trace Message": {"req": {}, "resp": {"exception": "None"}}}, {"_id": "2021:10:18:14:53:09.087969", "Trace Message Type": "InitializeConnectionTraceMsg", "Trace Message": {"req": {}, "resp": {"exception": "None"}}}, {"_id": "2021:10:18:14:55:16.432557", "Trace Message Type": "DeleteConnectionTraceMsg", "Trace Message": {"req": {}, "resp": {"exception": "None"}}}, {"_id": "2021:10:18:14:55:16.434551", "Trace Message Type": "InitializeConnectionTraceMsg", "Trace Message": {"req": {}, "resp": {"exception": "None"}}}, {"_id": "2021:10:18:14:56:09.161809", "Trace Message Type": "DeleteConnectionTraceMsg", "Trace Message": {"req": {}, "resp": {"exception": "None"}}}, {"_id": "2021:10:18:14:56:09.164800", "Trace Message Type": "InitializeConnectionTraceMsg", "Trace Message": {"req": {}, "resp": {"exception": "None"}}}, {"_id": "2021:10:18:14:56:58.970206", "Trace Message Type": "DeleteConnectionTraceMsg", "Trace Message": {"req": {}, "resp": {"exception": "None"}}}, {"_id": "2021:10:18:14:56:58.972204", "Trace Message Type": "InitializeConnectionTraceMsg", "Trace Message": {"req": {}, "resp": {"exception": "None"}}}, {"_id": "2021:10:18:14:57:28.222641", "Trace Message Type": "InitializeTraceMsg", "Trace Message": {"req": {"backend_type": "DirectArduinoAugmentedQuantos", "backend_instance_id": 1, "args": {"logging_level": "10", "address": "13", "serial_port": "None", "tcp_port": "None", "perfect_counts": "8700"}, "stacktrace": "[<FrameSummary file C:/Users/User/PycharmProjects/automated_solubility_h1/n9/experiments/find_location.py, line 63 in <module>>, <FrameSummary file C:/Users/User/PycharmProjects/automated_solubility_h1/n9/experiments/find_location.py, line 42 in position_and_gripper>, <FrameSummary file C:\\Users\\User\\PycharmProjects\\automated_solubility_h1\\venv\\lib\\site-packages\\niraapad\\backends.py, line 668 in __init__>, <FrameSummary file C:\\Users\\User\\PycharmProjects\\automated_solubility_h1\\venv\\lib\\site-packages\\niraapad\\lab_computer\\niraapad_client.py, line 532 in initialize>]", "id": 241, "time_profile": {"id": 240, "arrival_time": "2021:10:18:14:57:13.776227", "departure_time": "2021:10:18:14:57:14.014082"}}, "resp": {"exception": "None"}, "profile": {"mo": 2, "exec_time_sec": 14.06014347076416}}}, {"_id": "2021:10:18:15:00:53.531425", "Trace Message Type": "StopServerTraceMsg", "Trace Message": {}}]}