{"Traces": [{"_id": "2021:10:20:13:38:30.953625", "Trace Message Type": "StartServerTraceMsg", "Trace Message": {}}, {"_id": "2021:10:20:13:41:45.890538", "Trace Message Type": "GenericMethodTraceMsg", "Trace Message": {"req": {"backend_type": "DirectPySerialDevice", "backend_instance_id": 3, "method_name": "write", "args": {"data": {"data": "b'STOP_1\\r\\n'"}}, "id": 149, "time_profile": {"id": 148, "arrival_time": "2021:10:20:13:37:43.737167", "departure_time": "2021:10:20:13:38:05.892563"}}, "resp": {"exception": "'DirectPySerialDevice'", "resp": "None"}, "profile": {"mo": 3, "exec_time_sec": 0.00044510001316666603}}}, {"_id": "2021:10:20:13:41:45.901509", "Trace Message Type": "GenericMethodTraceMsg", "Trace Message": {"req": {"backend_type": "DirectPySerialDevice", "backend_instance_id": 3, "method_name": "close", "args": {}, "id": 150}, "resp": {"exception": "'DirectPySerialDevice'", "resp": "None"}, "profile": {"mo": 3, "exec_time_sec": 0.0009763999842107296}}}, {"_id": "2021:10:20:13:41:45.910485", "Trace Message Type": "GenericMethodTraceMsg", "Trace Message": {"req": {"backend_type": "DirectFtdiDevice", "backend_instance_id": 2, "method_name": "close", "args": {}, "id": 151}, "resp": {"exception": "'DirectFtdiDevice'", "resp": "None"}, "profile": {"mo": 3, "exec_time_sec": 0.0005957999965175986}}}, {"_id": "2021:10:20:13:41:45.918470", "Trace Message Type": "GenericMethodTraceMsg", "Trace Message": {"req": {"backend_type": "DirectFtdiDevice", "backend_instance_id": 1, "method_name": "close", "args": {}, "id": 152}, "resp": {"exception": "'DirectFtdiDevice'", "resp": "None"}, "profile": {"mo": 3, "exec_time_sec": 0.0006900000153109431}}}, {"_id": "2021:10:20:13:42:07.079462", "Trace Message Type": "DeleteConnectionTraceMsg", "Trace Message": {"req": {}, "resp": {"exception": "None"}}}, {"_id": "2021:10:20:13:42:07.083453", "Trace Message Type": "InitializeConnectionTraceMsg", "Trace Message": {"req": {}, "resp": {"exception": "None"}}}, {"_id": "2021:10:20:13:42:08.615318", "Trace Message Type": "InitializeTraceMsg", "Trace Message": {"req": {"backend_type": "DirectFtdiDevice", "backend_instance_id": 1, "args": {"ftdi": "None"}, "stacktrace": "[<FrameSummary file C:/Users/User/PycharmProjects/automated_solubility_h1/n9/tests/random_tests.py, line 18 in <module>>, <FrameSummary file <frozen importlib._bootstrap>, line 971 in _find_and_load>, <FrameSummary file <frozen importlib._bootstrap>, line 955 in _find_and_load_unlocked>, <FrameSummary file <frozen importlib._bootstrap>, line 665 in _load_unlocked>, <FrameSummary file <frozen importlib._bootstrap_external>, line 678 in exec_module>, <FrameSummary file <frozen importlib._bootstrap>, line 219 in _call_with_frames_removed>, <FrameSummary file C:\\Users\\User\\PycharmProjects\\automated_solubility_h1\\n9\\experiments\\station_robot_engagement.py, line 4 in <module>>, <FrameSummary file <frozen importlib._bootstrap>, line 1023 in _handle_fromlist>, <FrameSummary file <frozen importlib._bootstrap>, line 219 in _call_with_frames_removed>, <FrameSummary file <frozen importlib._bootstrap>, line 971 in _find_and_load>, <FrameSummary file <frozen importlib._bootstrap>, line 955 in _find_and_load_unlocked>, <FrameSummary file <frozen importlib._bootstrap>, line 665 in _load_unlocked>, <FrameSummary file <frozen importlib._bootstrap_external>, line 678 in exec_module>, <FrameSummary file <frozen importlib._bootstrap>, line 219 in _call_with_frames_removed>, <FrameSummary file C:\\Users\\User\\PycharmProjects\\automated_solubility_h1\\n9\\configuration\\deck.py, line 65 in <module>>, <FrameSummary file C:\\Users\\User\\PycharmProjects\\automated_solubility_h1\\venv\\lib\\site-packages\\north_c9\\controller.py, line 208 in __init__>, <FrameSummary file C:\\Users\\User\\PycharmProjects\\automated_solubility_h1\\venv\\lib\\site-packages\\ftdi_serial.py, line 418 in __init__>, <FrameSummary file C:\\Users\\User\\PycharmProjects\\automated_solubility_h1\\venv\\lib\\site-packages\\ftdi_serial.py, line 441 in connect>, <FrameSummary file C:\\Users\\User\\PycharmProjects\\automated_solubility_h1\\venv\\lib\\site-packages\\ftdi_serial.py, line 428 in open_device>, <FrameSummary file C:\\Users\\User\\PycharmProjects\\automated_solubility_h1\\venv\\lib\\site-packages\\niraapad\\backends.py, line 162 in __init__>, <FrameSummary file C:\\Users\\User\\PycharmProjects\\automated_solubility_h1\\venv\\lib\\site-packages\\niraapad\\lab_computer\\niraapad_client.py, line 558 in initialize>]", "id": 1}, "resp": {"exception": "None"}, "profile": {"mo": 3, "exec_time_sec": 0.03520749881863594}}}, {"_id": "2021:10:20:13:42:09.168845", "Trace Message Type": "GenericMethodTraceMsg", "Trace Message": {"req": {"backend_type": "DirectFtdiDevice", "backend_instance_id": 1, "method_name": "reset", "args": {}, "id": 2, "time_profile": {"id": 1, "arrival_time": "2021:10:20:13:42:07.622138", "departure_time": "2021:10:20:13:42:07.667111"}}, "resp": {"exception": "None", "resp": "None"}, "profile": {"mo": 3, "exec_time_sec": 0.26717668771743774}}}, {"_id": "2021:10:20:13:42:09.303488", "Trace Message Type": "GenericMethodTraceMsg", "Trace Message": {"req": {"backend_type": "DirectFtdiDevice", "backend_instance_id": 1, "method_name": "set_baud_rate", "args": {"baudrate": "115200"}, "id": 3, "time_profile": {"id": 2, "arrival_time": "2021:10:20:13:42:07.667111", "departure_time": "2021:10:20:13:42:08.222771"}}, "resp": {"exception": "None", "resp": "None"}, "profile": {"mo": 3, "exec_time_sec": 0.00021430000197142363}}}, {"_id": "2021:10:20:13:42:09.382272", "Trace Message Type": "GenericMethodTraceMsg", "Trace Message": {"req": {"backend_type": "DirectFtdiDevice", "backend_instance_id": 1, "method_name": "set_parameters", "args": {"data_bits": "0"}, "id": 4, "time_profile": {"id": 3, "arrival_time": "2021:10:20:13:42:08.222771", "departure_time": "2021:10:20:13:42:08.355687"}}, "resp": {"exception": "None", "resp": "None"}, "profile": {"mo": 3, "exec_time_sec": 0.00018930000078398734}}}, {"_id": "2021:10:20:13:42:09.489206", "Trace Message Type": "GenericMethodTraceMsg", "Trace Message": {"req": {"backend_type": "DirectFtdiDevice", "backend_instance_id": 1, "method_name": "set_timeouts", "args": {"read_timeout": "500"}, "id": 5, "time_profile": {"id": 4, "arrival_time": "2021:10:20:13:42:08.356685", "departure_time": "2021:10:20:13:42:08.434638"}}, "resp": {"exception": "None", "resp": "None"}, "profile": {"mo": 3, "exec_time_sec": 2.1699999706470408e-05}}}, {"_id": "2021:10:20:13:42:09.619995", "Trace Message Type": "GenericMethodTraceMsg", "Trace Message": {"req": {"backend_type": "DirectFtdiDevice", "backend_instance_id": 1, "method_name": "set_timeouts", "args": {"read_timeout": "500"}, "id": 6, "time_profile": {"id": 5, "arrival_time": "2021:10:20:13:42:08.434638", "departure_time": "2021:10:20:13:42:08.541575"}}, "resp": {"exception": "None", "resp": "None"}, "profile": {"mo": 3, "exec_time_sec": 1.8400000044493936e-05}}}, {"_id": "2021:10:20:13:42:09.754672", "Trace Message Type": "GenericMethodTraceMsg", "Trace Message": {"req": {"backend_type": "DirectFtdiDevice", "backend_instance_id": 1, "method_name": "write", "args": {"data": {"network_address": "@1", "99": "99", "crc": "D7B1", "sequence_no": "20", "command_name": "PING", "flags": {}, "args": {}, "command": ""}}, "id": 7, "time_profile": {"id": 6, "arrival_time": "2021:10:20:13:42:08.543570", "departure_time": "2021:10:20:13:42:08.672493"}}, "resp": {"exception": "None", "resp": "None"}, "profile": {"mo": 3, "exec_time_sec": 0.0002982000005431473}}}, {"_id": "2021:10:20:13:42:09.865370", "Trace Message Type": "GenericMethodTraceMsg", "Trace Message": {"req": {"backend_type": "DirectFtdiDevice", "backend_instance_id": 1, "method_name": "set_timeouts", "args": {"read_timeout": "500"}, "id": 8, "time_profile": {"id": 7, "arrival_time": "2021:10:20:13:42:08.672493", "departure_time": "2021:10:20:13:42:08.806409"}}, "resp": {"exception": "None", "resp": "None"}, "profile": {"mo": 3, "exec_time_sec": 5.909999890718609e-05}}}, {"_id": "2021:10:20:13:42:09.952132", "Trace Message Type": "GenericMethodTraceMsg", "Trace Message": {"req": {"backend_type": "DirectFtdiDevice", "backend_instance_id": 1, "method_name": "get_input_size", "args": {}, "id": 9, "time_profile": {"id": 8, "arrival_time": "2021:10:20:13:42:08.806409", "departure_time": "2021:10:20:13:42:08.918341"}}, "resp": {"exception": "None", "resp": "8"}, "profile": {"mo": 3, "exec_time_sec": 3.2899999496294186e-05}}}, {"_id": "2021:10:20:13:42:10.072989", "Trace Message Type": "GenericMethodTraceMsg", "Trace Message": {"req": {"backend_type": "DirectFtdiDevice", "backend_instance_id": 1, "method_name": "set_timeouts", "args": {"read_timeout": "500"}, "id": 10, "time_profile": {"id": 9, "arrival_time": "2021:10:20:13:42:08.918341", "departure_time": "2021:10:20:13:42:09.018279"}}, "resp": {"exception": "None", "resp": "None"}, "profile": {"mo": 3, "exec_time_sec": 6.0900001699337736e-05}}}, {"_id": "2021:10:20:13:42:10.202644", "Trace Message Type": "GenericMethodTraceMsg", "Trace Message": {"req": {"backend_type": "DirectFtdiDevice", "backend_instance_id": 1, "method_name": "read", "args": {"num_bytes": "8", "raw": "True"}, "id": 11, "time_profile": {"id": 10, "arrival_time": "2021:10:20:13:42:09.018279", "departure_time": "2021:10:20:13:42:09.126213"}}, "resp": {"exception": "None", "resp": "b'\\x80\\x03C\\x08\\x00\\r857E\\r\\nq\\x00.'"}, "profile": {"mo": 3, "exec_time_sec": 6.140000186860561e-05}}}, {"_id": "2021:10:20:13:42:10.324633", "Trace Message Type": "GenericMethodTraceMsg", "Trace Message": {"req": {"backend_type": "DirectFtdiDevice", "backend_instance_id": 1, "method_name": "set_timeouts", "args": {"read_timeout": "500"}, "id": 12, "time_profile": {"id": 11, "arrival_time": "2021:10:20:13:42:09.126213", "departure_time": "2021:10:20:13:42:09.257133"}}, "resp": {"exception": "None", "resp": "None"}, "profile": {"mo": 3, "exec_time_sec": 9.200000204145908e-05}}}, {"_id": "2021:10:20:13:42:10.496842", "Trace Message Type": "GenericMethodTraceMsg", "Trace Message": {"req": {"backend_type": "DirectFtdiDevice", "backend_instance_id": 1, "method_name": "set_timeouts", "args": {"read_timeout": "500"}, "id": 13, "time_profile": {"id": 12, "arrival_time": "2021:10:20:13:42:09.257133", "departure_time": "2021:10:20:13:42:09.379058"}}, "resp": {"exception": "None", "resp": "None"}, "profile": {"mo": 3, "exec_time_sec": 6.240000220714137e-05}}}, {"_id": "2021:10:20:13:42:10.582077", "Trace Message Type": "GenericMethodTraceMsg", "Trace Message": {"req": {"backend_type": "DirectFtdiDevice", "backend_instance_id": 1, "method_name": "write", "args": {"data": {"network_address": "@1", "99": "99", "crc": "FDD0", "sequence_no": "46", "command_name": "BIAS", "flags": {}, "args": {}, "command": ""}}, "id": 14, "time_profile": {"id": 13, "arrival_time": "2021:10:20:13:42:09.461008", "departure_time": "2021:10:20:13:42:09.548953"}}, "resp": {"exception": "None", "resp": "None"}, "profile": {"mo": 3, "exec_time_sec": 0.00024179999309126288}}}, {"_id": "2021:10:20:13:42:10.660902", "Trace Message Type": "GenericMethodTraceMsg", "Trace Message": {"req": {"backend_type": "DirectFtdiDevice", "backend_instance_id": 1, "method_name": "set_timeouts", "args": {"read_timeout": "500"}, "id": 15, "time_profile": {"id": 14, "arrival_time": "2021:10:20:13:42:09.548953", "departure_time": "2021:10:20:13:42:09.634900"}}, "resp": {"exception": "None", "resp": "None"}, "profile": {"mo": 3, "exec_time_sec": 1.5800000255694613e-05}}}, {"_id": "2021:10:20:13:42:10.766622", "Trace Message Type": "GenericMethodTraceMsg", "Trace Message": {"req": {"backend_type": "DirectFtdiDevice", "backend_instance_id": 1, "method_name": "get_input_size", "args": {}, "id": 16, "time_profile": {"id": 15, "arrival_time": "2021:10:20:13:42:09.634900", "departure_time": "2021:10:20:13:42:09.714852"}}, "resp": {"exception": "None", "resp": "9"}, "profile": {"mo": 3, "exec_time_sec": 7.390000246232376e-05}}}, {"_id": "2021:10:20:13:42:10.846619", "Trace Message Type": "GenericMethodTraceMsg", "Trace Message": {"req": {"backend_type": "DirectFtdiDevice", "backend_instance_id": 1, "method_name": "set_timeouts", "args": {"read_timeout": "500"}, "id": 17, "time_profile": {"id": 16, "arrival_time": "2021:10:20:13:42:09.714852", "departure_time": "2021:10:20:13:42:09.819786"}}, "resp": {"exception": "None", "resp": "None"}, "profile": {"mo": 3, "exec_time_sec": 2.8599999495781958e-05}}}, {"_id": "2021:10:20:13:42:10.920071", "Trace Message Type": "GenericMethodTraceMsg", "Trace Message": {"req": {"backend_type": "DirectFtdiDevice", "backend_instance_id": 1, "method_name": "read", "args": {"num_bytes": "9", "raw": "True"}, "id": 18, "time_profile": {"id": 17, "arrival_time": "2021:10:20:13:42:09.819786", "departure_time": "2021:10:20:13:42:09.898739"}}, "resp": {"exception": "None", "resp": "b'\\x80\\x03C\\t0 \\rCAA9\\r\\nq\\x00.'"}, "profile": {"mo": 3, "exec_time_sec": 6.120000034570694e-05}}}, {"_id": "2021:10:20:13:42:10.999857", "Trace Message Type": "GenericMethodTraceMsg", "Trace Message": {"req": {"backend_type": "DirectFtdiDevice", "backend_instance_id": 1, "method_name": "set_timeouts", "args": {"read_timeout": "500"}, "id": 19, "time_profile": {"id": 18, "arrival_time": "2021:10:20:13:42:09.898739", "departure_time": "2021:10:20:13:42:09.971694"}}, "resp": {"exception": "None", "resp": "None"}, "profile": {"mo": 3, "exec_time_sec": 1.8500000805943273e-05}}}, {"_id": "2021:10:20:13:42:11.107573", "Trace Message Type": "GenericMethodTraceMsg", "Trace Message": {"req": {"backend_type": "DirectFtdiDevice", "backend_instance_id": 1, "method_name": "set_timeouts", "args": {"read_timeout": "500"}, "id": 20, "time_profile": {"id": 19, "arrival_time": "2021:10:20:13:42:09.971694", "departure_time": "2021:10:20:13:42:10.051646"}}, "resp": {"exception": "None", "resp": "None"}, "profile": {"mo": 3, "exec_time_sec": 1.8200000340584666e-05}}}, {"_id": "2021:10:20:13:42:11.166412", "Trace Message Type": "GenericMethodTraceMsg", "Trace Message": {"req": {"backend_type": "DirectFtdiDevice", "backend_instance_id": 1, "method_name": "write", "args": {"data": {"network_address": "@1", "99": "99", "crc": "C2C5", "sequence_no": "22", "command_name": "SPED", "flags": {}, "args": {"velocity": "20000", "acceleration": "20000"}, "command": ""}}, "id": 21, "time_profile": {"id": 20, "arrival_time": "2021:10:20:13:42:10.085623", "departure_time": "2021:10:20:13:42:10.161578"}}, "resp": {"exception": "None", "resp": "None"}, "profile": {"mo": 3, "exec_time_sec": 0.0001424999936716631}}}, {"_id": "2021:10:20:13:42:11.233234", "Trace Message Type": "GenericMethodTraceMsg", "Trace Message": {"req": {"backend_type": "DirectFtdiDevice", "backend_instance_id": 1, "method_name": "set_timeouts", "args": {"read_timeout": "500"}, "id": 22, "time_profile": {"id": 21, "arrival_time": "2021:10:20:13:42:10.161578", "departure_time": "2021:10:20:13:42:10.218542"}}, "resp": {"exception": "None", "resp": "None"}, "profile": {"mo": 3, "exec_time_sec": 1.9600000086938962e-05}}}, {"_id": "2021:10:20:13:42:11.307038", "Trace Message Type": "GenericMethodTraceMsg", "Trace Message": {"req": {"backend_type": "DirectFtdiDevice", "backend_instance_id": 1, "method_name": "get_input_size", "args": {}, "id": 23, "time_profile": {"id": 22, "arrival_time": "2021:10:20:13:42:10.218542", "departure_time": "2021:10:20:13:42:10.290498"}}, "resp": {"exception": "None", "resp": "19"}, "profile": {"mo": 3, "exec_time_sec": 2.300000051036477e-05}}}, {"_id": "2021:10:20:13:42:11.374855", "Trace Message Type": "GenericMethodTraceMsg", "Trace Message": {"req": {"backend_type": "DirectFtdiDevice", "backend_instance_id": 1, "method_name": "set_timeouts", "args": {"read_timeout": "500"}, "id": 24, "time_profile": {"id": 23, "arrival_time": "2021:10:20:13:42:10.290498", "departure_time": "2021:10:20:13:42:10.358457"}}, "resp": {"exception": "None", "resp": "None"}, "profile": {"mo": 3, "exec_time_sec": 1.8400000044493936e-05}}}, {"_id": "2021:10:20:13:42:11.441143", "Trace Message Type": "GenericMethodTraceMsg", "Trace Message": {"req": {"backend_type": "DirectFtdiDevice", "backend_instance_id": 1, "method_name": "read", "args": {"num_bytes": "19", "raw": "True"}, "id": 25, "time_profile": {"id": 24, "arrival_time": "2021:10:20:13:42:10.358457", "departure_time": "2021:10:20:13:42:10.428414"}}, "resp": {"exception": "None", "resp": "b'\\x80\\x03C\\x1320000 20000 \\rC22D\\r\\nq\\x00.'"}, "profile": {"mo": 3, "exec_time_sec": 7.200000254670158e-05}}}, {"_id": "2021:10:20:13:42:11.501981", "Trace Message Type": "GenericMethodTraceMsg", "Trace Message": {"req": {"backend_type": "DirectFtdiDevice", "backend_instance_id": 1, "method_name": "set_timeouts", "args": {"read_timeout": "500"}, "id": 26, "time_profile": {"id": 25, "arrival_time": "2021:10:20:13:42:10.428414", "departure_time": "2021:10:20:13:42:10.492374"}}, "resp": {"exception": "None", "resp": "None"}, "profile": {"mo": 3, "exec_time_sec": 1.9099999917671084e-05}}}, {"_id": "2021:10:20:13:42:11.558828", "Trace Message Type": "GenericMethodTraceMsg", "Trace Message": {"req": {"backend_type": "DirectFtdiDevice", "backend_instance_id": 1, "method_name": "set_timeouts", "args": {"read_timeout": "500"}, "id": 27, "time_profile": {"id": 26, "arrival_time": "2021:10:20:13:42:10.492374", "departure_time": "2021:10:20:13:42:10.554337"}}, "resp": {"exception": "None", "resp": "None"}, "profile": {"mo": 3, "exec_time_sec": 1.8200000340584666e-05}}}, {"_id": "2021:10:20:13:42:11.624260", "Trace Message Type": "GenericMethodTraceMsg", "Trace Message": {"req": {"backend_type": "DirectFtdiDevice", "backend_instance_id": 1, "method_name": "write", "args": {"data": {"network_address": "@1", "99": "99", "crc": "F220", "sequence_no": "24", "command_name": "BIAS", "flags": {}, "args": {"bias": "0"}, "command": ""}}, "id": 28, "time_profile": {"id": 27, "arrival_time": "2021:10:20:13:42:10.557336", "departure_time": "2021:10:20:13:42:10.610303"}}, "resp": {"exception": "None", "resp": "None"}, "profile": {"mo": 3, "exec_time_sec": 0.00015750000602565706}}}, {"_id": "2021:10:20:13:42:11.699063", "Trace Message Type": "GenericMethodTraceMsg", "Trace Message": {"req": {"backend_type": "DirectFtdiDevice", "backend_instance_id": 1, "method_name": "set_timeouts", "args": {"read_timeout": "500"}, "id": 29, "time_profile": {"id": 28, "arrival_time": "2021:10:20:13:42:10.610303", "departure_time": "2021:10:20:13:42:10.676262"}}, "resp": {"exception": "None", "resp": "None"}, "profile": {"mo": 3, "exec_time_sec": 3.529999958118424e-05}}}, {"_id": "2021:10:20:13:42:11.766555", "Trace Message Type": "GenericMethodTraceMsg", "Trace Message": {"req": {"backend_type": "DirectFtdiDevice", "backend_instance_id": 1, "method_name": "get_input_size", "args": {}, "id": 30, "time_profile": {"id": 29, "arrival_time": "2021:10:20:13:42:10.676262", "departure_time": "2021:10:20:13:42:10.751214"}}, "resp": {"exception": "None", "resp": "9"}, "profile": {"mo": 3, "exec_time_sec": 4.0099999750964344e-05}}}, {"_id": "2021:10:20:13:42:11.834164", "Trace Message Type": "GenericMethodTraceMsg", "Trace Message": {"req": {"backend_type": "DirectFtdiDevice", "backend_instance_id": 1, "method_name": "set_timeouts", "args": {"read_timeout": "500"}, "id": 31, "time_profile": {"id": 30, "arrival_time": "2021:10:20:13:42:10.751214", "departure_time": "2021:10:20:13:42:10.820175"}}, "resp": {"exception": "None", "resp": "None"}, "profile": {"mo": 3, "exec_time_sec": 1.82999992830446e-05}}}, {"_id": "2021:10:20:13:42:11.894224", "Trace Message Type": "GenericMethodTraceMsg", "Trace Message": {"req": {"backend_type": "DirectFtdiDevice", "backend_instance_id": 1, "method_name": "read", "args": {"num_bytes": "9", "raw": "True"}, "id": 32, "time_profile": {"id": 31, "arrival_time": "2021:10:20:13:42:10.820175", "departure_time": "2021:10:20:13:42:10.886133"}}, "resp": {"exception": "None", "resp": "b'\\x80\\x03C\\t0 \\rCAA9\\r\\nq\\x00.'"}, "profile": {"mo": 3, "exec_time_sec": 2.8399999791872688e-05}}}, {"_id": "2021:10:20:13:42:11.963435", "Trace Message Type": "GenericMethodTraceMsg", "Trace Message": {"req": {"backend_type": "DirectFtdiDevice", "backend_instance_id": 1, "method_name": "set_timeouts", "args": {"read_timeout": "500"}, "id": 33, "time_profile": {"id": 32, "arrival_time": "2021:10:20:13:42:10.886133", "departure_time": "2021:10:20:13:42:10.946095"}}, "resp": {"exception": "None", "resp": "None"}, "profile": {"mo": 3, "exec_time_sec": 6.169999687699601e-05}}}, {"_id": "2021:10:20:13:42:12.028426", "Trace Message Type": "GenericMethodTraceMsg", "Trace Message": {"req": {"backend_type": "DirectFtdiDevice", "backend_instance_id": 1, "method_name": "set_timeouts", "args": {"read_timeout": "500"}, "id": 34, "time_profile": {"id": 33, "arrival_time": "2021:10:20:13:42:10.946095", "departure_time": "2021:10:20:13:42:11.017052"}}, "resp": {"exception": "None", "resp": "None"}, "profile": {"mo": 3, "exec_time_sec": 2.990000029967632e-05}}}, {"_id": "2021:10:20:13:42:12.094250", "Trace Message Type": "GenericMethodTraceMsg", "Trace Message": {"req": {"backend_type": "DirectFtdiDevice", "backend_instance_id": 1, "method_name": "write", "args": {"data": {"network_address": "@1", "99": "99", "crc": "0C96", "sequence_no": "26", "command_name": "HOME", "flags": {"if_needed": "1"}, "args": {}, "command": ""}}, "id": 35, "time_profile": {"id": 34, "arrival_time": "2021:10:20:13:42:11.020051", "departure_time": "2021:10:20:13:42:11.084011"}}, "resp": {"exception": "None", "resp": "None"}, "profile": {"mo": 3, "exec_time_sec": 0.00016349999350495636}}}, {"_id": "2021:10:20:13:42:12.164066", "Trace Message Type": "GenericMethodTraceMsg", "Trace Message": {"req": {"backend_type": "DirectFtdiDevice", "backend_instance_id": 1, "method_name": "set_timeouts", "args": {"read_timeout": "500"}, "id": 36, "time_profile": {"id": 35, "arrival_time": "2021:10:20:13:42:11.084011", "departure_time": "2021:10:20:13:42:11.147972"}}, "resp": {"exception": "None", "resp": "None"}, "profile": {"mo": 3, "exec_time_sec": 6.849999772384763e-05}}}, {"_id": "2021:10:20:13:42:12.236871", "Trace Message Type": "GenericMethodTraceMsg", "Trace Message": {"req": {"backend_type": "DirectFtdiDevice", "backend_instance_id": 1, "method_name": "get_input_size", "args": {}, "id": 37, "time_profile": {"id": 36, "arrival_time": "2021:10:20:13:42:11.147972", "departure_time": "2021:10:20:13:42:11.216929"}}, "resp": {"exception": "None", "resp": "28"}, "profile": {"mo": 3, "exec_time_sec": 3.9200000173877925e-05}}}, {"_id": "2021:10:20:13:42:12.315665", "Trace Message Type": "GenericMethodTraceMsg", "Trace Message": {"req": {"backend_type": "DirectFtdiDevice", "backend_instance_id": 1, "method_name": "set_timeouts", "args": {"read_timeout": "500"}, "id": 38, "time_profile": {"id": 37, "arrival_time": "2021:10:20:13:42:11.216929", "departure_time": "2021:10:20:13:42:11.289887"}}, "resp": {"exception": "None", "resp": "None"}, "profile": {"mo": 3, "exec_time_sec": 2.700000004551839e-05}}}, {"_id": "2021:10:20:13:42:12.382339", "Trace Message Type": "GenericMethodTraceMsg", "Trace Message": {"req": {"backend_type": "DirectFtdiDevice", "backend_instance_id": 1, "method_name": "read", "args": {"num_bytes": "28", "raw": "True"}, "id": 39, "time_profile": {"id": 38, "arrival_time": "2021:10:20:13:42:11.289887", "departure_time": "2021:10:20:13:42:11.368836"}}, "resp": {"exception": "None", "resp": "b'\\x80\\x03C\\x1c2433 10331 40824 522 \\r8ABB\\r\\nq\\x00.'"}, "profile": {"mo": 3, "exec_time_sec": 6.160000339150429e-05}}}, {"_id": "2021:10:20:13:42:12.443176", "Trace Message Type": "GenericMethodTraceMsg", "Trace Message": {"req": {"backend_type": "DirectFtdiDevice", "backend_instance_id": 1, "method_name": "set_timeouts", "args": {"read_timeout": "500"}, "id": 40, "time_profile": {"id": 39, "arrival_time": "2021:10:20:13:42:11.368836", "departure_time": "2021:10:20:13:42:11.434796"}}, "resp": {"exception": "None", "resp": "None"}, "profile": {"mo": 3, "exec_time_sec": 1.920000067912042e-05}}}, {"_id": "2021:10:20:13:42:12.517849", "Trace Message Type": "GenericMethodTraceMsg", "Trace Message": {"req": {"backend_type": "DirectFtdiDevice", "backend_instance_id": 1, "method_name": "set_timeouts", "args": {"read_timeout": "500"}, "id": 41, "time_profile": {"id": 40, "arrival_time": "2021:10:20:13:42:11.434796", "departure_time": "2021:10:20:13:42:11.498757"}}, "resp": {"exception": "None", "resp": "None"}, "profile": {"mo": 3, "exec_time_sec": 3.9999998989515007e-05}}}, {"_id": "2021:10:20:13:42:12.578992", "Trace Message Type": "GenericMethodTraceMsg", "Trace Message": {"req": {"backend_type": "DirectFtdiDevice", "backend_instance_id": 1, "method_name": "write", "args": {"data": {"network_address": "@1", "99": "99", "crc": "51E3", "sequence_no": "28", "command_name": "CURR", "flags": {}, "args": {"axis": "0"}, "command": ""}}, "id": 42, "time_profile": {"id": 41, "arrival_time": "2021:10:20:13:42:11.501755", "departure_time": "2021:10:20:13:42:11.570711"}}, "resp": {"exception": "None", "resp": "None"}, "profile": {"mo": 3, "exec_time_sec": 0.0001272999943466857}}}, {"_id": "2021:10:20:13:42:12.640845", "Trace Message Type": "GenericMethodTraceMsg", "Trace Message": {"req": {"backend_type": "DirectFtdiDevice", "backend_instance_id": 1, "method_name": "set_timeouts", "args": {"read_timeout": "500"}, "id": 43, "time_profile": {"id": 42, "arrival_time": "2021:10:20:13:42:11.570711", "departure_time": "2021:10:20:13:42:11.634673"}}, "resp": {"exception": "None", "resp": "None"}, "profile": {"mo": 3, "exec_time_sec": 2.9999999242136255e-05}}}, {"_id": "2021:10:20:13:42:12.703765", "Trace Message Type": "GenericMethodTraceMsg", "Trace Message": {"req": {"backend_type": "DirectFtdiDevice", "backend_instance_id": 1, "method_name": "get_input_size", "args": {}, "id": 44, "time_profile": {"id": 43, "arrival_time": "2021:10:20:13:42:11.634673", "departure_time": "2021:10:20:13:42:11.692638"}}, "resp": {"exception": "None", "resp": "11"}, "profile": {"mo": 3, "exec_time_sec": 2.2000000171829015e-05}}}, {"_id": "2021:10:20:13:42:12.767594", "Trace Message Type": "GenericMethodTraceMsg", "Trace Message": {"req": {"backend_type": "DirectFtdiDevice", "backend_instance_id": 1, "method_name": "set_timeouts", "args": {"read_timeout": "500"}, "id": 45, "time_profile": {"id": 44, "arrival_time": "2021:10:20:13:42:11.692638", "departure_time": "2021:10:20:13:42:11.755599"}}, "resp": {"exception": "None", "resp": "None"}, "profile": {"mo": 3, "exec_time_sec": 1.8500000805943273e-05}}}, {"_id": "2021:10:20:13:42:12.829425", "Trace Message Type": "GenericMethodTraceMsg", "Trace Message": {"req": {"backend_type": "DirectFtdiDevice", "backend_instance_id": 1, "method_name": "read", "args": {"num_bytes": "11", "raw": "True"}, "id": 46, "time_profile": {"id": 45, "arrival_time": "2021:10:20:13:42:11.756598", "departure_time": "2021:10:20:13:42:11.819559"}}, "resp": {"exception": "None", "resp": "b'\\x80\\x03C\\x0b315 \\rF3E6\\r\\nq\\x00.'"}, "profile": {"mo": 3, "exec_time_sec": 7.069999992381781e-05}}}, {"_id": "2021:10:20:13:42:12.893255", "Trace Message Type": "GenericMethodTraceMsg", "Trace Message": {"req": {"backend_type": "DirectFtdiDevice", "backend_instance_id": 1, "method_name": "set_timeouts", "args": {"read_timeout": "500"}, "id": 47, "time_profile": {"id": 46, "arrival_time": "2021:10:20:13:42:11.819559", "departure_time": "2021:10:20:13:42:11.881522"}}, "resp": {"exception": "None", "resp": "None"}, "profile": {"mo": 3, "exec_time_sec": 2.5699999241624027e-05}}}, {"_id": "2021:10:20:13:42:12.954598", "Trace Message Type": "GenericMethodTraceMsg", "Trace Message": {"req": {"backend_type": "DirectFtdiDevice", "backend_instance_id": 1, "method_name": "set_timeouts", "args": {"read_timeout": "500"}, "id": 48, "time_profile": {"id": 47, "arrival_time": "2021:10:20:13:42:11.881522", "departure_time": "2021:10:20:13:42:11.944482"}}, "resp": {"exception": "None", "resp": "None"}, "profile": {"mo": 3, "exec_time_sec": 4.769999941345304e-05}}}, {"_id": "2021:10:20:13:42:13.018573", "Trace Message Type": "GenericMethodTraceMsg", "Trace Message": {"req": {"backend_type": "DirectFtdiDevice", "backend_instance_id": 1, "method_name": "write", "args": {"data": {"network_address": "@1", "99": "99", "crc": "54D5", "sequence_no": "30", "command_name": "CURR", "flags": {}, "args": {"axis": "0"}, "command": ""}}, "id": 49, "time_profile": {"id": 48, "arrival_time": "2021:10:20:13:42:11.947480", "departure_time": "2021:10:20:13:42:12.006444"}}, "resp": {"exception": "None", "resp": "None"}, "profile": {"mo": 3, "exec_time_sec": 0.00011030000314349309}}}, {"_id": "2021:10:20:13:42:13.075422", "Trace Message Type": "GenericMethodTraceMsg", "Trace Message": {"req": {"backend_type": "DirectFtdiDevice", "backend_instance_id": 1, "method_name": "set_timeouts", "args": {"read_timeout": "500"}, "id": 50, "time_profile": {"id": 49, "arrival_time": "2021:10:20:13:42:12.006444", "departure_time": "2021:10:20:13:42:12.070406"}}, "resp": {"exception": "None", "resp": "None"}, "profile": {"mo": 3, "exec_time_sec": 1.9999999494757503e-05}}}, {"_id": "2021:10:20:13:42:13.139255", "Trace Message Type": "GenericMethodTraceMsg", "Trace Message": {"req": {"backend_type": "DirectFtdiDevice", "backend_instance_id": 1, "method_name": "get_input_size", "args": {}, "id": 51, "time_profile": {"id": 50, "arrival_time": "2021:10:20:13:42:12.070406", "departure_time": "2021:10:20:13:42:12.128371"}}, "resp": {"exception": "None", "resp": "11"}, "profile": {"mo": 3, "exec_time_sec": 5.750000127591193e-05}}}, {"_id": "2021:10:20:13:42:13.202083", "Trace Message Type": "GenericMethodTraceMsg", "Trace Message": {"req": {"backend_type": "DirectFtdiDevice", "backend_instance_id": 1, "method_name": "set_timeouts", "args": {"read_timeout": "500"}, "id": 52, "time_profile": {"id": 51, "arrival_time": "2021:10:20:13:42:12.128371", "departure_time": "2021:10:20:13:42:12.192332"}}, "resp": {"exception": "None", "resp": "None"}, "profile": {"mo": 3, "exec_time_sec": 2.2199999875738285e-05}}}, {"_id": "2021:10:20:13:42:13.259168", "Trace Message Type": "GenericMethodTraceMsg", "Trace Message": {"req": {"backend_type": "DirectFtdiDevice", "backend_instance_id": 1, "method_name": "read", "args": {"num_bytes": "11", "raw": "True"}, "id": 53, "time_profile": {"id": 52, "arrival_time": "2021:10:20:13:42:12.192332", "departure_time": "2021:10:20:13:42:12.254293"}}, "resp": {"exception": "None", "resp": "b'\\x80\\x03C\\x0b311 \\r32A7\\r\\nq\\x00.'"}, "profile": {"mo": 3, "exec_time_sec": 2.7100000806967728e-05}}}, {"_id": "2021:10:20:13:42:13.333041", "Trace Message Type": "GenericMethodTraceMsg", "Trace Message": {"req": {"backend_type": "DirectFtdiDevice", "backend_instance_id": 1, "method_name": "set_timeouts", "args": {"read_timeout": "500"}, "id": 54, "time_profile": {"id": 53, "arrival_time": "2021:10:20:13:42:12.254293", "departure_time": "2021:10:20:13:42:12.311257"}}, "resp": {"exception": "None", "resp": "None"}, "profile": {"mo": 3, "exec_time_sec": 2.9099999665049836e-05}}}, {"_id": "2021:10:20:13:42:13.412825", "Trace Message Type": "GenericMethodTraceMsg", "Trace Message": {"req": {"backend_type": "DirectFtdiDevice", "backend_instance_id": 1, "method_name": "set_timeouts", "args": {"read_timeout": "500"}, "id": 55, "time_profile": {"id": 54, "arrival_time": "2021:10:20:13:42:12.311257", "departure_time": "2021:10:20:13:42:12.385213"}}, "resp": {"exception": "None", "resp": "None"}, "profile": {"mo": 3, "exec_time_sec": 1.920000067912042e-05}}}, {"_id": "2021:10:20:13:42:13.471668", "Trace Message Type": "GenericMethodTraceMsg", "Trace Message": {"req": {"backend_type": "DirectFtdiDevice", "backend_instance_id": 1, "method_name": "write", "args": {"data": {"network_address": "@1", "99": "99", "crc": "34CC", "sequence_no": "32", "command_name": "CURR", "flags": {}, "args": {"axis": "0"}, "command": ""}}, "id": 56, "time_profile": {"id": 55, "arrival_time": "2021:10:20:13:42:12.388211", "departure_time": "2021:10:20:13:42:12.464164"}}, "resp": {"exception": "None", "resp": "None"}, "profile": {"mo": 3, "exec_time_sec": 0.00017070000467356294}}}, {"_id": "2021:10:20:13:42:13.530917", "Trace Message Type": "GenericMethodTraceMsg", "Trace Message": {"req": {"backend_type": "DirectFtdiDevice", "backend_instance_id": 1, "method_name": "set_timeouts", "args": {"read_timeout": "500"}, "id": 57, "time_profile": {"id": 56, "arrival_time": "2021:10:20:13:42:12.464164", "departure_time": "2021:10:20:13:42:12.523129"}}, "resp": {"exception": "None", "resp": "None"}, "profile": {"mo": 3, "exec_time_sec": 1.97000008483883e-05}}}, {"_id": "2021:10:20:13:42:13.601727", "Trace Message Type": "GenericMethodTraceMsg", "Trace Message": {"req": {"backend_type": "DirectFtdiDevice", "backend_instance_id": 1, "method_name": "get_input_size", "args": {}, "id": 58, "time_profile": {"id": 57, "arrival_time": "2021:10:20:13:42:12.523129", "departure_time": "2021:10:20:13:42:12.585088"}}, "resp": {"exception": "None", "resp": "11"}, "profile": {"mo": 3, "exec_time_sec": 2.3099999452824704e-05}}}, {"_id": "2021:10:20:13:42:13.671540", "Trace Message Type": "GenericMethodTraceMsg", "Trace Message": {"req": {"backend_type": "DirectFtdiDevice", "backend_instance_id": 1, "method_name": "set_timeouts", "args": {"read_timeout": "500"}, "id": 59, "time_profile": {"id": 58, "arrival_time": "2021:10:20:13:42:12.585088", "departure_time": "2021:10:20:13:42:12.656048"}}, "resp": {"exception": "None", "resp": "None"}, "profile": {"mo": 3, "exec_time_sec": 1.9299999621580355e-05}}}, {"_id": "2021:10:20:13:42:13.735373", "Trace Message Type": "GenericMethodTraceMsg", "Trace Message": {"req": {"backend_type": "DirectFtdiDevice", "backend_instance_id": 1, "method_name": "read", "args": {"num_bytes": "11", "raw": "True"}, "id": 60, "time_profile": {"id": 59, "arrival_time": "2021:10:20:13:42:12.656048", "departure_time": "2021:10:20:13:42:12.724006"}}, "resp": {"exception": "None", "resp": "b'\\x80\\x03C\\x0b306 \\r0F17\\r\\nq\\x00.'"}, "profile": {"mo": 3, "exec_time_sec": 2.6199999410891905e-05}}}, {"_id": "2021:10:20:13:42:13.803188", "Trace Message Type": "GenericMethodTraceMsg", "Trace Message": {"req": {"backend_type": "DirectFtdiDevice", "backend_instance_id": 1, "method_name": "set_timeouts", "args": {"read_timeout": "500"}, "id": 61, "time_profile": {"id": 60, "arrival_time": "2021:10:20:13:42:12.724006", "departure_time": "2021:10:20:13:42:12.790962"}}, "resp": {"exception": "None", "resp": "None"}, "profile": {"mo": 3, "exec_time_sec": 1.8799999452312477e-05}}}, {"_id": "2021:10:20:13:42:13.871010", "Trace Message Type": "GenericMethodTraceMsg", "Trace Message": {"req": {"backend_type": "DirectFtdiDevice", "backend_instance_id": 1, "method_name": "set_timeouts", "args": {"read_timeout": "500"}, "id": 62, "time_profile": {"id": 61, "arrival_time": "2021:10:20:13:42:12.790962", "departure_time": "2021:10:20:13:42:12.854923"}}, "resp": {"exception": "None", "resp": "None"}, "profile": {"mo": 3, "exec_time_sec": 1.9099999917671084e-05}}}, {"_id": "2021:10:20:13:42:13.936831", "Trace Message Type": "GenericMethodTraceMsg", "Trace Message": {"req": {"backend_type": "DirectFtdiDevice", "backend_instance_id": 1, "method_name": "write", "args": {"data": {"network_address": "@1", "99": "99", "crc": "94E7", "sequence_no": "34", "command_name": "CURR", "flags": {}, "args": {"axis": "0"}, "command": ""}}, "id": 63, "time_profile": {"id": 62, "arrival_time": "2021:10:20:13:42:12.857922", "departure_time": "2021:10:20:13:42:12.924879"}}, "resp": {"exception": "None", "resp": "None"}, "profile": {"mo": 3, "exec_time_sec": 0.0001750999945215881}}}, {"_id": "2021:10:20:13:42:14.005497", "Trace Message Type": "GenericMethodTraceMsg", "Trace Message": {"req": {"backend_type": "DirectFtdiDevice", "backend_instance_id": 1, "method_name": "set_timeouts", "args": {"read_timeout": "500"}, "id": 64, "time_profile": {"id": 63, "arrival_time": "2021:10:20:13:42:12.924879", "departure_time": "2021:10:20:13:42:12.988841"}}, "resp": {"exception": "None", "resp": "None"}, "profile": {"mo": 3, "exec_time_sec": 2.350000067963265e-05}}}, {"_id": "2021:10:20:13:42:14.074313", "Trace Message Type": "GenericMethodTraceMsg", "Trace Message": {"req": {"backend_type": "DirectFtdiDevice", "backend_instance_id": 1, "method_name": "get_input_size", "args": {}, "id": 65, "time_profile": {"id": 64, "arrival_time": "2021:10:20:13:42:12.988841", "departure_time": "2021:10:20:13:42:13.058798"}}, "resp": {"exception": "None", "resp": "11"}, "profile": {"mo": 3, "exec_time_sec": 3.3200001780642197e-05}}}, {"_id": "2021:10:20:13:42:14.150107", "Trace Message Type": "GenericMethodTraceMsg", "Trace Message": {"req": {"backend_type": "DirectFtdiDevice", "backend_instance_id": 1, "method_name": "set_timeouts", "args": {"read_timeout": "500"}, "id": 66, "time_profile": {"id": 65, "arrival_time": "2021:10:20:13:42:13.058798", "departure_time": "2021:10:20:13:42:13.126757"}}, "resp": {"exception": "None", "resp": "None"}, "profile": {"mo": 3, "exec_time_sec": 4.999999873689376e-05}}}, {"_id": "2021:10:20:13:42:14.210948", "Trace Message Type": "GenericMethodTraceMsg", "Trace Message": {"req": {"backend_type": "DirectFtdiDevice", "backend_instance_id": 1, "method_name": "read", "args": {"num_bytes": "11", "raw": "True"}, "id": 67, "time_profile": {"id": 66, "arrival_time": "2021:10:20:13:42:13.126757", "departure_time": "2021:10:20:13:42:13.203709"}}, "resp": {"exception": "None", "resp": "b'\\x80\\x03C\\x0b309 \\r0C27\\r\\nq\\x00.'"}, "profile": {"mo": 3, "exec_time_sec": 3.7599998904624954e-05}}}, {"_id": "2021:10:20:13:42:14.275771", "Trace Message Type": "GenericMethodTraceMsg", "Trace Message": {"req": {"backend_type": "DirectFtdiDevice", "backend_instance_id": 1, "method_name": "set_timeouts", "args": {"read_timeout": "500"}, "id": 68, "time_profile": {"id": 67, "arrival_time": "2021:10:20:13:42:13.203709", "departure_time": "2021:10:20:13:42:13.263672"}}, "resp": {"exception": "None", "resp": "None"}, "profile": {"mo": 3, "exec_time_sec": 2.2700000045006163e-05}}}, {"_id": "2021:10:20:13:42:14.352789", "Trace Message Type": "GenericMethodTraceMsg", "Trace Message": {"req": {"backend_type": "DirectFtdiDevice", "backend_instance_id": 1, "method_name": "set_timeouts", "args": {"read_timeout": "500"}, "id": 69, "time_profile": {"id": 68, "arrival_time": "2021:10:20:13:42:13.263672", "departure_time": "2021:10:20:13:42:13.329631"}}, "resp": {"exception": "None", "resp": "None"}, "profile": {"mo": 3, "exec_time_sec": 1.8400000044493936e-05}}}, {"_id": "2021:10:20:13:42:14.420994", "Trace Message Type": "GenericMethodTraceMsg", "Trace Message": {"req": {"backend_type": "DirectFtdiDevice", "backend_instance_id": 1, "method_name": "write", "args": {"data": {"network_address": "@1", "99": "99", "crc": "F4FE", "sequence_no": "36", "command_name": "CURR", "flags": {}, "args": {"axis": "0"}, "command": ""}}, "id": 70, "time_profile": {"id": 69, "arrival_time": "2021:10:20:13:42:13.332630", "departure_time": "2021:10:20:13:42:13.404586"}}, "resp": {"exception": "None", "resp": "None"}, "profile": {"mo": 3, "exec_time_sec": 0.0001866999955382198}}}, {"_id": "2021:10:20:13:42:14.481839", "Trace Message Type": "GenericMethodTraceMsg", "Trace Message": {"req": {"backend_type": "DirectFtdiDevice", "backend_instance_id": 1, "method_name": "set_timeouts", "args": {"read_timeout": "500"}, "id": 71, "time_profile": {"id": 70, "arrival_time": "2021:10:20:13:42:13.404586", "departure_time": "2021:10:20:13:42:13.474544"}}, "resp": {"exception": "None", "resp": "None"}, "profile": {"mo": 3, "exec_time_sec": 2.1500000002561137e-05}}}, {"_id": "2021:10:20:13:42:14.542681", "Trace Message Type": "GenericMethodTraceMsg", "Trace Message": {"req": {"backend_type": "DirectFtdiDevice", "backend_instance_id": 1, "method_name": "get_input_size", "args": {}, "id": 72, "time_profile": {"id": 71, "arrival_time": "2021:10:20:13:42:13.474544", "departure_time": "2021:10:20:13:42:13.533507"}}, "resp": {"exception": "None", "resp": "11"}, "profile": {"mo": 3, "exec_time_sec": 7.100000220816582e-05}}}, {"_id": "2021:10:20:13:42:14.616973", "Trace Message Type": "GenericMethodTraceMsg", "Trace Message": {"req": {"backend_type": "DirectFtdiDevice", "backend_instance_id": 1, "method_name": "set_timeouts", "args": {"read_timeout": "500"}, "id": 73, "time_profile": {"id": 72, "arrival_time": "2021:10:20:13:42:13.533507", "departure_time": "2021:10:20:13:42:13.595470"}}, "resp": {"exception": "None", "resp": "None"}, "profile": {"mo": 3, "exec_time_sec": 5.289999899105169e-05}}}, {"_id": "2021:10:20:13:42:14.677034", "Trace Message Type": "GenericMethodTraceMsg", "Trace Message": {"req": {"backend_type": "DirectFtdiDevice", "backend_instance_id": 1, "method_name": "read", "args": {"num_bytes": "11", "raw": "True"}, "id": 74, "time_profile": {"id": 73, "arrival_time": "2021:10:20:13:42:13.595470", "departure_time": "2021:10:20:13:42:13.669425"}}, "resp": {"exception": "None", "resp": "b'\\x80\\x03C\\x0b292 \\r9268\\r\\nq\\x00.'"}, "profile": {"mo": 3, "exec_time_sec": 3.859999924316071e-05}}}, {"_id": "2021:10:20:13:42:14.746997", "Trace Message Type": "GenericMethodTraceMsg", "Trace Message": {"req": {"backend_type": "DirectFtdiDevice", "backend_instance_id": 1, "method_name": "set_timeouts", "args": {"read_timeout": "500"}, "id": 75, "time_profile": {"id": 74, "arrival_time": "2021:10:20:13:42:13.669425", "departure_time": "2021:10:20:13:42:13.729388"}}, "resp": {"exception": "None", "resp": "None"}, "profile": {"mo": 3, "exec_time_sec": 3.0100000003585592e-05}}}, {"_id": "2021:10:20:13:42:14.822311", "Trace Message Type": "GenericMethodTraceMsg", "Trace Message": {"req": {"backend_type": "DirectFtdiDevice", "backend_instance_id": 1, "method_name": "set_timeouts", "args": {"read_timeout": "500"}, "id": 76, "time_profile": {"id": 75, "arrival_time": "2021:10:20:13:42:13.729388", "departure_time": "2021:10:20:13:42:13.799345"}}, "resp": {"exception": "None", "resp": "None"}, "profile": {"mo": 3, "exec_time_sec": 1.8000000636675395e-05}}}, {"_id": "2021:10:20:13:42:14.888136", "Trace Message Type": "GenericMethodTraceMsg", "Trace Message": {"req": {"backend_type": "DirectFtdiDevice", "backend_instance_id": 1, "method_name": "write", "args": {"data": {"network_address": "@1", "99": "99", "crc": "94B2", "sequence_no": "38", "command_name": "CURR", "flags": {}, "args": {"axis": "0"}, "command": ""}}, "id": 77, "time_profile": {"id": 76, "arrival_time": "2021:10:20:13:42:13.802343", "departure_time": "2021:10:20:13:42:13.876298"}}, "resp": {"exception": "None", "resp": "None"}, "profile": {"mo": 3, "exec_time_sec": 0.00018940000154543668}}}, {"_id": "2021:10:20:13:42:14.952990", "Trace Message Type": "GenericMethodTraceMsg", "Trace Message": {"req": {"backend_type": "DirectFtdiDevice", "backend_instance_id": 1, "method_name": "set_timeouts", "args": {"read_timeout": "500"}, "id": 78, "time_profile": {"id": 77, "arrival_time": "2021:10:20:13:42:13.876298", "departure_time": "2021:10:20:13:42:13.940259"}}, "resp": {"exception": "None", "resp": "None"}, "profile": {"mo": 3, "exec_time_sec": 2.9799999538226984e-05}}}, {"_id": "2021:10:20:13:42:15.018232", "Trace Message Type": "GenericMethodTraceMsg", "Trace Message": {"req": {"backend_type": "DirectFtdiDevice", "backend_instance_id": 1, "method_name": "get_input_size", "args": {}, "id": 79, "time_profile": {"id": 78, "arrival_time": "2021:10:20:13:42:13.941259", "departure_time": "2021:10:20:13:42:14.007218"}}, "resp": {"exception": "None", "resp": "11"}, "profile": {"mo": 3, "exec_time_sec": 3.239999932702631e-05}}}, {"_id": "2021:10:20:13:42:15.079308", "Trace Message Type": "GenericMethodTraceMsg", "Trace Message": {"req": {"backend_type": "DirectFtdiDevice", "backend_instance_id": 1, "method_name": "set_timeouts", "args": {"read_timeout": "500"}, "id": 80, "time_profile": {"id": 79, "arrival_time": "2021:10:20:13:42:14.007218", "departure_time": "2021:10:20:13:42:14.070179"}}, "resp": {"exception": "None", "resp": "None"}, "profile": {"mo": 3, "exec_time_sec": 1.9299999621580355e-05}}}, {"_id": "2021:10:20:13:42:15.137462", "Trace Message Type": "GenericMethodTraceMsg", "Trace Message": {"req": {"backend_type": "DirectFtdiDevice", "backend_instance_id": 1, "method_name": "read", "args": {"num_bytes": "11", "raw": "True"}, "id": 81, "time_profile": {"id": 80, "arrival_time": "2021:10:20:13:42:14.070179", "departure_time": "2021:10:20:13:42:14.131141"}}, "resp": {"exception": "None", "resp": "b'\\x80\\x03C\\x0b315 \\rF3E6\\r\\nq\\x00.'"}, "profile": {"mo": 3, "exec_time_sec": 3.220000144210644e-05}}}, {"_id": "2021:10:20:13:42:15.207272", "Trace Message Type": "GenericMethodTraceMsg", "Trace Message": {"req": {"backend_type": "DirectFtdiDevice", "backend_instance_id": 1, "method_name": "set_timeouts", "args": {"read_timeout": "500"}, "id": 82, "time_profile": {"id": 81, "arrival_time": "2021:10:20:13:42:14.131141", "departure_time": "2021:10:20:13:42:14.189103"}}, "resp": {"exception": "None", "resp": "None"}, "profile": {"mo": 3, "exec_time_sec": 1.809999957913533e-05}}}, {"_id": "2021:10:20:13:42:15.278081", "Trace Message Type": "GenericMethodTraceMsg", "Trace Message": {"req": {"backend_type": "DirectFtdiDevice", "backend_instance_id": 1, "method_name": "set_timeouts", "args": {"read_timeout": "500"}, "id": 83, "time_profile": {"id": 82, "arrival_time": "2021:10:20:13:42:14.189103", "departure_time": "2021:10:20:13:42:14.261061"}}, "resp": {"exception": "None", "resp": "None"}, "profile": {"mo": 3, "exec_time_sec": 2.049999966402538e-05}}}, {"_id": "2021:10:20:13:42:15.337094", "Trace Message Type": "GenericMethodTraceMsg", "Trace Message": {"req": {"backend_type": "DirectFtdiDevice", "backend_instance_id": 1, "method_name": "write", "args": {"data": {"network_address": "@1", "99": "99", "crc": "8E64", "sequence_no": "40", "command_name": "CURR", "flags": {}, "args": {"axis": "0"}, "command": ""}}, "id": 84, "time_profile": {"id": 83, "arrival_time": "2021:10:20:13:42:14.264059", "departure_time": "2021:10:20:13:42:14.329018"}}, "resp": {"exception": "None", "resp": "None"}, "profile": {"mo": 3, "exec_time_sec": 0.00014659999578725547}}}, {"_id": "2021:10:20:13:42:15.402633", "Trace Message Type": "GenericMethodTraceMsg", "Trace Message": {"req": {"backend_type": "DirectFtdiDevice", "backend_instance_id": 1, "method_name": "set_timeouts", "args": {"read_timeout": "500"}, "id": 85, "time_profile": {"id": 84, "arrival_time": "2021:10:20:13:42:14.329018", "departure_time": "2021:10:20:13:42:14.388983"}}, "resp": {"exception": "None", "resp": "None"}, "profile": {"mo": 3, "exec_time_sec": 1.809999957913533e-05}}}, {"_id": "2021:10:20:13:42:15.463834", "Trace Message Type": "GenericMethodTraceMsg", "Trace Message": {"req": {"backend_type": "DirectFtdiDevice", "backend_instance_id": 1, "method_name": "get_input_size", "args": {}, "id": 86, "time_profile": {"id": 85, "arrival_time": "2021:10:20:13:42:14.388983", "departure_time": "2021:10:20:13:42:14.453943"}}, "resp": {"exception": "None", "resp": "11"}, "profile": {"mo": 3, "exec_time_sec": 2.5600000299164094e-05}}}, {"_id": "2021:10:20:13:42:15.524672", "Trace Message Type": "GenericMethodTraceMsg", "Trace Message": {"req": {"backend_type": "DirectFtdiDevice", "backend_instance_id": 1, "method_name": "set_timeouts", "args": {"read_timeout": "500"}, "id": 87, "time_profile": {"id": 86, "arrival_time": "2021:10:20:13:42:14.453943", "departure_time": "2021:10:20:13:42:14.515903"}}, "resp": {"exception": "None", "resp": "None"}, "profile": {"mo": 3, "exec_time_sec": 3.569999898900278e-05}}}, {"_id": "2021:10:20:13:42:15.586506", "Trace Message Type": "GenericMethodTraceMsg", "Trace Message": {"req": {"backend_type": "DirectFtdiDevice", "backend_instance_id": 1, "method_name": "read", "args": {"num_bytes": "11", "raw": "True"}, "id": 88, "time_profile": {"id": 87, "arrival_time": "2021:10:20:13:42:14.515903", "departure_time": "2021:10:20:13:42:14.575868"}}, "resp": {"exception": "None", "resp": "b'\\x80\\x03C\\x0b319 \\rF026\\r\\nq\\x00.'"}, "profile": {"mo": 3, "exec_time_sec": 2.7300000510876998e-05}}}, {"_id": "2021:10:20:13:42:15.653327", "Trace Message Type": "GenericMethodTraceMsg", "Trace Message": {"req": {"backend_type": "DirectFtdiDevice", "backend_instance_id": 1, "method_name": "set_timeouts", "args": {"read_timeout": "500"}, "id": 89, "time_profile": {"id": 88, "arrival_time": "2021:10:20:13:42:14.575868", "departure_time": "2021:10:20:13:42:14.638828"}}, "resp": {"exception": "None", "resp": "None"}, "profile": {"mo": 3, "exec_time_sec": 1.8500000805943273e-05}}}, {"_id": "2021:10:20:13:42:15.716164", "Trace Message Type": "GenericMethodTraceMsg", "Trace Message": {"req": {"backend_type": "DirectFtdiDevice", "backend_instance_id": 1, "method_name": "set_timeouts", "args": {"read_timeout": "500"}, "id": 90, "time_profile": {"id": 89, "arrival_time": "2021:10:20:13:42:14.638828", "departure_time": "2021:10:20:13:42:14.706787"}}, "resp": {"exception": "None", "resp": "None"}, "profile": {"mo": 3, "exec_time_sec": 2.8599999495781958e-05}}}, {"_id": "2021:10:20:13:42:15.790963", "Trace Message Type": "GenericMethodTraceMsg", "Trace Message": {"req": {"backend_type": "DirectFtdiDevice", "backend_instance_id": 1, "method_name": "write", "args": {"data": {"network_address": "@1", "99": "99", "crc": "EE7D", "sequence_no": "42", "command_name": "CURR", "flags": {}, "args": {"axis": "0"}, "command": ""}}, "id": 91, "time_profile": {"id": 90, "arrival_time": "2021:10:20:13:42:14.709784", "departure_time": "2021:10:20:13:42:14.767751"}}, "resp": {"exception": "None", "resp": "None"}, "profile": {"mo": 3, "exec_time_sec": 0.00013889999536331743}}}, {"_id": "2021:10:20:13:42:15.864934", "Trace Message Type": "GenericMethodTraceMsg", "Trace Message": {"req": {"backend_type": "DirectFtdiDevice", "backend_instance_id": 1, "method_name": "set_timeouts", "args": {"read_timeout": "500"}, "id": 92, "time_profile": {"id": 91, "arrival_time": "2021:10:20:13:42:14.767751", "departure_time": "2021:10:20:13:42:14.842706"}}, "resp": {"exception": "None", "resp": "None"}, "profile": {"mo": 3, "exec_time_sec": 1.7899999875226058e-05}}}, {"_id": "2021:10:20:13:42:15.937838", "Trace Message Type": "GenericMethodTraceMsg", "Trace Message": {"req": {"backend_type": "DirectFtdiDevice", "backend_instance_id": 1, "method_name": "get_input_size", "args": {}, "id": 93, "time_profile": {"id": 92, "arrival_time": "2021:10:20:13:42:14.842706", "departure_time": "2021:10:20:13:42:14.916658"}}, "resp": {"exception": "None", "resp": "11"}, "profile": {"mo": 3, "exec_time_sec": 4.320000152802095e-05}}}, {"_id": "2021:10:20:13:42:16.011131", "Trace Message Type": "GenericMethodTraceMsg", "Trace Message": {"req": {"backend_type": "DirectFtdiDevice", "backend_instance_id": 1, "method_name": "set_timeouts", "args": {"read_timeout": "500"}, "id": 94, "time_profile": {"id": 93, "arrival_time": "2021:10:20:13:42:14.916658", "departure_time": "2021:10:20:13:42:14.990612"}}, "resp": {"exception": "None", "resp": "None"}, "profile": {"mo": 3, "exec_time_sec": 2.9200000426499173e-05}}}, {"_id": "2021:10:20:13:42:16.073993", "Trace Message Type": "GenericMethodTraceMsg", "Trace Message": {"req": {"backend_type": "DirectFtdiDevice", "backend_instance_id": 1, "method_name": "read", "args": {"num_bytes": "11", "raw": "True"}, "id": 95, "time_profile": {"id": 94, "arrival_time": "2021:10:20:13:42:14.990612", "departure_time": "2021:10:20:13:42:15.062569"}}, "resp": {"exception": "None", "resp": "b'\\x80\\x03C\\x0b337 \\r8B46\\r\\nq\\x00.'"}, "profile": {"mo": 3, "exec_time_sec": 3.690000085043721e-05}}}, {"_id": "2021:10:20:13:42:16.155823", "Trace Message Type": "GenericMethodTraceMsg", "Trace Message": {"req": {"backend_type": "DirectFtdiDevice", "backend_instance_id": 1, "method_name": "set_timeouts", "args": {"read_timeout": "500"}, "id": 96, "time_profile": {"id": 95, "arrival_time": "2021:10:20:13:42:15.062569", "departure_time": "2021:10:20:13:42:15.125530"}}, "resp": {"exception": "None", "resp": "None"}, "profile": {"mo": 3, "exec_time_sec": 6.189999839989468e-05}}}, {"_id": "2021:10:20:13:42:16.254560", "Trace Message Type": "GenericMethodTraceMsg", "Trace Message": {"req": {"backend_type": "DirectFtdiDevice", "backend_instance_id": 1, "method_name": "set_timeouts", "args": {"read_timeout": "500"}, "id": 97, "time_profile": {"id": 96, "arrival_time": "2021:10:20:13:42:15.126530", "departure_time": "2021:10:20:13:42:15.208478"}}, "resp": {"exception": "None", "resp": "None"}, "profile": {"mo": 3, "exec_time_sec": 6.130000110715628e-05}}}, {"_id": "2021:10:20:13:42:16.343321", "Trace Message Type": "GenericMethodTraceMsg", "Trace Message": {"req": {"backend_type": "DirectFtdiDevice", "backend_instance_id": 1, "method_name": "write", "args": {"data": {"network_address": "@1", "99": "99", "crc": "4E56", "sequence_no": "44", "command_name": "CURR", "flags": {}, "args": {"axis": "0"}, "command": ""}}, "id": 98, "time_profile": {"id": 97, "arrival_time": "2021:10:20:13:42:15.211481", "departure_time": "2021:10:20:13:42:15.306418"}}, "resp": {"exception": "None", "resp": "None"}, "profile": {"mo": 3, "exec_time_sec": 0.00022699999681208283}}}, {"_id": "2021:10:20:13:42:16.423111", "Trace Message Type": "GenericMethodTraceMsg", "Trace Message": {"req": {"backend_type": "DirectFtdiDevice", "backend_instance_id": 1, "method_name": "set_timeouts", "args": {"read_timeout": "500"}, "id": 99, "time_profile": {"id": 98, "arrival_time": "2021:10:20:13:42:15.306418", "departure_time": "2021:10:20:13:42:15.395364"}}, "resp": {"exception": "None", "resp": "None"}, "profile": {"mo": 3, "exec_time_sec": 2.8200000087963417e-05}}}, {"_id": "2021:10:20:13:42:16.510371", "Trace Message Type": "GenericMethodTraceMsg", "Trace Message": {"req": {"backend_type": "DirectFtdiDevice", "backend_instance_id": 1, "method_name": "get_input_size", "args": {}, "id": 100, "time_profile": {"id": 99, "arrival_time": "2021:10:20:13:42:15.395364", "departure_time": "2021:10:20:13:42:15.475314"}}, "resp": {"exception": "None", "resp": "11"}, "profile": {"mo": 3, "exec_time_sec": 7.31999971321784e-05}}}, {"_id": "2021:10:20:13:42:16.584211", "Trace Message Type": "GenericMethodTraceMsg", "Trace Message": {"req": {"backend_type": "DirectFtdiDevice", "backend_instance_id": 1, "method_name": "set_timeouts", "args": {"read_timeout": "500"}, "id": 101, "time_profile": {"id": 100, "arrival_time": "2021:10:20:13:42:15.475314", "departure_time": "2021:10:20:13:42:15.564259"}}, "resp": {"exception": "None", "resp": "None"}, "profile": {"mo": 3, "exec_time_sec": 4.859999899053946e-05}}}, {"_id": "2021:10:20:13:42:16.649994", "Trace Message Type": "GenericMethodTraceMsg", "Trace Message": {"req": {"backend_type": "DirectFtdiDevice", "backend_instance_id": 1, "method_name": "read", "args": {"num_bytes": "11", "raw": "True"}, "id": 102, "time_profile": {"id": 101, "arrival_time": "2021:10:20:13:42:15.564259", "departure_time": "2021:10:20:13:42:15.638215"}}, "resp": {"exception": "None", "resp": "b'\\x80\\x03C\\x0b356 \\rC317\\r\\nq\\x00.'"}, "profile": {"mo": 3, "exec_time_sec": 0.0001033000007737428}}}, {"_id": "2021:10:20:13:42:16.722325", "Trace Message Type": "GenericMethodTraceMsg", "Trace Message": {"req": {"backend_type": "DirectFtdiDevice", "backend_instance_id": 1, "method_name": "set_timeouts", "args": {"read_timeout": "500"}, "id": 103, "time_profile": {"id": 102, "arrival_time": "2021:10:20:13:42:15.638215", "departure_time": "2021:10:20:13:42:15.707172"}}, "resp": {"exception": "None", "resp": "None"}, "profile": {"mo": 3, "exec_time_sec": 5.0499998906161636e-05}}}, {"_id": "2021:10:20:13:42:16.795447", "Trace Message Type": "GenericMethodTraceMsg", "Trace Message": {"req": {"backend_type": "DirectFtdiDevice", "backend_instance_id": 1, "method_name": "set_timeouts", "args": {"read_timeout": "500"}, "id": 104, "time_profile": {"id": 103, "arrival_time": "2021:10:20:13:42:15.707172", "departure_time": "2021:10:20:13:42:15.775130"}}, "resp": {"exception": "None", "resp": "None"}, "profile": {"mo": 3, "exec_time_sec": 1.9299999621580355e-05}}}, {"_id": "2021:10:20:13:42:16.856888", "Trace Message Type": "GenericMethodTraceMsg", "Trace Message": {"req": {"backend_type": "DirectFtdiDevice", "backend_instance_id": 1, "method_name": "write", "args": {"data": {"network_address": "@1", "99": "99", "crc": "2E4F", "sequence_no": "46", "command_name": "CURR", "flags": {}, "args": {"axis": "0"}, "command": ""}}, "id": 105, "time_profile": {"id": 104, "arrival_time": "2021:10:20:13:42:15.778129", "departure_time": "2021:10:20:13:42:15.849085"}}, "resp": {"exception": "None", "resp": "None"}, "profile": {"mo": 3, "exec_time_sec": 0.00021569999807979912}}}, {"_id": "2021:10:20:13:42:16.923714", "Trace Message Type": "GenericMethodTraceMsg", "Trace Message": {"req": {"backend_type": "DirectFtdiDevice", "backend_instance_id": 1, "method_name": "set_timeouts", "args": {"read_timeout": "500"}, "id": 106, "time_profile": {"id": 105, "arrival_time": "2021:10:20:13:42:15.849085", "departure_time": "2021:10:20:13:42:15.910047"}}, "resp": {"exception": "None", "resp": "None"}, "profile": {"mo": 3, "exec_time_sec": 2.519999907235615e-05}}}, {"_id": "2021:10:20:13:42:16.994520", "Trace Message Type": "GenericMethodTraceMsg", "Trace Message": {"req": {"backend_type": "DirectFtdiDevice", "backend_instance_id": 1, "method_name": "get_input_size", "args": {}, "id": 107, "time_profile": {"id": 106, "arrival_time": "2021:10:20:13:42:15.910047", "departure_time": "2021:10:20:13:42:15.976007"}}, "resp": {"exception": "None", "resp": "11"}, "profile": {"mo": 3, "exec_time_sec": 2.1699999706470408e-05}}}, {"_id": "2021:10:20:13:42:17.060348", "Trace Message Type": "GenericMethodTraceMsg", "Trace Message": {"req": {"backend_type": "DirectFtdiDevice", "backend_instance_id": 1, "method_name": "set_timeouts", "args": {"read_timeout": "500"}, "id": 108, "time_profile": {"id": 107, "arrival_time": "2021:10:20:13:42:15.976007", "departure_time": "2021:10:20:13:42:16.045964"}}, "resp": {"exception": "None", "resp": "None"}, "profile": {"mo": 3, "exec_time_sec": 1.8200000340584666e-05}}}, {"_id": "2021:10:20:13:42:17.122179", "Trace Message Type": "GenericMethodTraceMsg", "Trace Message": {"req": {"backend_type": "DirectFtdiDevice", "backend_instance_id": 1, "method_name": "read", "args": {"num_bytes": "11", "raw": "True"}, "id": 109, "time_profile": {"id": 108, "arrival_time": "2021:10:20:13:42:16.046963", "departure_time": "2021:10:20:13:42:16.111924"}}, "resp": {"exception": "None", "resp": "b'\\x80\\x03C\\x0b358 \\r0076\\r\\nq\\x00.'"}, "profile": {"mo": 3, "exec_time_sec": 2.8200000087963417e-05}}}, {"_id": "2021:10:20:13:42:17.190999", "Trace Message Type": "GenericMethodTraceMsg", "Trace Message": {"req": {"backend_type": "DirectFtdiDevice", "backend_instance_id": 1, "method_name": "set_timeouts", "args": {"read_timeout": "500"}, "id": 110, "time_profile": {"id": 109, "arrival_time": "2021:10:20:13:42:16.111924", "departure_time": "2021:10:20:13:42:16.175884"}}, "resp": {"exception": "None", "resp": "None"}, "profile": {"mo": 3, "exec_time_sec": 2.0600000425474718e-05}}}, {"_id": "2021:10:20:13:42:17.213940", "Trace Message Type": "InitializeTraceMsg", "Trace Message": {"req": {"backend_type": "DirectFtdiDevice", "backend_instance_id": 2, "args": {"ftdi": "None"}, "stacktrace": "[<FrameSummary file C:/Users/User/PycharmProjects/automated_solubility_h1/n9/tests/random_tests.py, line 18 in <module>>, <FrameSummary file <frozen importlib._bootstrap>, line 971 in _find_and_load>, <FrameSummary file <frozen importlib._bootstrap>, line 955 in _find_and_load_unlocked>, <FrameSummary file <frozen importlib._bootstrap>, line 665 in _load_unlocked>, <FrameSummary file <frozen importlib._bootstrap_external>, line 678 in exec_module>, <FrameSummary file <frozen importlib._bootstrap>, line 219 in _call_with_frames_removed>, <FrameSummary file C:\\Users\\User\\PycharmProjects\\automated_solubility_h1\\n9\\experiments\\station_robot_engagement.py, line 4 in <module>>, <FrameSummary file <frozen importlib._bootstrap>, line 1023 in _handle_fromlist>, <FrameSummary file <frozen importlib._bootstrap>, line 219 in _call_with_frames_removed>, <FrameSummary file <frozen importlib._bootstrap>, line 971 in _find_and_load>, <FrameSummary file <frozen importlib._bootstrap>, line 955 in _find_and_load_unlocked>, <FrameSummary file <frozen importlib._bootstrap>, line 665 in _load_unlocked>, <FrameSummary file <frozen importlib._bootstrap_external>, line 678 in exec_module>, <FrameSummary file <frozen importlib._bootstrap>, line 219 in _call_with_frames_removed>, <FrameSummary file C:\\Users\\User\\PycharmProjects\\automated_solubility_h1\\n9\\configuration\\deck.py, line 97 in <module>>, <FrameSummary file C:\\Users\\User\\PycharmProjects\\automated_solubility_h1\\venv\\lib\\site-packages\\ftdi_serial.py, line 418 in __init__>, <FrameSummary file C:\\Users\\User\\PycharmProjects\\automated_solubility_h1\\venv\\lib\\site-packages\\ftdi_serial.py, line 441 in connect>, <FrameSummary file C:\\Users\\User\\PycharmProjects\\automated_solubility_h1\\venv\\lib\\site-packages\\ftdi_serial.py, line 428 in open_device>, <FrameSummary file C:\\Users\\User\\PycharmProjects\\automated_solubility_h1\\venv\\lib\\site-packages\\niraapad\\backends.py, line 162 in __init__>, <FrameSummary file C:\\Users\\User\\PycharmProjects\\automated_solubility_h1\\venv\\lib\\site-packages\\niraapad\\lab_computer\\niraapad_client.py, line 558 in initialize>]", "id": 111, "time_profile": {"id": 110, "arrival_time": "2021:10:20:13:42:16.175884", "departure_time": "2021:10:20:13:42:16.245841"}}, "resp": {"exception": "None"}, "profile": {"mo": 3, "exec_time_sec": 0.013589199632406235}}}, {"_id": "2021:10:20:13:42:17.551572", "Trace Message Type": "GenericMethodTraceMsg", "Trace Message": {"req": {"backend_type": "DirectFtdiDevice", "backend_instance_id": 2, "method_name": "reset", "args": {}, "id": 112, "time_profile": {"id": 111, "arrival_time": "2021:10:20:13:42:16.248839", "departure_time": "2021:10:20:13:42:16.265830"}}, "resp": {"exception": "None", "resp": "None"}, "profile": {"mo": 3, "exec_time_sec": 0.2685435116291046}}}, {"_id": "2021:10:20:13:42:17.624721", "Trace Message Type": "GenericMethodTraceMsg", "Trace Message": {"req": {"backend_type": "DirectFtdiDevice", "backend_instance_id": 2, "method_name": "set_baud_rate", "args": {"baudrate": "9600"}, "id": 113, "time_profile": {"id": 112, "arrival_time": "2021:10:20:13:42:16.266829", "departure_time": "2021:10:20:13:42:16.605620"}}, "resp": {"exception": "None", "resp": "None"}, "profile": {"mo": 3, "exec_time_sec": 0.000301199994282797}}}, {"_id": "2021:10:20:13:42:17.693534", "Trace Message Type": "GenericMethodTraceMsg", "Trace Message": {"req": {"backend_type": "DirectFtdiDevice", "backend_instance_id": 2, "method_name": "set_parameters", "args": {"data_bits": "0"}, "id": 114, "time_profile": {"id": 113, "arrival_time": "2021:10:20:13:42:16.605620", "departure_time": "2021:10:20:13:42:16.677578"}}, "resp": {"exception": "None", "resp": "None"}, "profile": {"mo": 3, "exec_time_sec": 6.230000144569203e-05}}}, {"_id": "2021:10:20:13:42:17.765343", "Trace Message Type": "GenericMethodTraceMsg", "Trace Message": {"req": {"backend_type": "DirectFtdiDevice", "backend_instance_id": 2, "method_name": "set_timeouts", "args": {"read_timeout": "5000"}, "id": 115, "time_profile": {"id": 114, "arrival_time": "2021:10:20:13:42:16.677578", "departure_time": "2021:10:20:13:42:16.749533"}}, "resp": {"exception": "None", "resp": "None"}, "profile": {"mo": 3, "exec_time_sec": 1.8700000509852543e-05}}}, {"_id": "2021:10:20:13:42:17.775316", "Trace Message Type": "InitializeTraceMsg", "Trace Message": {"req": {"backend_type": "DirectPySerialDevice", "backend_instance_id": 3, "args": {"serial": "COM9"}, "stacktrace": "[<FrameSummary file C:/Users/User/PycharmProjects/automated_solubility_h1/n9/tests/random_tests.py, line 18 in <module>>, <FrameSummary file <frozen importlib._bootstrap>, line 971 in _find_and_load>, <FrameSummary file <frozen importlib._bootstrap>, line 955 in _find_and_load_unlocked>, <FrameSummary file <frozen importlib._bootstrap>, line 665 in _load_unlocked>, <FrameSummary file <frozen importlib._bootstrap_external>, line 678 in exec_module>, <FrameSummary file <frozen importlib._bootstrap>, line 219 in _call_with_frames_removed>, <FrameSummary file C:\\Users\\User\\PycharmProjects\\automated_solubility_h1\\n9\\experiments\\station_robot_engagement.py, line 4 in <module>>, <FrameSummary file <frozen importlib._bootstrap>, line 1023 in _handle_fromlist>, <FrameSummary file <frozen importlib._bootstrap>, line 219 in _call_with_frames_removed>, <FrameSummary file <frozen importlib._bootstrap>, line 971 in _find_and_load>, <FrameSummary file <frozen importlib._bootstrap>, line 955 in _find_and_load_unlocked>, <FrameSummary file <frozen importlib._bootstrap>, line 665 in _load_unlocked>, <FrameSummary file <frozen importlib._bootstrap_external>, line 678 in exec_module>, <FrameSummary file <frozen importlib._bootstrap>, line 219 in _call_with_frames_removed>, <FrameSummary file C:\\Users\\User\\PycharmProjects\\automated_solubility_h1\\n9\\configuration\\deck.py, line 113 in <module>>, <FrameSummary file C:\\Users\\User\\PycharmProjects\\automated_solubility_h1\\venv\\lib\\site-packages\\ika\\magnetic_stirrer.py, line 152 in __init__>, <FrameSummary file C:\\Users\\User\\PycharmProjects\\automated_solubility_h1\\venv\\lib\\site-packages\\ika\\magnetic_stirrer.py, line 452 in connect>, <FrameSummary file C:\\Users\\User\\PycharmProjects\\automated_solubility_h1\\venv\\lib\\site-packages\\ftdi_serial.py, line 418 in __init__>, <FrameSummary file C:\\Users\\User\\PycharmProjects\\automated_solubility_h1\\venv\\lib\\site-packages\\ftdi_serial.py, line 441 in connect>, <FrameSummary file C:\\Users\\User\\PycharmProjects\\automated_solubility_h1\\venv\\lib\\site-packages\\ftdi_serial.py, line 426 in open_device>, <FrameSummary file C:\\Users\\User\\PycharmProjects\\automated_solubility_h1\\venv\\lib\\site-packages\\niraapad\\backends.py, line 224 in __init__>, <FrameSummary file C:\\Users\\User\\PycharmProjects\\automated_solubility_h1\\venv\\lib\\site-packages\\niraapad\\lab_computer\\niraapad_client.py, line 558 in initialize>]", "id": 116, "time_profile": {"id": 115, "arrival_time": "2021:10:20:13:42:16.749533", "departure_time": "2021:10:20:13:42:16.818491"}}, "resp": {"exception": "None"}, "profile": {"mo": 3, "exec_time_sec": 0.003106700023636222}}}, {"_id": "2021:10:20:13:42:17.841144", "Trace Message Type": "GenericMethodTraceMsg", "Trace Message": {"req": {"backend_type": "DirectPySerialDevice", "backend_instance_id": 3, "method_name": "reset", "args": {}, "id": 117, "time_profile": {"id": 116, "arrival_time": "2021:10:20:13:42:16.818491", "departure_time": "2021:10:20:13:42:16.827485"}}, "resp": {"exception": "None", "resp": "None"}, "profile": {"mo": 3, "exec_time_sec": 4.999999873689376e-06}}}, {"_id": "2021:10:20:13:42:17.911953", "Trace Message Type": "GenericMethodTraceMsg", "Trace Message": {"req": {"backend_type": "DirectPySerialDevice", "backend_instance_id": 3, "method_name": "set_baud_rate", "args": {"baudrate": "9600"}, "id": 118, "time_profile": {"id": 117, "arrival_time": "2021:10:20:13:42:16.827485", "departure_time": "2021:10:20:13:42:16.892446"}}, "resp": {"exception": "None", "resp": "None"}, "profile": {"mo": 3, "exec_time_sec": 0.002067199908196926}}}, {"_id": "2021:10:20:13:42:18.007695", "Trace Message Type": "GenericMethodTraceMsg", "Trace Message": {"req": {"backend_type": "DirectPySerialDevice", "backend_instance_id": 3, "method_name": "set_parameters", "args": {"data_bits": "2"}, "id": 119, "time_profile": {"id": 118, "arrival_time": "2021:10:20:13:42:16.892446", "departure_time": "2021:10:20:13:42:16.964402"}}, "resp": {"exception": "None", "resp": "None"}, "profile": {"mo": 3, "exec_time_sec": 0.005166599992662668}}}, {"_id": "2021:10:20:13:42:18.085487", "Trace Message Type": "GenericMethodTraceMsg", "Trace Message": {"req": {"backend_type": "DirectPySerialDevice", "backend_instance_id": 3, "method_name": "set_timeouts", "args": {"read_timeout": "5000"}, "id": 120, "time_profile": {"id": 119, "arrival_time": "2021:10:20:13:42:16.964402", "departure_time": "2021:10:20:13:42:17.062340"}}, "resp": {"exception": "None", "resp": "None"}, "profile": {"mo": 3, "exec_time_sec": 0.003158800071105361}}}, {"_id": "2021:10:20:13:42:18.162262", "Trace Message Type": "GenericMethodTraceMsg", "Trace Message": {"req": {"backend_type": "DirectPySerialDevice", "backend_instance_id": 3, "method_name": "write", "args": {"data": {"command_name": "IN_NAME", "value": null}}, "id": 121, "time_profile": {"id": 120, "arrival_time": "2021:10:20:13:42:17.062340", "departure_time": "2021:10:20:13:42:17.139292"}}, "resp": {"exception": "None", "resp": "None"}, "profile": {"mo": 3, "exec_time_sec": 0.0002724000078160316}}}, {"_id": "2021:10:20:13:42:18.230086", "Trace Message Type": "GenericMethodTraceMsg", "Trace Message": {"req": {"backend_type": "DirectPySerialDevice", "backend_instance_id": 3, "method_name": "get_input_size", "args": {}, "id": 122, "time_profile": {"id": 121, "arrival_time": "2021:10:20:13:42:17.139292", "departure_time": "2021:10:20:13:42:17.214246"}}, "resp": {"exception": "None", "resp": "13"}, "profile": {"mo": 3, "exec_time_sec": 5.370000144466758e-05}}}, {"_id": "2021:10:20:13:42:18.294015", "Trace Message Type": "GenericMethodTraceMsg", "Trace Message": {"req": {"backend_type": "DirectPySerialDevice", "backend_instance_id": 3, "method_name": "read", "args": {"num_bytes": "13", "raw": "True"}, "id": 123, "time_profile": {"id": 122, "arrival_time": "2021:10:20:13:42:17.214246", "departure_time": "2021:10:20:13:42:17.281205"}}, "resp": {"exception": "None", "resp": {"device_name": "RCT"}}, "profile": {"mo": 3, "exec_time_sec": 0.00010040000051958486}}}, {"_id": "2021:10:20:13:42:18.371939", "Trace Message Type": "GenericMethodTraceMsg", "Trace Message": {"req": {"backend_type": "DirectPySerialDevice", "backend_instance_id": 3, "method_name": "write", "args": {"data": {"command_name": "IN_PV_1", "value": null}}, "id": 124, "time_profile": {"id": 123, "arrival_time": "2021:10:20:13:42:17.281205", "departure_time": "2021:10:20:13:42:17.346166"}}, "resp": {"exception": "None", "resp": "None"}, "profile": {"mo": 3, "exec_time_sec": 0.00022950000129640102}}}, {"_id": "2021:10:20:13:42:18.451717", "Trace Message Type": "GenericMethodTraceMsg", "Trace Message": {"req": {"backend_type": "DirectPySerialDevice", "backend_instance_id": 3, "method_name": "get_input_size", "args": {}, "id": 125, "time_profile": {"id": 124, "arrival_time": "2021:10:20:13:42:17.355159", "departure_time": "2021:10:20:13:42:17.424118"}}, "resp": {"exception": "None", "resp": "8"}, "profile": {"mo": 3, "exec_time_sec": 4.909999915980734e-05}}}, {"_id": "2021:10:20:13:42:18.517545", "Trace Message Type": "GenericMethodTraceMsg", "Trace Message": {"req": {"backend_type": "DirectPySerialDevice", "backend_instance_id": 3, "method_name": "read", "args": {"num_bytes": "8", "raw": "True"}, "id": 126, "time_profile": {"id": 125, "arrival_time": "2021:10:20:13:42:17.424118", "departure_time": "2021:10:20:13:42:17.503069"}}, "resp": {"exception": "None", "resp": {"external_sensor_value": "26.0"}}, "profile": {"mo": 3, "exec_time_sec": 5.189999865251593e-05}}}, {"_id": "2021:10:20:13:42:18.596330", "Trace Message Type": "GenericMethodTraceMsg", "Trace Message": {"req": {"backend_type": "DirectPySerialDevice", "backend_instance_id": 3, "method_name": "write", "args": {"data": {"command_name": "IN_PV_2", "value": null}}, "id": 127, "time_profile": {"id": 126, "arrival_time": "2021:10:20:13:42:17.503069", "departure_time": "2021:10:20:13:42:17.570027"}}, "resp": {"exception": "None", "resp": "None"}, "profile": {"mo": 3, "exec_time_sec": 0.00017210000078193843}}}, {"_id": "2021:10:20:13:42:18.663166", "Trace Message Type": "GenericMethodTraceMsg", "Trace Message": {"req": {"backend_type": "DirectPySerialDevice", "backend_instance_id": 3, "method_name": "get_input_size", "args": {}, "id": 128, "time_profile": {"id": 127, "arrival_time": "2021:10:20:13:42:17.570027", "departure_time": "2021:10:20:13:42:17.648980"}}, "resp": {"exception": "None", "resp": "8"}, "profile": {"mo": 3, "exec_time_sec": 3.04000004689442e-05}}}, {"_id": "2021:10:20:13:42:18.735967", "Trace Message Type": "GenericMethodTraceMsg", "Trace Message": {"req": {"backend_type": "DirectPySerialDevice", "backend_instance_id": 3, "method_name": "read", "args": {"num_bytes": "8", "raw": "True"}, "id": 129, "time_profile": {"id": 128, "arrival_time": "2021:10:20:13:42:17.648980", "departure_time": "2021:10:20:13:42:17.714940"}}, "resp": {"exception": "None", "resp": {"hotplate_sensor_value": "30.0"}}, "profile": {"mo": 3, "exec_time_sec": 6.0900001699337736e-05}}}, {"_id": "2021:10:20:13:42:18.805783", "Trace Message Type": "GenericMethodTraceMsg", "Trace Message": {"req": {"backend_type": "DirectPySerialDevice", "backend_instance_id": 3, "method_name": "write", "args": {"data": {"command_name": "IN_SP_1", "value": null}}, "id": 130, "time_profile": {"id": 129, "arrival_time": "2021:10:20:13:42:17.714940", "departure_time": "2021:10:20:13:42:17.787894"}}, "resp": {"exception": "None", "resp": "None"}, "profile": {"mo": 3, "exec_time_sec": 0.0002077999961329624}}}, {"_id": "2021:10:20:13:42:18.871308", "Trace Message Type": "GenericMethodTraceMsg", "Trace Message": {"req": {"backend_type": "DirectPySerialDevice", "backend_instance_id": 3, "method_name": "get_input_size", "args": {}, "id": 131, "time_profile": {"id": 130, "arrival_time": "2021:10:20:13:42:17.787894", "departure_time": "2021:10:20:13:42:17.859850"}}, "resp": {"exception": "None", "resp": "8"}, "profile": {"mo": 3, "exec_time_sec": 2.990000029967632e-05}}}, {"_id": "2021:10:20:13:42:18.937132", "Trace Message Type": "GenericMethodTraceMsg", "Trace Message": {"req": {"backend_type": "DirectPySerialDevice", "backend_instance_id": 3, "method_name": "read", "args": {"num_bytes": "8", "raw": "True"}, "id": 132, "time_profile": {"id": 131, "arrival_time": "2021:10:20:13:42:17.859850", "departure_time": "2021:10:20:13:42:17.922812"}}, "resp": {"exception": "None", "resp": {"rated_temperature_value": "30.0"}}, "profile": {"mo": 3, "exec_time_sec": 4.990000161342323e-05}}}, {"_id": "2021:10:20:13:42:19.015037", "Trace Message Type": "GenericMethodTraceMsg", "Trace Message": {"req": {"backend_type": "DirectPySerialDevice", "backend_instance_id": 3, "method_name": "write", "args": {"data": {"command_name": "IN_PV_4", "value": null}}, "id": 133, "time_profile": {"id": 132, "arrival_time": "2021:10:20:13:42:17.922812", "departure_time": "2021:10:20:13:42:17.988772"}}, "resp": {"exception": "None", "resp": "None"}, "profile": {"mo": 3, "exec_time_sec": 0.00021309999283403158}}}, {"_id": "2021:10:20:13:42:19.094825", "Trace Message Type": "GenericMethodTraceMsg", "Trace Message": {"req": {"backend_type": "DirectPySerialDevice", "backend_instance_id": 3, "method_name": "get_input_size", "args": {}, "id": 134, "time_profile": {"id": 133, "arrival_time": "2021:10:20:13:42:17.988772", "departure_time": "2021:10:20:13:42:18.067722"}}, "resp": {"exception": "None", "resp": "7"}, "profile": {"mo": 3, "exec_time_sec": 4.059999992023222e-05}}}, {"_id": "2021:10:20:13:42:19.158796", "Trace Message Type": "GenericMethodTraceMsg", "Trace Message": {"req": {"backend_type": "DirectPySerialDevice", "backend_instance_id": 3, "method_name": "read", "args": {"num_bytes": "7", "raw": "True"}, "id": 135, "time_profile": {"id": 134, "arrival_time": "2021:10:20:13:42:18.067722", "departure_time": "2021:10:20:13:42:18.147675"}}, "resp": {"exception": "None", "resp": {"stirring_speed_value": "0.0"}}, "profile": {"mo": 3, "exec_time_sec": 0.00019920000340789557}}}, {"_id": "2021:10:20:13:42:19.230675", "Trace Message Type": "GenericMethodTraceMsg", "Trace Message": {"req": {"backend_type": "DirectPySerialDevice", "backend_instance_id": 3, "method_name": "write", "args": {"data": {"command_name": "IN_SP_4", "value": null}}, "id": 136, "time_profile": {"id": 135, "arrival_time": "2021:10:20:13:42:18.147675", "departure_time": "2021:10:20:13:42:18.211634"}}, "resp": {"exception": "None", "resp": "None"}, "profile": {"mo": 3, "exec_time_sec": 0.00016070000128820539}}}, {"_id": "2021:10:20:13:42:19.295505", "Trace Message Type": "GenericMethodTraceMsg", "Trace Message": {"req": {"backend_type": "DirectPySerialDevice", "backend_instance_id": 3, "method_name": "get_input_size", "args": {}, "id": 137, "time_profile": {"id": 136, "arrival_time": "2021:10:20:13:42:18.211634", "departure_time": "2021:10:20:13:42:18.282590"}}, "resp": {"exception": "None", "resp": "10"}, "profile": {"mo": 3, "exec_time_sec": 4.199999966658652e-05}}}, {"_id": "2021:10:20:13:42:19.353868", "Trace Message Type": "GenericMethodTraceMsg", "Trace Message": {"req": {"backend_type": "DirectPySerialDevice", "backend_instance_id": 3, "method_name": "read", "args": {"num_bytes": "10", "raw": "True"}, "id": 138, "time_profile": {"id": 137, "arrival_time": "2021:10:20:13:42:18.282590", "departure_time": "2021:10:20:13:42:18.350549"}}, "resp": {"exception": "None", "resp": {"speed_value": "1500.0"}}, "profile": {"mo": 3, "exec_time_sec": 9.680000221123919e-05}}}, {"_id": "2021:10:20:13:42:19.433651", "Trace Message Type": "GenericMethodTraceMsg", "Trace Message": {"req": {"backend_type": "DirectPySerialDevice", "backend_instance_id": 3, "method_name": "write", "args": {"data": {"command_name": "STOP_4", "value": null}}, "id": 139, "time_profile": {"id": 138, "arrival_time": "2021:10:20:13:42:18.350549", "departure_time": "2021:10:20:13:42:18.406516"}}, "resp": {"exception": "None", "resp": "None"}, "profile": {"mo": 3, "exec_time_sec": 0.00012290000449866056}}}, {"_id": "2021:10:20:13:42:19.513910", "Trace Message Type": "GenericMethodTraceMsg", "Trace Message": {"req": {"backend_type": "DirectPySerialDevice", "backend_instance_id": 3, "method_name": "write", "args": {"data": {"command_name": "STOP_1", "value": null}}, "id": 140, "time_profile": {"id": 139, "arrival_time": "2021:10:20:13:42:18.417508", "departure_time": "2021:10:20:13:42:18.485467"}}, "resp": {"exception": "None", "resp": "None"}, "profile": {"mo": 3, "exec_time_sec": 0.00012399999832268804}}}, {"_id": "2021:10:20:13:42:33.214886", "Trace Message Type": "InitializeTraceMsg", "Trace Message": {"req": {"backend_type": "DirectArduinoAugmentedQuantos", "backend_instance_id": 4, "args": {"logging_level": "10", "address": "13", "serial_port": "None", "tcp_port": "None", "perfect_counts": "8700"}, "stacktrace": "[<FrameSummary file C:/Users/User/PycharmProjects/automated_solubility_h1/n9/tests/random_tests.py, line 18 in <module>>, <FrameSummary file <frozen importlib._bootstrap>, line 971 in _find_and_load>, <FrameSummary file <frozen importlib._bootstrap>, line 955 in _find_and_load_unlocked>, <FrameSummary file <frozen importlib._bootstrap>, line 665 in _load_unlocked>, <FrameSummary file <frozen importlib._bootstrap_external>, line 678 in exec_module>, <FrameSummary file <frozen importlib._bootstrap>, line 219 in _call_with_frames_removed>, <FrameSummary file C:\\Users\\User\\PycharmProjects\\automated_solubility_h1\\n9\\experiments\\station_robot_engagement.py, line 4 in <module>>, <FrameSummary file <frozen importlib._bootstrap>, line 1023 in _handle_fromlist>, <FrameSummary file <frozen importlib._bootstrap>, line 219 in _call_with_frames_removed>, <FrameSummary file <frozen importlib._bootstrap>, line 971 in _find_and_load>, <FrameSummary file <frozen importlib._bootstrap>, line 955 in _find_and_load_unlocked>, <FrameSummary file <frozen importlib._bootstrap>, line 665 in _load_unlocked>, <FrameSummary file <frozen importlib._bootstrap_external>, line 678 in exec_module>, <FrameSummary file <frozen importlib._bootstrap>, line 219 in _call_with_frames_removed>, <FrameSummary file C:\\Users\\User\\PycharmProjects\\automated_solubility_h1\\n9\\configuration\\deck.py, line 116 in <module>>, <FrameSummary file C:\\Users\\User\\PycharmProjects\\automated_solubility_h1\\venv\\lib\\site-packages\\niraapad\\backends.py, line 668 in __init__>, <FrameSummary file C:\\Users\\User\\PycharmProjects\\automated_solubility_h1\\venv\\lib\\site-packages\\niraapad\\lab_computer\\niraapad_client.py, line 558 in initialize>]", "id": 141, "time_profile": {"id": 140, "arrival_time": "2021:10:20:13:42:18.502456", "departure_time": "2021:10:20:13:42:18.566418"}}, "resp": {"exception": "None"}, "profile": {"mo": 2, "exec_time_sec": 13.691120147705078}}}, {"_id": "2021:10:20:13:42:33.278711", "Trace Message Type": "GenericMethodTraceMsg", "Trace Message": {"req": {"backend_type": "DirectArduinoAugmentedQuantos", "backend_instance_id": 4, "method_name": "set_home_direction", "args": {"direction": "0"}, "id": 142, "time_profile": {"id": 141, "arrival_time": "2021:10:20:13:42:18.570415", "departure_time": "2021:10:20:13:42:32.268004"}}, "resp": {"exception": "None", "resp": "None"}, "profile": {"mo": 2, "exec_time_sec": 0.00954390037804842}}}, {"_id": "2021:10:20:13:42:35.217578", "Trace Message Type": "GenericMethodTraceMsg", "Trace Message": {"req": {"backend_type": "DirectArduinoAugmentedQuantos", "backend_instance_id": 4, "method_name": "home_z_stage", "args": {}, "id": 143, "time_profile": {"id": 142, "arrival_time": "2021:10:20:13:42:32.268004", "departure_time": "2021:10:20:13:42:32.329966"}}, "resp": {"exception": "None", "resp": "None"}, "profile": {"mo": 2, "exec_time_sec": 1.0115312337875366}}}, {"_id": "2021:10:20:13:42:58.350218", "Trace Message Type": "GenericMethodTraceMsg", "Trace Message": {"req": {"backend_type": "DirectArduinoAugmentedQuantos", "backend_instance_id": 4, "method_name": "move_z_stage", "args": {"steps": "8600", "speed": "400"}, "id": 144, "time_profile": {"id": 143, "arrival_time": "2021:10:20:13:42:33.252400", "departure_time": "2021:10:20:13:42:34.269776"}}, "resp": {"exception": "None", "resp": "None"}, "profile": {"mo": 2, "exec_time_sec": 22.126649856567383}}}, {"_id": "2021:10:20:13:42:58.404077", "Trace Message Type": "GenericSetterTraceMsg", "Trace Message": {"req": {"backend_type": "DirectArduinoAugmentedQuantos", "backend_instance_id": 4, "property_name": "target_mass", "value": "3", "id": 145, "time_profile": {"id": 144, "arrival_time": "2021:10:20:13:42:35.270161", "departure_time": "2021:10:20:13:42:57.400573"}}, "resp": {"exception": "None"}, "profile": {"mo": 2, "exec_time_sec": 0.05267550051212311}}}, {"_id": "2021:10:20:13:43:12.379522", "Trace Message Type": "GenericMethodTraceMsg", "Trace Message": {"req": {"backend_type": "DirectArduinoAugmentedQuantos", "backend_instance_id": 4, "method_name": "start_dosing", "args": {"wait_for": "True"}, "id": 146, "time_profile": {"id": 145, "arrival_time": "2021:10:20:13:42:57.401573", "departure_time": "2021:10:20:13:42:57.455539"}}, "resp": {"exception": "None", "resp": "None"}, "profile": {"mo": 2, "exec_time_sec": 13.96950912475586}}}, {"_id": "2021:10:20:13:43:34.529644", "Trace Message Type": "GenericMethodTraceMsg", "Trace Message": {"req": {"backend_type": "DirectArduinoAugmentedQuantos", "backend_instance_id": 4, "method_name": "home_z_stage", "args": {}, "id": 147, "time_profile": {"id": 146, "arrival_time": "2021:10:20:13:42:57.455539", "departure_time": "2021:10:20:13:43:11.430958"}}, "resp": {"exception": "None", "resp": "None"}, "profile": {"mo": 2, "exec_time_sec": 22.14356231689453}}}, {"_id": "2021:10:20:13:43:50.055159", "Trace Message Type": "DeleteConnectionTraceMsg", "Trace Message": {"req": {}, "resp": {"exception": "None"}}}, {"_id": "2021:10:20:13:43:50.057150", "Trace Message Type": "InitializeConnectionTraceMsg", "Trace Message": {"req": {}, "resp": {"exception": "None"}}}, {"_id": "2021:10:20:13:43:51.569101", "Trace Message Type": "InitializeTraceMsg", "Trace Message": {"req": {"backend_type": "DirectFtdiDevice", "backend_instance_id": 1, "args": {"ftdi": "None"}, "stacktrace": "[<FrameSummary file C:/Users/User/PycharmProjects/automated_solubility_h1/n9/tests/random_tests.py, line 18 in <module>>, <FrameSummary file <frozen importlib._bootstrap>, line 971 in _find_and_load>, <FrameSummary file <frozen importlib._bootstrap>, line 955 in _find_and_load_unlocked>, <FrameSummary file <frozen importlib._bootstrap>, line 665 in _load_unlocked>, <FrameSummary file <frozen importlib._bootstrap_external>, line 678 in exec_module>, <FrameSummary file <frozen importlib._bootstrap>, line 219 in _call_with_frames_removed>, <FrameSummary file C:\\Users\\User\\PycharmProjects\\automated_solubility_h1\\n9\\experiments\\station_robot_engagement.py, line 4 in <module>>, <FrameSummary file <frozen importlib._bootstrap>, line 1023 in _handle_fromlist>, <FrameSummary file <frozen importlib._bootstrap>, line 219 in _call_with_frames_removed>, <FrameSummary file <frozen importlib._bootstrap>, line 971 in _find_and_load>, <FrameSummary file <frozen importlib._bootstrap>, line 955 in _find_and_load_unlocked>, <FrameSummary file <frozen importlib._bootstrap>, line 665 in _load_unlocked>, <FrameSummary file <frozen importlib._bootstrap_external>, line 678 in exec_module>, <FrameSummary file <frozen importlib._bootstrap>, line 219 in _call_with_frames_removed>, <FrameSummary file C:\\Users\\User\\PycharmProjects\\automated_solubility_h1\\n9\\configuration\\deck.py, line 65 in <module>>, <FrameSummary file C:\\Users\\User\\PycharmProjects\\automated_solubility_h1\\venv\\lib\\site-packages\\north_c9\\controller.py, line 208 in __init__>, <FrameSummary file C:\\Users\\User\\PycharmProjects\\automated_solubility_h1\\venv\\lib\\site-packages\\ftdi_serial.py, line 418 in __init__>, <FrameSummary file C:\\Users\\User\\PycharmProjects\\automated_solubility_h1\\venv\\lib\\site-packages\\ftdi_serial.py, line 441 in connect>, <FrameSummary file C:\\Users\\User\\PycharmProjects\\automated_solubility_h1\\venv\\lib\\site-packages\\ftdi_serial.py, line 428 in open_device>, <FrameSummary file C:\\Users\\User\\PycharmProjects\\automated_solubility_h1\\venv\\lib\\site-packages\\niraapad\\backends.py, line 162 in __init__>, <FrameSummary file C:\\Users\\User\\PycharmProjects\\automated_solubility_h1\\venv\\lib\\site-packages\\niraapad\\lab_computer\\niraapad_client.py, line 558 in initialize>]", "id": 1}, "resp": {"exception": "None"}, "profile": {"mo": 3, "exec_time_sec": 0.02205990068614483}}}, {"_id": "2021:10:20:13:43:52.113681", "Trace Message Type": "GenericMethodTraceMsg", "Trace Message": {"req": {"backend_type": "DirectFtdiDevice", "backend_instance_id": 1, "method_name": "reset", "args": {}, "id": 2, "time_profile": {"id": 1, "arrival_time": "2021:10:20:13:43:50.587915", "departure_time": "2021:10:20:13:43:50.619895"}}, "resp": {"exception": "None", "resp": "None"}, "profile": {"mo": 3, "exec_time_sec": 0.28181201219558716}}}]}