{"Traces": [{"_id": "2021:10:12:12:13:39.161612", "Trace Message Type": "StartServerTraceMsg", "Trace Message": {}}, {"_id": "2021:10:12:12:13:53.336120", "Trace Message Type": "DeleteConnectionTraceMsg", "Trace Message": {"req": {}, "resp": {"exception": "None"}}}, {"_id": "2021:10:12:12:13:53.337118", "Trace Message Type": "InitializeConnectionTraceMsg", "Trace Message": {"req": {}, "resp": {"exception": "None"}}}, {"_id": "2021:10:12:12:13:54.922842", "Trace Message Type": "InitializeTraceMsg", "Trace Message": {"req": {"backend_type": "DirectFtdiDevice", "backend_instance_id": 1, "args": {"ftdi": "None"}, "stacktrace": "[<FrameSummary file C:/Users/User/PycharmProjects/automated_solubility_h1/n9/experiments/main_solubility_duplicate.py, line 22 in <module>>, <FrameSummary file <frozen importlib._bootstrap>, line 1023 in _handle_fromlist>, <FrameSummary file <frozen importlib._bootstrap>, line 219 in _call_with_frames_removed>, <FrameSummary file <frozen importlib._bootstrap>, line 971 in _find_and_load>, <FrameSummary file <frozen importlib._bootstrap>, line 955 in _find_and_load_unlocked>, <FrameSummary file <frozen importlib._bootstrap>, line 665 in _load_unlocked>, <FrameSummary file <frozen importlib._bootstrap_external>, line 678 in exec_module>, <FrameSummary file <frozen importlib._bootstrap>, line 219 in _call_with_frames_removed>, <FrameSummary file C:\\Users\\User\\PycharmProjects\\automated_solubility_h1\\n9\\configuration\\deck.py, line 64 in <module>>, <FrameSummary file C:\\Users\\User\\PycharmProjects\\automated_solubility_h1\\venv\\lib\\site-packages\\north_c9\\controller.py, line 208 in __init__>, <FrameSummary file C:\\Users\\User\\PycharmProjects\\automated_solubility_h1\\venv\\lib\\site-packages\\ftdi_serial.py, line 418 in __init__>, <FrameSummary file C:\\Users\\User\\PycharmProjects\\automated_solubility_h1\\venv\\lib\\site-packages\\ftdi_serial.py, line 441 in connect>, <FrameSummary file C:\\Users\\User\\PycharmProjects\\automated_solubility_h1\\venv\\lib\\site-packages\\ftdi_serial.py, line 428 in open_device>, <FrameSummary file C:\\Users\\User\\PycharmProjects\\automated_solubility_h1\\venv\\lib\\site-packages\\niraapad\\backends.py, line 162 in __init__>, <FrameSummary file C:\\Users\\User\\PycharmProjects\\automated_solubility_h1\\venv\\lib\\site-packages\\niraapad\\lab_computer\\niraapad_client.py, line 399 in initialize>]"}, "resp": {"exception": "None"}}}, {"_id": "2021:10:12:12:13:55.423189", "Trace Message Type": "GenericMethodTraceMsg", "Trace Message": {"req": {"backend_type": "DirectFtdiDevice", "backend_instance_id": 1, "method_name": "reset", "args": {}}, "resp": {"exception": "None", "resp": "None"}}}, {"_id": "2021:10:12:12:13:55.465458", "Trace Message Type": "GenericMethodTraceMsg", "Trace Message": {"req": {"backend_type": "DirectFtdiDevice", "backend_instance_id": 1, "method_name": "set_baud_rate", "args": {"baudrate": "115200"}}, "resp": {"exception": "None", "resp": "None"}}}, {"_id": "2021:10:12:12:13:55.504354", "Trace Message Type": "GenericMethodTraceMsg", "Trace Message": {"req": {"backend_type": "DirectFtdiDevice", "backend_instance_id": 1, "method_name": "set_parameters", "args": {"data_bits": "0"}}, "resp": {"exception": "None", "resp": "None"}}}, {"_id": "2021:10:12:12:13:55.557984", "Trace Message Type": "GenericMethodTraceMsg", "Trace Message": {"req": {"backend_type": "DirectFtdiDevice", "backend_instance_id": 1, "method_name": "set_timeouts", "args": {"read_timeout": "500"}}, "resp": {"exception": "None", "resp": "None"}}}, {"_id": "2021:10:12:12:13:55.597866", "Trace Message Type": "GenericMethodTraceMsg", "Trace Message": {"req": {"backend_type": "DirectFtdiDevice", "backend_instance_id": 1, "method_name": "set_timeouts", "args": {"read_timeout": "500"}}, "resp": {"exception": "None", "resp": "None"}}}, {"_id": "2021:10:12:12:13:55.636096", "Trace Message Type": "GenericMethodTraceMsg", "Trace Message": {"req": {"backend_type": "DirectFtdiDevice", "backend_instance_id": 1, "method_name": "write", "args": {"data": {"network_address": "@1", "99": "99", "crc": "DB60", "sequence_no": "31", "command_name": "PING", "flags": {}, "args": {}, "command": ""}}}, "resp": {"exception": "None", "resp": "None"}}}, {"_id": "2021:10:12:12:13:55.674849", "Trace Message Type": "GenericMethodTraceMsg", "Trace Message": {"req": {"backend_type": "DirectFtdiDevice", "backend_instance_id": 1, "method_name": "set_timeouts", "args": {"read_timeout": "500"}}, "resp": {"exception": "None", "resp": "None"}}}, {"_id": "2021:10:12:12:13:55.711754", "Trace Message Type": "GenericMethodTraceMsg", "Trace Message": {"req": {"backend_type": "DirectFtdiDevice", "backend_instance_id": 1, "method_name": "get_input_size", "args": {}}, "resp": {"exception": "None", "resp": "8"}}}, {"_id": "2021:10:12:12:13:55.750760", "Trace Message Type": "GenericMethodTraceMsg", "Trace Message": {"req": {"backend_type": "DirectFtdiDevice", "backend_instance_id": 1, "method_name": "set_timeouts", "args": {"read_timeout": "500"}}, "resp": {"exception": "None", "resp": "None"}}}, {"_id": "2021:10:12:12:13:55.786769", "Trace Message Type": "GenericMethodTraceMsg", "Trace Message": {"req": {"backend_type": "DirectFtdiDevice", "backend_instance_id": 1, "method_name": "read", "args": {"num_bytes": "8", "raw": "True"}}, "resp": {"exception": "None", "resp": "b'\\x80\\x03C\\x08\\x00\\r857E\\r\\nq\\x00.'"}}}, {"_id": "2021:10:12:12:13:55.827666", "Trace Message Type": "GenericMethodTraceMsg", "Trace Message": {"req": {"backend_type": "DirectFtdiDevice", "backend_instance_id": 1, "method_name": "set_timeouts", "args": {"read_timeout": "500"}}, "resp": {"exception": "None", "resp": "None"}}}, {"_id": "2021:10:12:12:13:55.955681", "Trace Message Type": "GenericMethodTraceMsg", "Trace Message": {"req": {"backend_type": "DirectFtdiDevice", "backend_instance_id": 1, "method_name": "set_timeouts", "args": {"read_timeout": "500"}}, "resp": {"exception": "None", "resp": "None"}}}, {"_id": "2021:10:12:12:13:55.989585", "Trace Message Type": "GenericMethodTraceMsg", "Trace Message": {"req": {"backend_type": "DirectFtdiDevice", "backend_instance_id": 1, "method_name": "write", "args": {"data": {"network_address": "@1", "99": "99", "crc": "F132", "sequence_no": "54", "command_name": "BIAS", "flags": {}, "args": {}, "command": ""}}}, "resp": {"exception": "None", "resp": "None"}}}, {"_id": "2021:10:12:12:13:56.033706", "Trace Message Type": "GenericMethodTraceMsg", "Trace Message": {"req": {"backend_type": "DirectFtdiDevice", "backend_instance_id": 1, "method_name": "set_timeouts", "args": {"read_timeout": "500"}}, "resp": {"exception": "None", "resp": "None"}}}, {"_id": "2021:10:12:12:13:56.072602", "Trace Message Type": "GenericMethodTraceMsg", "Trace Message": {"req": {"backend_type": "DirectFtdiDevice", "backend_instance_id": 1, "method_name": "get_input_size", "args": {}}, "resp": {"exception": "None", "resp": "9"}}}, {"_id": "2021:10:12:12:13:56.106508", "Trace Message Type": "GenericMethodTraceMsg", "Trace Message": {"req": {"backend_type": "DirectFtdiDevice", "backend_instance_id": 1, "method_name": "set_timeouts", "args": {"read_timeout": "500"}}, "resp": {"exception": "None", "resp": "None"}}}, {"_id": "2021:10:12:12:13:56.143932", "Trace Message Type": "GenericMethodTraceMsg", "Trace Message": {"req": {"backend_type": "DirectFtdiDevice", "backend_instance_id": 1, "method_name": "read", "args": {"num_bytes": "9", "raw": "True"}}, "resp": {"exception": "None", "resp": "b'\\x80\\x03C\\t0 \\rCAA9\\r\\nq\\x00.'"}}}, {"_id": "2021:10:12:12:13:56.187859", "Trace Message Type": "GenericMethodTraceMsg", "Trace Message": {"req": {"backend_type": "DirectFtdiDevice", "backend_instance_id": 1, "method_name": "set_timeouts", "args": {"read_timeout": "500"}}, "resp": {"exception": "None", "resp": "None"}}}, {"_id": "2021:10:12:12:13:56.258477", "Trace Message Type": "GenericMethodTraceMsg", "Trace Message": {"req": {"backend_type": "DirectFtdiDevice", "backend_instance_id": 1, "method_name": "set_timeouts", "args": {"read_timeout": "500"}}, "resp": {"exception": "None", "resp": "None"}}}, {"_id": "2021:10:12:12:13:56.296373", "Trace Message Type": "GenericMethodTraceMsg", "Trace Message": {"req": {"backend_type": "DirectFtdiDevice", "backend_instance_id": 1, "method_name": "write", "args": {"data": {"network_address": "@1", "99": "99", "crc": "EFC5", "sequence_no": "33", "command_name": "SPED", "flags": {}, "args": {"velocity": "20000", "acceleration": "20000"}, "command": ""}}}, "resp": {"exception": "None", "resp": "None"}}}, {"_id": "2021:10:12:12:13:56.352220", "Trace Message Type": "GenericMethodTraceMsg", "Trace Message": {"req": {"backend_type": "DirectFtdiDevice", "backend_instance_id": 1, "method_name": "set_timeouts", "args": {"read_timeout": "500"}}, "resp": {"exception": "None", "resp": "None"}}}, {"_id": "2021:10:12:12:13:56.402087", "Trace Message Type": "GenericMethodTraceMsg", "Trace Message": {"req": {"backend_type": "DirectFtdiDevice", "backend_instance_id": 1, "method_name": "get_input_size", "args": {}}, "resp": {"exception": "None", "resp": "19"}}}, {"_id": "2021:10:12:12:13:56.446971", "Trace Message Type": "GenericMethodTraceMsg", "Trace Message": {"req": {"backend_type": "DirectFtdiDevice", "backend_instance_id": 1, "method_name": "set_timeouts", "args": {"read_timeout": "500"}}, "resp": {"exception": "None", "resp": "None"}}}, {"_id": "2021:10:12:12:13:56.481877", "Trace Message Type": "GenericMethodTraceMsg", "Trace Message": {"req": {"backend_type": "DirectFtdiDevice", "backend_instance_id": 1, "method_name": "read", "args": {"num_bytes": "19", "raw": "True"}}, "resp": {"exception": "None", "resp": "b'\\x80\\x03C\\x1320000 20000 \\rC22D\\r\\nq\\x00.'"}}}, {"_id": "2021:10:12:12:13:56.524765", "Trace Message Type": "GenericMethodTraceMsg", "Trace Message": {"req": {"backend_type": "DirectFtdiDevice", "backend_instance_id": 1, "method_name": "set_timeouts", "args": {"read_timeout": "500"}}, "resp": {"exception": "None", "resp": "None"}}}, {"_id": "2021:10:12:12:13:56.566647", "Trace Message Type": "GenericMethodTraceMsg", "Trace Message": {"req": {"backend_type": "DirectFtdiDevice", "backend_instance_id": 1, "method_name": "set_timeouts", "args": {"read_timeout": "500"}}, "resp": {"exception": "None", "resp": "None"}}}, {"_id": "2021:10:12:12:13:56.613521", "Trace Message Type": "GenericMethodTraceMsg", "Trace Message": {"req": {"backend_type": "DirectFtdiDevice", "backend_instance_id": 1, "method_name": "write", "args": {"data": {"network_address": "@1", "99": "99", "crc": "A77C", "sequence_no": "35", "command_name": "BIAS", "flags": {}, "args": {"bias": "0"}, "command": ""}}}, "resp": {"exception": "None", "resp": "None"}}}, {"_id": "2021:10:12:12:13:56.655421", "Trace Message Type": "GenericMethodTraceMsg", "Trace Message": {"req": {"backend_type": "DirectFtdiDevice", "backend_instance_id": 1, "method_name": "set_timeouts", "args": {"read_timeout": "500"}}, "resp": {"exception": "None", "resp": "None"}}}, {"_id": "2021:10:12:12:13:56.695360", "Trace Message Type": "GenericMethodTraceMsg", "Trace Message": {"req": {"backend_type": "DirectFtdiDevice", "backend_instance_id": 1, "method_name": "get_input_size", "args": {}}, "resp": {"exception": "None", "resp": "9"}}}, {"_id": "2021:10:12:12:13:56.736797", "Trace Message Type": "GenericMethodTraceMsg", "Trace Message": {"req": {"backend_type": "DirectFtdiDevice", "backend_instance_id": 1, "method_name": "set_timeouts", "args": {"read_timeout": "500"}}, "resp": {"exception": "None", "resp": "None"}}}, {"_id": "2021:10:12:12:13:56.776581", "Trace Message Type": "GenericMethodTraceMsg", "Trace Message": {"req": {"backend_type": "DirectFtdiDevice", "backend_instance_id": 1, "method_name": "read", "args": {"num_bytes": "9", "raw": "True"}}, "resp": {"exception": "None", "resp": "b'\\x80\\x03C\\t0 \\rCAA9\\r\\nq\\x00.'"}}}, {"_id": "2021:10:12:12:13:56.812444", "Trace Message Type": "GenericMethodTraceMsg", "Trace Message": {"req": {"backend_type": "DirectFtdiDevice", "backend_instance_id": 1, "method_name": "set_timeouts", "args": {"read_timeout": "500"}}, "resp": {"exception": "None", "resp": "None"}}}, {"_id": "2021:10:12:12:13:56.850861", "Trace Message Type": "GenericMethodTraceMsg", "Trace Message": {"req": {"backend_type": "DirectFtdiDevice", "backend_instance_id": 1, "method_name": "set_timeouts", "args": {"read_timeout": "500"}}, "resp": {"exception": "None", "resp": "None"}}}, {"_id": "2021:10:12:12:13:56.888759", "Trace Message Type": "GenericMethodTraceMsg", "Trace Message": {"req": {"backend_type": "DirectFtdiDevice", "backend_instance_id": 1, "method_name": "write", "args": {"data": {"network_address": "@1", "99": "99", "crc": "4E69", "sequence_no": "37", "command_name": "HOME", "flags": {"if_needed": "1"}, "args": {}, "command": ""}}}, "resp": {"exception": "None", "resp": "None"}}}, {"_id": "2021:10:12:12:13:56.926986", "Trace Message Type": "GenericMethodTraceMsg", "Trace Message": {"req": {"backend_type": "DirectFtdiDevice", "backend_instance_id": 1, "method_name": "set_timeouts", "args": {"read_timeout": "500"}}, "resp": {"exception": "None", "resp": "None"}}}, {"_id": "2021:10:12:12:13:56.959898", "Trace Message Type": "GenericMethodTraceMsg", "Trace Message": {"req": {"backend_type": "DirectFtdiDevice", "backend_instance_id": 1, "method_name": "get_input_size", "args": {}}, "resp": {"exception": "None", "resp": "28"}}}, {"_id": "2021:10:12:12:13:56.997794", "Trace Message Type": "GenericMethodTraceMsg", "Trace Message": {"req": {"backend_type": "DirectFtdiDevice", "backend_instance_id": 1, "method_name": "set_timeouts", "args": {"read_timeout": "500"}}, "resp": {"exception": "None", "resp": "None"}}}, {"_id": "2021:10:12:12:13:57.039687", "Trace Message Type": "GenericMethodTraceMsg", "Trace Message": {"req": {"backend_type": "DirectFtdiDevice", "backend_instance_id": 1, "method_name": "read", "args": {"num_bytes": "28", "raw": "True"}}, "resp": {"exception": "None", "resp": "b'\\x80\\x03C\\x1c2258 33668 34378 925 \\r9F4A\\r\\nq\\x00.'"}}}, {"_id": "2021:10:12:12:13:57.077925", "Trace Message Type": "GenericMethodTraceMsg", "Trace Message": {"req": {"backend_type": "DirectFtdiDevice", "backend_instance_id": 1, "method_name": "set_timeouts", "args": {"read_timeout": "500"}}, "resp": {"exception": "None", "resp": "None"}}}, {"_id": "2021:10:12:12:13:57.118901", "Trace Message Type": "GenericMethodTraceMsg", "Trace Message": {"req": {"backend_type": "DirectFtdiDevice", "backend_instance_id": 1, "method_name": "set_timeouts", "args": {"read_timeout": "500"}}, "resp": {"exception": "None", "resp": "None"}}}, {"_id": "2021:10:12:12:13:57.153811", "Trace Message Type": "GenericMethodTraceMsg", "Trace Message": {"req": {"backend_type": "DirectFtdiDevice", "backend_instance_id": 1, "method_name": "write", "args": {"data": {"network_address": "@1", "99": "99", "crc": "04BF", "sequence_no": "39", "command_name": "CURR", "flags": {}, "args": {"axis": "0"}, "command": ""}}}, "resp": {"exception": "None", "resp": "None"}}}, {"_id": "2021:10:12:12:13:57.187730", "Trace Message Type": "GenericMethodTraceMsg", "Trace Message": {"req": {"backend_type": "DirectFtdiDevice", "backend_instance_id": 1, "method_name": "set_timeouts", "args": {"read_timeout": "500"}}, "resp": {"exception": "None", "resp": "None"}}}, {"_id": "2021:10:12:12:13:57.220642", "Trace Message Type": "GenericMethodTraceMsg", "Trace Message": {"req": {"backend_type": "DirectFtdiDevice", "backend_instance_id": 1, "method_name": "get_input_size", "args": {}}, "resp": {"exception": "None", "resp": "0"}}}, {"_id": "2021:10:12:12:13:57.259543", "Trace Message Type": "GenericMethodTraceMsg", "Trace Message": {"req": {"backend_type": "DirectFtdiDevice", "backend_instance_id": 1, "method_name": "set_timeouts", "args": {"read_timeout": "500"}}, "resp": {"exception": "None", "resp": "None"}}}, {"_id": "2021:10:12:12:13:57.298434", "Trace Message Type": "GenericMethodTraceMsg", "Trace Message": {"req": {"backend_type": "DirectFtdiDevice", "backend_instance_id": 1, "method_name": "read", "args": {"num_bytes": "1", "raw": "True"}}, "resp": {"exception": "None", "resp": "b'\\x80\\x03C\\x01-q\\x00.'"}}}, {"_id": "2021:10:12:12:13:57.338413", "Trace Message Type": "GenericMethodTraceMsg", "Trace Message": {"req": {"backend_type": "DirectFtdiDevice", "backend_instance_id": 1, "method_name": "set_timeouts", "args": {"read_timeout": "500"}}, "resp": {"exception": "None", "resp": "None"}}}, {"_id": "2021:10:12:12:13:57.385513", "Trace Message Type": "GenericMethodTraceMsg", "Trace Message": {"req": {"backend_type": "DirectFtdiDevice", "backend_instance_id": 1, "method_name": "get_input_size", "args": {}}, "resp": {"exception": "None", "resp": "9"}}}, {"_id": "2021:10:12:12:13:57.441452", "Trace Message Type": "GenericMethodTraceMsg", "Trace Message": {"req": {"backend_type": "DirectFtdiDevice", "backend_instance_id": 1, "method_name": "set_timeouts", "args": {"read_timeout": "500"}}, "resp": {"exception": "None", "resp": "None"}}}, {"_id": "2021:10:12:12:13:57.483542", "Trace Message Type": "GenericMethodTraceMsg", "Trace Message": {"req": {"backend_type": "DirectFtdiDevice", "backend_instance_id": 1, "method_name": "read", "args": {"num_bytes": "9", "raw": "True"}}, "resp": {"exception": "None", "resp": "b'\\x80\\x03C\\t1 \\r8280\\r\\nq\\x00.'"}}}, {"_id": "2021:10:12:12:13:57.529419", "Trace Message Type": "GenericMethodTraceMsg", "Trace Message": {"req": {"backend_type": "DirectFtdiDevice", "backend_instance_id": 1, "method_name": "set_timeouts", "args": {"read_timeout": "500"}}, "resp": {"exception": "None", "resp": "None"}}}, {"_id": "2021:10:12:12:13:57.570309", "Trace Message Type": "GenericMethodTraceMsg", "Trace Message": {"req": {"backend_type": "DirectFtdiDevice", "backend_instance_id": 1, "method_name": "set_timeouts", "args": {"read_timeout": "500"}}, "resp": {"exception": "None", "resp": "None"}}}, {"_id": "2021:10:12:12:13:57.601234", "Trace Message Type": "GenericMethodTraceMsg", "Trace Message": {"req": {"backend_type": "DirectFtdiDevice", "backend_instance_id": 1, "method_name": "write", "args": {"data": {"network_address": "@1", "99": "99", "crc": "1E69", "sequence_no": "41", "command_name": "CURR", "flags": {}, "args": {"axis": "0"}, "command": ""}}}, "resp": {"exception": "None", "resp": "None"}}}, {"_id": "2021:10:12:12:13:57.631150", "Trace Message Type": "GenericMethodTraceMsg", "Trace Message": {"req": {"backend_type": "DirectFtdiDevice", "backend_instance_id": 1, "method_name": "set_timeouts", "args": {"read_timeout": "500"}}, "resp": {"exception": "None", "resp": "None"}}}, {"_id": "2021:10:12:12:13:57.667099", "Trace Message Type": "GenericMethodTraceMsg", "Trace Message": {"req": {"backend_type": "DirectFtdiDevice", "backend_instance_id": 1, "method_name": "get_input_size", "args": {}}, "resp": {"exception": "None", "resp": "0"}}}, {"_id": "2021:10:12:12:13:57.706435", "Trace Message Type": "GenericMethodTraceMsg", "Trace Message": {"req": {"backend_type": "DirectFtdiDevice", "backend_instance_id": 1, "method_name": "set_timeouts", "args": {"read_timeout": "500"}}, "resp": {"exception": "None", "resp": "None"}}}, {"_id": "2021:10:12:12:13:57.745843", "Trace Message Type": "GenericMethodTraceMsg", "Trace Message": {"req": {"backend_type": "DirectFtdiDevice", "backend_instance_id": 1, "method_name": "read", "args": {"num_bytes": "1", "raw": "True"}}, "resp": {"exception": "None", "resp": "b'\\x80\\x03C\\x014q\\x00.'"}}}, {"_id": "2021:10:12:12:13:57.795445", "Trace Message Type": "GenericMethodTraceMsg", "Trace Message": {"req": {"backend_type": "DirectFtdiDevice", "backend_instance_id": 1, "method_name": "set_timeouts", "args": {"read_timeout": "500"}}, "resp": {"exception": "None", "resp": "None"}}}, {"_id": "2021:10:12:12:13:57.834260", "Trace Message Type": "GenericMethodTraceMsg", "Trace Message": {"req": {"backend_type": "DirectFtdiDevice", "backend_instance_id": 1, "method_name": "get_input_size", "args": {}}, "resp": {"exception": "None", "resp": "8"}}}, {"_id": "2021:10:12:12:13:57.867168", "Trace Message Type": "GenericMethodTraceMsg", "Trace Message": {"req": {"backend_type": "DirectFtdiDevice", "backend_instance_id": 1, "method_name": "set_timeouts", "args": {"read_timeout": "500"}}, "resp": {"exception": "None", "resp": "None"}}}, {"_id": "2021:10:12:12:13:57.904430", "Trace Message Type": "GenericMethodTraceMsg", "Trace Message": {"req": {"backend_type": "DirectFtdiDevice", "backend_instance_id": 1, "method_name": "read", "args": {"num_bytes": "8", "raw": "True"}}, "resp": {"exception": "None", "resp": "b'\\x80\\x03C\\x08 \\r0BE8\\r\\nq\\x00.'"}}}, {"_id": "2021:10:12:12:13:57.964272", "Trace Message Type": "GenericMethodTraceMsg", "Trace Message": {"req": {"backend_type": "DirectFtdiDevice", "backend_instance_id": 1, "method_name": "set_timeouts", "args": {"read_timeout": "500"}}, "resp": {"exception": "None", "resp": "None"}}}, {"_id": "2021:10:12:12:13:58.005265", "Trace Message Type": "GenericMethodTraceMsg", "Trace Message": {"req": {"backend_type": "DirectFtdiDevice", "backend_instance_id": 1, "method_name": "set_timeouts", "args": {"read_timeout": "500"}}, "resp": {"exception": "None", "resp": "None"}}}, {"_id": "2021:10:12:12:13:58.046975", "Trace Message Type": "GenericMethodTraceMsg", "Trace Message": {"req": {"backend_type": "DirectFtdiDevice", "backend_instance_id": 1, "method_name": "write", "args": {"data": {"network_address": "@1", "99": "99", "crc": "7E70", "sequence_no": "43", "command_name": "CURR", "flags": {}, "args": {"axis": "0"}, "command": ""}}}, "resp": {"exception": "None", "resp": "None"}}}, {"_id": "2021:10:12:12:13:58.080998", "Trace Message Type": "GenericMethodTraceMsg", "Trace Message": {"req": {"backend_type": "DirectFtdiDevice", "backend_instance_id": 1, "method_name": "set_timeouts", "args": {"read_timeout": "500"}}, "resp": {"exception": "None", "resp": "None"}}}, {"_id": "2021:10:12:12:13:58.121990", "Trace Message Type": "GenericMethodTraceMsg", "Trace Message": {"req": {"backend_type": "DirectFtdiDevice", "backend_instance_id": 1, "method_name": "get_input_size", "args": {}}, "resp": {"exception": "None", "resp": "0"}}}, {"_id": "2021:10:12:12:13:58.164049", "Trace Message Type": "GenericMethodTraceMsg", "Trace Message": {"req": {"backend_type": "DirectFtdiDevice", "backend_instance_id": 1, "method_name": "set_timeouts", "args": {"read_timeout": "500"}}, "resp": {"exception": "None", "resp": "None"}}}, {"_id": "2021:10:12:12:13:58.201328", "Trace Message Type": "GenericMethodTraceMsg", "Trace Message": {"req": {"backend_type": "DirectFtdiDevice", "backend_instance_id": 1, "method_name": "read", "args": {"num_bytes": "1", "raw": "True"}}, "resp": {"exception": "None", "resp": "b'\\x80\\x03C\\x012q\\x00.'"}}}, {"_id": "2021:10:12:12:13:58.238228", "Trace Message Type": "GenericMethodTraceMsg", "Trace Message": {"req": {"backend_type": "DirectFtdiDevice", "backend_instance_id": 1, "method_name": "set_timeouts", "args": {"read_timeout": "500"}}, "resp": {"exception": "None", "resp": "None"}}}, {"_id": "2021:10:12:12:13:58.270146", "Trace Message Type": "GenericMethodTraceMsg", "Trace Message": {"req": {"backend_type": "DirectFtdiDevice", "backend_instance_id": 1, "method_name": "get_input_size", "args": {}}, "resp": {"exception": "None", "resp": "9"}}}, {"_id": "2021:10:12:12:13:58.309042", "Trace Message Type": "GenericMethodTraceMsg", "Trace Message": {"req": {"backend_type": "DirectFtdiDevice", "backend_instance_id": 1, "method_name": "set_timeouts", "args": {"read_timeout": "500"}}, "resp": {"exception": "None", "resp": "None"}}}, {"_id": "2021:10:12:12:13:58.341954", "Trace Message Type": "GenericMethodTraceMsg", "Trace Message": {"req": {"backend_type": "DirectFtdiDevice", "backend_instance_id": 1, "method_name": "read", "args": {"num_bytes": "9", "raw": "True"}}, "resp": {"exception": "None", "resp": "b'\\x80\\x03C\\t8 \\r5457\\r\\nq\\x00.'"}}}, {"_id": "2021:10:12:12:13:58.378855", "Trace Message Type": "GenericMethodTraceMsg", "Trace Message": {"req": {"backend_type": "DirectFtdiDevice", "backend_instance_id": 1, "method_name": "set_timeouts", "args": {"read_timeout": "500"}}, "resp": {"exception": "None", "resp": "None"}}}, {"_id": "2021:10:12:12:13:58.421968", "Trace Message Type": "GenericMethodTraceMsg", "Trace Message": {"req": {"backend_type": "DirectFtdiDevice", "backend_instance_id": 1, "method_name": "set_timeouts", "args": {"read_timeout": "500"}}, "resp": {"exception": "None", "resp": "None"}}}, {"_id": "2021:10:12:12:13:58.453891", "Trace Message Type": "GenericMethodTraceMsg", "Trace Message": {"req": {"backend_type": "DirectFtdiDevice", "backend_instance_id": 1, "method_name": "write", "args": {"data": {"network_address": "@1", "99": "99", "crc": "DE5B", "sequence_no": "45", "command_name": "CURR", "flags": {}, "args": {"axis": "0"}, "command": ""}}}, "resp": {"exception": "None", "resp": "None"}}}, {"_id": "2021:10:12:12:13:58.500018", "Trace Message Type": "GenericMethodTraceMsg", "Trace Message": {"req": {"backend_type": "DirectFtdiDevice", "backend_instance_id": 1, "method_name": "set_timeouts", "args": {"read_timeout": "500"}}, "resp": {"exception": "None", "resp": "None"}}}, {"_id": "2021:10:12:12:13:58.535424", "Trace Message Type": "GenericMethodTraceMsg", "Trace Message": {"req": {"backend_type": "DirectFtdiDevice", "backend_instance_id": 1, "method_name": "get_input_size", "args": {}}, "resp": {"exception": "None", "resp": "4"}}}, {"_id": "2021:10:12:12:13:58.574529", "Trace Message Type": "GenericMethodTraceMsg", "Trace Message": {"req": {"backend_type": "DirectFtdiDevice", "backend_instance_id": 1, "method_name": "set_timeouts", "args": {"read_timeout": "500"}}, "resp": {"exception": "None", "resp": "None"}}}, {"_id": "2021:10:12:12:13:58.611871", "Trace Message Type": "GenericMethodTraceMsg", "Trace Message": {"req": {"backend_type": "DirectFtdiDevice", "backend_instance_id": 1, "method_name": "read", "args": {"num_bytes": "4", "raw": "True"}}, "resp": {"exception": "None", "resp": "b'\\x80\\x03C\\x04-26 q\\x00.'"}}}, {"_id": "2021:10:12:12:13:58.648773", "Trace Message Type": "GenericMethodTraceMsg", "Trace Message": {"req": {"backend_type": "DirectFtdiDevice", "backend_instance_id": 1, "method_name": "set_timeouts", "args": {"read_timeout": "500"}}, "resp": {"exception": "None", "resp": "None"}}}, {"_id": "2021:10:12:12:13:58.686671", "Trace Message Type": "GenericMethodTraceMsg", "Trace Message": {"req": {"backend_type": "DirectFtdiDevice", "backend_instance_id": 1, "method_name": "get_input_size", "args": {}}, "resp": {"exception": "None", "resp": "7"}}}, {"_id": "2021:10:12:12:13:58.723572", "Trace Message Type": "GenericMethodTraceMsg", "Trace Message": {"req": {"backend_type": "DirectFtdiDevice", "backend_instance_id": 1, "method_name": "set_timeouts", "args": {"read_timeout": "500"}}, "resp": {"exception": "None", "resp": "None"}}}, {"_id": "2021:10:12:12:13:58.760473", "Trace Message Type": "GenericMethodTraceMsg", "Trace Message": {"req": {"backend_type": "DirectFtdiDevice", "backend_instance_id": 1, "method_name": "read", "args": {"num_bytes": "7", "raw": "True"}}, "resp": {"exception": "None", "resp": "b'\\x80\\x03C\\x07\\rB5BE\\r\\nq\\x00.'"}}}, {"_id": "2021:10:12:12:13:58.800834", "Trace Message Type": "GenericMethodTraceMsg", "Trace Message": {"req": {"backend_type": "DirectFtdiDevice", "backend_instance_id": 1, "method_name": "set_timeouts", "args": {"read_timeout": "500"}}, "resp": {"exception": "None", "resp": "None"}}}, {"_id": "2021:10:12:12:13:58.837154", "Trace Message Type": "GenericMethodTraceMsg", "Trace Message": {"req": {"backend_type": "DirectFtdiDevice", "backend_instance_id": 1, "method_name": "set_timeouts", "args": {"read_timeout": "500"}}, "resp": {"exception": "None", "resp": "None"}}}, {"_id": "2021:10:12:12:13:58.870068", "Trace Message Type": "GenericMethodTraceMsg", "Trace Message": {"req": {"backend_type": "DirectFtdiDevice", "backend_instance_id": 1, "method_name": "write", "args": {"data": {"network_address": "@1", "99": "99", "crc": "BE42", "sequence_no": "47", "command_name": "CURR", "flags": {}, "args": {"axis": "0"}, "command": ""}}}, "resp": {"exception": "None", "resp": "None"}}}, {"_id": "2021:10:12:12:13:58.910223", "Trace Message Type": "GenericMethodTraceMsg", "Trace Message": {"req": {"backend_type": "DirectFtdiDevice", "backend_instance_id": 1, "method_name": "set_timeouts", "args": {"read_timeout": "500"}}, "resp": {"exception": "None", "resp": "None"}}}, {"_id": "2021:10:12:12:13:58.948155", "Trace Message Type": "GenericMethodTraceMsg", "Trace Message": {"req": {"backend_type": "DirectFtdiDevice", "backend_instance_id": 1, "method_name": "get_input_size", "args": {}}, "resp": {"exception": "None", "resp": "3"}}}, {"_id": "2021:10:12:12:13:58.989066", "Trace Message Type": "GenericMethodTraceMsg", "Trace Message": {"req": {"backend_type": "DirectFtdiDevice", "backend_instance_id": 1, "method_name": "set_timeouts", "args": {"read_timeout": "500"}}, "resp": {"exception": "None", "resp": "None"}}}, {"_id": "2021:10:12:12:13:59.025986", "Trace Message Type": "GenericMethodTraceMsg", "Trace Message": {"req": {"backend_type": "DirectFtdiDevice", "backend_instance_id": 1, "method_name": "read", "args": {"num_bytes": "3", "raw": "True"}}, "resp": {"exception": "None", "resp": "b'\\x80\\x03C\\x03-1 q\\x00.'"}}}, {"_id": "2021:10:12:12:13:59.060892", "Trace Message Type": "GenericMethodTraceMsg", "Trace Message": {"req": {"backend_type": "DirectFtdiDevice", "backend_instance_id": 1, "method_name": "set_timeouts", "args": {"read_timeout": "500"}}, "resp": {"exception": "None", "resp": "None"}}}, {"_id": "2021:10:12:12:13:59.104029", "Trace Message Type": "GenericMethodTraceMsg", "Trace Message": {"req": {"backend_type": "DirectFtdiDevice", "backend_instance_id": 1, "method_name": "get_input_size", "args": {}}, "resp": {"exception": "None", "resp": "7"}}}, {"_id": "2021:10:12:12:13:59.142960", "Trace Message Type": "GenericMethodTraceMsg", "Trace Message": {"req": {"backend_type": "DirectFtdiDevice", "backend_instance_id": 1, "method_name": "set_timeouts", "args": {"read_timeout": "500"}}, "resp": {"exception": "None", "resp": "None"}}}, {"_id": "2021:10:12:12:13:59.183845", "Trace Message Type": "GenericMethodTraceMsg", "Trace Message": {"req": {"backend_type": "DirectFtdiDevice", "backend_instance_id": 1, "method_name": "read", "args": {"num_bytes": "7", "raw": "True"}}, "resp": {"exception": "None", "resp": "b'\\x80\\x03C\\x07\\r8280\\r\\nq\\x00.'"}}}, {"_id": "2021:10:12:12:13:59.221746", "Trace Message Type": "GenericMethodTraceMsg", "Trace Message": {"req": {"backend_type": "DirectFtdiDevice", "backend_instance_id": 1, "method_name": "set_timeouts", "args": {"read_timeout": "500"}}, "resp": {"exception": "None", "resp": "None"}}}, {"_id": "2021:10:12:12:13:59.262638", "Trace Message Type": "GenericMethodTraceMsg", "Trace Message": {"req": {"backend_type": "DirectFtdiDevice", "backend_instance_id": 1, "method_name": "set_timeouts", "args": {"read_timeout": "500"}}, "resp": {"exception": "None", "resp": "None"}}}, {"_id": "2021:10:12:12:13:59.295550", "Trace Message Type": "GenericMethodTraceMsg", "Trace Message": {"req": {"backend_type": "DirectFtdiDevice", "backend_instance_id": 1, "method_name": "write", "args": {"data": {"network_address": "@1", "99": "99", "crc": "DE0E", "sequence_no": "49", "command_name": "CURR", "flags": {}, "args": {"axis": "0"}, "command": ""}}}, "resp": {"exception": "None", "resp": "None"}}}, {"_id": "2021:10:12:12:13:59.329459", "Trace Message Type": "GenericMethodTraceMsg", "Trace Message": {"req": {"backend_type": "DirectFtdiDevice", "backend_instance_id": 1, "method_name": "set_timeouts", "args": {"read_timeout": "500"}}, "resp": {"exception": "None", "resp": "None"}}}, {"_id": "2021:10:12:12:13:59.362369", "Trace Message Type": "GenericMethodTraceMsg", "Trace Message": {"req": {"backend_type": "DirectFtdiDevice", "backend_instance_id": 1, "method_name": "get_input_size", "args": {}}, "resp": {"exception": "None", "resp": "0"}}}, {"_id": "2021:10:12:12:13:59.402447", "Trace Message Type": "GenericMethodTraceMsg", "Trace Message": {"req": {"backend_type": "DirectFtdiDevice", "backend_instance_id": 1, "method_name": "set_timeouts", "args": {"read_timeout": "500"}}, "resp": {"exception": "None", "resp": "None"}}}, {"_id": "2021:10:12:12:13:59.437353", "Trace Message Type": "GenericMethodTraceMsg", "Trace Message": {"req": {"backend_type": "DirectFtdiDevice", "backend_instance_id": 1, "method_name": "read", "args": {"num_bytes": "1", "raw": "True"}}, "resp": {"exception": "None", "resp": "b'\\x80\\x03C\\x01-q\\x00.'"}}}, {"_id": "2021:10:12:12:13:59.475128", "Trace Message Type": "GenericMethodTraceMsg", "Trace Message": {"req": {"backend_type": "DirectFtdiDevice", "backend_instance_id": 1, "method_name": "set_timeouts", "args": {"read_timeout": "500"}}, "resp": {"exception": "None", "resp": "None"}}}, {"_id": "2021:10:12:12:13:59.509028", "Trace Message Type": "GenericMethodTraceMsg", "Trace Message": {"req": {"backend_type": "DirectFtdiDevice", "backend_instance_id": 1, "method_name": "get_input_size", "args": {}}, "resp": {"exception": "None", "resp": "10"}}}, {"_id": "2021:10:12:12:13:59.544928", "Trace Message Type": "GenericMethodTraceMsg", "Trace Message": {"req": {"backend_type": "DirectFtdiDevice", "backend_instance_id": 1, "method_name": "set_timeouts", "args": {"read_timeout": "500"}}, "resp": {"exception": "None", "resp": "None"}}}, {"_id": "2021:10:12:12:13:59.590810", "Trace Message Type": "GenericMethodTraceMsg", "Trace Message": {"req": {"backend_type": "DirectFtdiDevice", "backend_instance_id": 1, "method_name": "read", "args": {"num_bytes": "10", "raw": "True"}}, "resp": {"exception": "None", "resp": "b'\\x80\\x03C\\n60 \\r845F\\r\\nq\\x00.'"}}}, {"_id": "2021:10:12:12:13:59.629079", "Trace Message Type": "GenericMethodTraceMsg", "Trace Message": {"req": {"backend_type": "DirectFtdiDevice", "backend_instance_id": 1, "method_name": "set_timeouts", "args": {"read_timeout": "500"}}, "resp": {"exception": "None", "resp": "None"}}}, {"_id": "2021:10:12:12:13:59.675947", "Trace Message Type": "GenericMethodTraceMsg", "Trace Message": {"req": {"backend_type": "DirectFtdiDevice", "backend_instance_id": 1, "method_name": "set_timeouts", "args": {"read_timeout": "500"}}, "resp": {"exception": "None", "resp": "None"}}}, {"_id": "2021:10:12:12:13:59.712853", "Trace Message Type": "GenericMethodTraceMsg", "Trace Message": {"req": {"backend_type": "DirectFtdiDevice", "backend_instance_id": 1, "method_name": "write", "args": {"data": {"network_address": "@1", "99": "99", "crc": "DB38", "sequence_no": "51", "command_name": "CURR", "flags": {}, "args": {"axis": "0"}, "command": ""}}}, "resp": {"exception": "None", "resp": "None"}}}, {"_id": "2021:10:12:12:13:59.774678", "Trace Message Type": "GenericMethodTraceMsg", "Trace Message": {"req": {"backend_type": "DirectFtdiDevice", "backend_instance_id": 1, "method_name": "set_timeouts", "args": {"read_timeout": "500"}}, "resp": {"exception": "None", "resp": "None"}}}, {"_id": "2021:10:12:12:13:59.815565", "Trace Message Type": "GenericMethodTraceMsg", "Trace Message": {"req": {"backend_type": "DirectFtdiDevice", "backend_instance_id": 1, "method_name": "get_input_size", "args": {}}, "resp": {"exception": "None", "resp": "11"}}}, {"_id": "2021:10:12:12:13:59.859852", "Trace Message Type": "GenericMethodTraceMsg", "Trace Message": {"req": {"backend_type": "DirectFtdiDevice", "backend_instance_id": 1, "method_name": "set_timeouts", "args": {"read_timeout": "500"}}, "resp": {"exception": "None", "resp": "None"}}}, {"_id": "2021:10:12:12:13:59.902911", "Trace Message Type": "GenericMethodTraceMsg", "Trace Message": {"req": {"backend_type": "DirectFtdiDevice", "backend_instance_id": 1, "method_name": "read", "args": {"num_bytes": "11", "raw": "True"}}, "resp": {"exception": "None", "resp": "b'\\x80\\x03C\\x0b-40 \\r3C5E\\r\\nq\\x00.'"}}}, {"_id": "2021:10:12:12:13:59.943162", "Trace Message Type": "GenericMethodTraceMsg", "Trace Message": {"req": {"backend_type": "DirectFtdiDevice", "backend_instance_id": 1, "method_name": "set_timeouts", "args": {"read_timeout": "500"}}, "resp": {"exception": "None", "resp": "None"}}}, {"_id": "2021:10:12:12:13:59.988515", "Trace Message Type": "GenericMethodTraceMsg", "Trace Message": {"req": {"backend_type": "DirectFtdiDevice", "backend_instance_id": 1, "method_name": "set_timeouts", "args": {"read_timeout": "500"}}, "resp": {"exception": "None", "resp": "None"}}}, {"_id": "2021:10:12:12:14:00.021996", "Trace Message Type": "GenericMethodTraceMsg", "Trace Message": {"req": {"backend_type": "DirectFtdiDevice", "backend_instance_id": 1, "method_name": "write", "args": {"data": {"network_address": "@1", "99": "99", "crc": "BB21", "sequence_no": "53", "command_name": "CURR", "flags": {}, "args": {"axis": "0"}, "command": ""}}}, "resp": {"exception": "None", "resp": "None"}}}, {"_id": "2021:10:12:12:14:00.059736", "Trace Message Type": "GenericMethodTraceMsg", "Trace Message": {"req": {"backend_type": "DirectFtdiDevice", "backend_instance_id": 1, "method_name": "set_timeouts", "args": {"read_timeout": "500"}}, "resp": {"exception": "None", "resp": "None"}}}, {"_id": "2021:10:12:12:14:00.090966", "Trace Message Type": "GenericMethodTraceMsg", "Trace Message": {"req": {"backend_type": "DirectFtdiDevice", "backend_instance_id": 1, "method_name": "get_input_size", "args": {}}, "resp": {"exception": "None", "resp": "3"}}}, {"_id": "2021:10:12:12:14:00.127405", "Trace Message Type": "GenericMethodTraceMsg", "Trace Message": {"req": {"backend_type": "DirectFtdiDevice", "backend_instance_id": 1, "method_name": "set_timeouts", "args": {"read_timeout": "500"}}, "resp": {"exception": "None", "resp": "None"}}}, {"_id": "2021:10:12:12:14:00.158320", "Trace Message Type": "GenericMethodTraceMsg", "Trace Message": {"req": {"backend_type": "DirectFtdiDevice", "backend_instance_id": 1, "method_name": "read", "args": {"num_bytes": "3", "raw": "True"}}, "resp": {"exception": "None", "resp": "b'\\x80\\x03C\\x03-8 q\\x00.'"}}}, {"_id": "2021:10:12:12:14:00.191631", "Trace Message Type": "GenericMethodTraceMsg", "Trace Message": {"req": {"backend_type": "DirectFtdiDevice", "backend_instance_id": 1, "method_name": "set_timeouts", "args": {"read_timeout": "500"}}, "resp": {"exception": "None", "resp": "None"}}}, {"_id": "2021:10:12:12:14:00.224545", "Trace Message Type": "GenericMethodTraceMsg", "Trace Message": {"req": {"backend_type": "DirectFtdiDevice", "backend_instance_id": 1, "method_name": "get_input_size", "args": {}}, "resp": {"exception": "None", "resp": "7"}}}, {"_id": "2021:10:12:12:14:00.260804", "Trace Message Type": "GenericMethodTraceMsg", "Trace Message": {"req": {"backend_type": "DirectFtdiDevice", "backend_instance_id": 1, "method_name": "set_timeouts", "args": {"read_timeout": "500"}}, "resp": {"exception": "None", "resp": "None"}}}, {"_id": "2021:10:12:12:14:00.296457", "Trace Message Type": "GenericMethodTraceMsg", "Trace Message": {"req": {"backend_type": "DirectFtdiDevice", "backend_instance_id": 1, "method_name": "read", "args": {"num_bytes": "7", "raw": "True"}}, "resp": {"exception": "None", "resp": "b'\\x80\\x03C\\x07\\r8050\\r\\nq\\x00.'"}}}, {"_id": "2021:10:12:12:14:00.332663", "Trace Message Type": "GenericMethodTraceMsg", "Trace Message": {"req": {"backend_type": "DirectFtdiDevice", "backend_instance_id": 1, "method_name": "set_timeouts", "args": {"read_timeout": "500"}}, "resp": {"exception": "None", "resp": "None"}}}, {"_id": "2021:10:12:12:14:00.367568", "Trace Message Type": "GenericMethodTraceMsg", "Trace Message": {"req": {"backend_type": "DirectFtdiDevice", "backend_instance_id": 1, "method_name": "set_timeouts", "args": {"read_timeout": "500"}}, "resp": {"exception": "None", "resp": "None"}}}, {"_id": "2021:10:12:12:14:00.399485", "Trace Message Type": "GenericMethodTraceMsg", "Trace Message": {"req": {"backend_type": "DirectFtdiDevice", "backend_instance_id": 1, "method_name": "write", "args": {"data": {"network_address": "@1", "99": "99", "crc": "1B0A", "sequence_no": "55", "command_name": "CURR", "flags": {}, "args": {"axis": "0"}, "command": ""}}}, "resp": {"exception": "None", "resp": "None"}}}, {"_id": "2021:10:12:12:14:00.433658", "Trace Message Type": "GenericMethodTraceMsg", "Trace Message": {"req": {"backend_type": "DirectFtdiDevice", "backend_instance_id": 1, "method_name": "set_timeouts", "args": {"read_timeout": "500"}}, "resp": {"exception": "None", "resp": "None"}}}, {"_id": "2021:10:12:12:14:00.471608", "Trace Message Type": "GenericMethodTraceMsg", "Trace Message": {"req": {"backend_type": "DirectFtdiDevice", "backend_instance_id": 1, "method_name": "get_input_size", "args": {}}, "resp": {"exception": "None", "resp": "0"}}}, {"_id": "2021:10:12:12:14:00.504040", "Trace Message Type": "GenericMethodTraceMsg", "Trace Message": {"req": {"backend_type": "DirectFtdiDevice", "backend_instance_id": 1, "method_name": "set_timeouts", "args": {"read_timeout": "500"}}, "resp": {"exception": "None", "resp": "None"}}}, {"_id": "2021:10:12:12:14:00.535954", "Trace Message Type": "GenericMethodTraceMsg", "Trace Message": {"req": {"backend_type": "DirectFtdiDevice", "backend_instance_id": 1, "method_name": "read", "args": {"num_bytes": "1", "raw": "True"}}, "resp": {"exception": "None", "resp": "b'\\x80\\x03C\\x01-q\\x00.'"}}}, {"_id": "2021:10:12:12:14:00.565878", "Trace Message Type": "GenericMethodTraceMsg", "Trace Message": {"req": {"backend_type": "DirectFtdiDevice", "backend_instance_id": 1, "method_name": "set_timeouts", "args": {"read_timeout": "500"}}, "resp": {"exception": "None", "resp": "None"}}}, {"_id": "2021:10:12:12:14:00.597844", "Trace Message Type": "GenericMethodTraceMsg", "Trace Message": {"req": {"backend_type": "DirectFtdiDevice", "backend_instance_id": 1, "method_name": "get_input_size", "args": {}}, "resp": {"exception": "None", "resp": "10"}}}, {"_id": "2021:10:12:12:14:00.632071", "Trace Message Type": "GenericMethodTraceMsg", "Trace Message": {"req": {"backend_type": "DirectFtdiDevice", "backend_instance_id": 1, "method_name": "set_timeouts", "args": {"read_timeout": "500"}}, "resp": {"exception": "None", "resp": "None"}}}, {"_id": "2021:10:12:12:14:00.663992", "Trace Message Type": "GenericMethodTraceMsg", "Trace Message": {"req": {"backend_type": "DirectFtdiDevice", "backend_instance_id": 1, "method_name": "read", "args": {"num_bytes": "10", "raw": "True"}}, "resp": {"exception": "None", "resp": "b'\\x80\\x03C\\n31 \\r880E\\r\\nq\\x00.'"}}}, {"_id": "2021:10:12:12:14:00.701999", "Trace Message Type": "GenericMethodTraceMsg", "Trace Message": {"req": {"backend_type": "DirectFtdiDevice", "backend_instance_id": 1, "method_name": "set_timeouts", "args": {"read_timeout": "500"}}, "resp": {"exception": "None", "resp": "None"}}}, {"_id": "2021:10:12:12:14:00.742896", "Trace Message Type": "GenericMethodTraceMsg", "Trace Message": {"req": {"backend_type": "DirectFtdiDevice", "backend_instance_id": 1, "method_name": "set_timeouts", "args": {"read_timeout": "500"}}, "resp": {"exception": "None", "resp": "None"}}}, {"_id": "2021:10:12:12:14:00.771811", "Trace Message Type": "GenericMethodTraceMsg", "Trace Message": {"req": {"backend_type": "DirectFtdiDevice", "backend_instance_id": 1, "method_name": "write", "args": {"data": {"network_address": "@1", "99": "99", "crc": "7B13", "sequence_no": "57", "command_name": "CURR", "flags": {}, "args": {"axis": "0"}, "command": ""}}}, "resp": {"exception": "None", "resp": "None"}}}, {"_id": "2021:10:12:12:14:00.806831", "Trace Message Type": "GenericMethodTraceMsg", "Trace Message": {"req": {"backend_type": "DirectFtdiDevice", "backend_instance_id": 1, "method_name": "set_timeouts", "args": {"read_timeout": "500"}}, "resp": {"exception": "None", "resp": "None"}}}, {"_id": "2021:10:12:12:14:00.839945", "Trace Message Type": "GenericMethodTraceMsg", "Trace Message": {"req": {"backend_type": "DirectFtdiDevice", "backend_instance_id": 1, "method_name": "get_input_size", "args": {}}, "resp": {"exception": "None", "resp": "0"}}}, {"_id": "2021:10:12:12:14:00.870858", "Trace Message Type": "GenericMethodTraceMsg", "Trace Message": {"req": {"backend_type": "DirectFtdiDevice", "backend_instance_id": 1, "method_name": "set_timeouts", "args": {"read_timeout": "500"}}, "resp": {"exception": "None", "resp": "None"}}}, {"_id": "2021:10:12:12:14:00.900966", "Trace Message Type": "GenericMethodTraceMsg", "Trace Message": {"req": {"backend_type": "DirectFtdiDevice", "backend_instance_id": 1, "method_name": "read", "args": {"num_bytes": "1", "raw": "True"}}, "resp": {"exception": "None", "resp": "b'\\x80\\x03C\\x01-q\\x00.'"}}}, {"_id": "2021:10:12:12:14:00.936878", "Trace Message Type": "GenericMethodTraceMsg", "Trace Message": {"req": {"backend_type": "DirectFtdiDevice", "backend_instance_id": 1, "method_name": "set_timeouts", "args": {"read_timeout": "500"}}, "resp": {"exception": "None", "resp": "None"}}}, {"_id": "2021:10:12:12:14:00.967876", "Trace Message Type": "GenericMethodTraceMsg", "Trace Message": {"req": {"backend_type": "DirectFtdiDevice", "backend_instance_id": 1, "method_name": "get_input_size", "args": {}}, "resp": {"exception": "None", "resp": "11"}}}, {"_id": "2021:10:12:12:14:01.002782", "Trace Message Type": "GenericMethodTraceMsg", "Trace Message": {"req": {"backend_type": "DirectFtdiDevice", "backend_instance_id": 1, "method_name": "set_timeouts", "args": {"read_timeout": "500"}}, "resp": {"exception": "None", "resp": "None"}}}, {"_id": "2021:10:12:12:14:01.034697", "Trace Message Type": "GenericMethodTraceMsg", "Trace Message": {"req": {"backend_type": "DirectFtdiDevice", "backend_instance_id": 1, "method_name": "read", "args": {"num_bytes": "11", "raw": "True"}}, "resp": {"exception": "None", "resp": "b'\\x80\\x03C\\x0b113 \\r545D\\r\\nq\\x00.'"}}}, {"_id": "2021:10:12:12:14:01.067613", "Trace Message Type": "GenericMethodTraceMsg", "Trace Message": {"req": {"backend_type": "DirectFtdiDevice", "backend_instance_id": 1, "method_name": "set_timeouts", "args": {"read_timeout": "500"}}, "resp": {"exception": "None", "resp": "None"}}}, {"_id": "2021:10:12:12:14:01.076585", "Trace Message Type": "InitializeTraceMsg", "Trace Message": {"req": {"backend_type": "DirectFtdiDevice", "backend_instance_id": 2, "args": {"ftdi": "None"}, "stacktrace": "[<FrameSummary file C:/Users/User/PycharmProjects/automated_solubility_h1/n9/experiments/main_solubility_duplicate.py, line 22 in <module>>, <FrameSummary file <frozen importlib._bootstrap>, line 1023 in _handle_fromlist>, <FrameSummary file <frozen importlib._bootstrap>, line 219 in _call_with_frames_removed>, <FrameSummary file <frozen importlib._bootstrap>, line 971 in _find_and_load>, <FrameSummary file <frozen importlib._bootstrap>, line 955 in _find_and_load_unlocked>, <FrameSummary file <frozen importlib._bootstrap>, line 665 in _load_unlocked>, <FrameSummary file <frozen importlib._bootstrap_external>, line 678 in exec_module>, <FrameSummary file <frozen importlib._bootstrap>, line 219 in _call_with_frames_removed>, <FrameSummary file C:\\Users\\User\\PycharmProjects\\automated_solubility_h1\\n9\\configuration\\deck.py, line 96 in <module>>, <FrameSummary file C:\\Users\\User\\PycharmProjects\\automated_solubility_h1\\venv\\lib\\site-packages\\ftdi_serial.py, line 418 in __init__>, <FrameSummary file C:\\Users\\User\\PycharmProjects\\automated_solubility_h1\\venv\\lib\\site-packages\\ftdi_serial.py, line 441 in connect>, <FrameSummary file C:\\Users\\User\\PycharmProjects\\automated_solubility_h1\\venv\\lib\\site-packages\\ftdi_serial.py, line 428 in open_device>, <FrameSummary file C:\\Users\\User\\PycharmProjects\\automated_solubility_h1\\venv\\lib\\site-packages\\niraapad\\backends.py, line 162 in __init__>, <FrameSummary file C:\\Users\\User\\PycharmProjects\\automated_solubility_h1\\venv\\lib\\site-packages\\niraapad\\lab_computer\\niraapad_client.py, line 399 in initialize>]"}, "resp": {"exception": "None"}}}, {"_id": "2021:10:12:12:14:01.381782", "Trace Message Type": "GenericMethodTraceMsg", "Trace Message": {"req": {"backend_type": "DirectFtdiDevice", "backend_instance_id": 2, "method_name": "reset", "args": {}}, "resp": {"exception": "None", "resp": "None"}}}, {"_id": "2021:10:12:12:14:01.419673", "Trace Message Type": "GenericMethodTraceMsg", "Trace Message": {"req": {"backend_type": "DirectFtdiDevice", "backend_instance_id": 2, "method_name": "set_baud_rate", "args": {"baudrate": "9600"}}, "resp": {"exception": "None", "resp": "None"}}}, {"_id": "2021:10:12:12:14:01.461557", "Trace Message Type": "GenericMethodTraceMsg", "Trace Message": {"req": {"backend_type": "DirectFtdiDevice", "backend_instance_id": 2, "method_name": "set_parameters", "args": {"data_bits": "0"}}, "resp": {"exception": "None", "resp": "None"}}}, {"_id": "2021:10:12:12:14:01.495634", "Trace Message Type": "GenericMethodTraceMsg", "Trace Message": {"req": {"backend_type": "DirectFtdiDevice", "backend_instance_id": 2, "method_name": "set_timeouts", "args": {"read_timeout": "5000"}}, "resp": {"exception": "None", "resp": "None"}}}, {"_id": "2021:10:12:12:14:01.503612", "Trace Message Type": "InitializeTraceMsg", "Trace Message": {"req": {"backend_type": "DirectPySerialDevice", "backend_instance_id": 3, "args": {"serial": "COM9"}, "stacktrace": "[<FrameSummary file C:/Users/User/PycharmProjects/automated_solubility_h1/n9/experiments/main_solubility_duplicate.py, line 22 in <module>>, <FrameSummary file <frozen importlib._bootstrap>, line 1023 in _handle_fromlist>, <FrameSummary file <frozen importlib._bootstrap>, line 219 in _call_with_frames_removed>, <FrameSummary file <frozen importlib._bootstrap>, line 971 in _find_and_load>, <FrameSummary file <frozen importlib._bootstrap>, line 955 in _find_and_load_unlocked>, <FrameSummary file <frozen importlib._bootstrap>, line 665 in _load_unlocked>, <FrameSummary file <frozen importlib._bootstrap_external>, line 678 in exec_module>, <FrameSummary file <frozen importlib._bootstrap>, line 219 in _call_with_frames_removed>, <FrameSummary file C:\\Users\\User\\PycharmProjects\\automated_solubility_h1\\n9\\configuration\\deck.py, line 112 in <module>>, <FrameSummary file C:\\Users\\User\\PycharmProjects\\automated_solubility_h1\\venv\\lib\\site-packages\\ika\\magnetic_stirrer.py, line 152 in __init__>, <FrameSummary file C:\\Users\\User\\PycharmProjects\\automated_solubility_h1\\venv\\lib\\site-packages\\ika\\magnetic_stirrer.py, line 452 in connect>, <FrameSummary file C:\\Users\\User\\PycharmProjects\\automated_solubility_h1\\venv\\lib\\site-packages\\ftdi_serial.py, line 418 in __init__>, <FrameSummary file C:\\Users\\User\\PycharmProjects\\automated_solubility_h1\\venv\\lib\\site-packages\\ftdi_serial.py, line 441 in connect>, <FrameSummary file C:\\Users\\User\\PycharmProjects\\automated_solubility_h1\\venv\\lib\\site-packages\\ftdi_serial.py, line 426 in open_device>, <FrameSummary file C:\\Users\\User\\PycharmProjects\\automated_solubility_h1\\venv\\lib\\site-packages\\niraapad\\backends.py, line 224 in __init__>, <FrameSummary file C:\\Users\\User\\PycharmProjects\\automated_solubility_h1\\venv\\lib\\site-packages\\niraapad\\lab_computer\\niraapad_client.py, line 399 in initialize>]"}, "resp": {"exception": "None"}}}, {"_id": "2021:10:12:12:14:01.540579", "Trace Message Type": "GenericMethodTraceMsg", "Trace Message": {"req": {"backend_type": "DirectPySerialDevice", "backend_instance_id": 3, "method_name": "reset", "args": {}}, "resp": {"exception": "None", "resp": "None"}}}, {"_id": "2021:10:12:12:14:01.582525", "Trace Message Type": "GenericMethodTraceMsg", "Trace Message": {"req": {"backend_type": "DirectPySerialDevice", "backend_instance_id": 3, "method_name": "set_baud_rate", "args": {"baudrate": "9600"}}, "resp": {"exception": "None", "resp": "None"}}}, {"_id": "2021:10:12:12:14:01.622664", "Trace Message Type": "GenericMethodTraceMsg", "Trace Message": {"req": {"backend_type": "DirectPySerialDevice", "backend_instance_id": 3, "method_name": "set_parameters", "args": {"data_bits": "2"}}, "resp": {"exception": "None", "resp": "None"}}}, {"_id": "2021:10:12:12:14:01.668734", "Trace Message Type": "GenericMethodTraceMsg", "Trace Message": {"req": {"backend_type": "DirectPySerialDevice", "backend_instance_id": 3, "method_name": "set_timeouts", "args": {"read_timeout": "5000"}}, "resp": {"exception": "None", "resp": "None"}}}, {"_id": "2021:10:12:12:14:01.703647", "Trace Message Type": "GenericMethodTraceMsg", "Trace Message": {"req": {"backend_type": "DirectPySerialDevice", "backend_instance_id": 3, "method_name": "write", "args": {"data": {"command_name": "IN_NAME", "value": null}}}, "resp": {"exception": "None", "resp": "None"}}}, {"_id": "2021:10:12:12:14:01.739544", "Trace Message Type": "GenericMethodTraceMsg", "Trace Message": {"req": {"backend_type": "DirectPySerialDevice", "backend_instance_id": 3, "method_name": "get_input_size", "args": {}}, "resp": {"exception": "None", "resp": "13"}}}, {"_id": "2021:10:12:12:14:01.784425", "Trace Message Type": "GenericMethodTraceMsg", "Trace Message": {"req": {"backend_type": "DirectPySerialDevice", "backend_instance_id": 3, "method_name": "read", "args": {"num_bytes": "13", "raw": "True"}}, "resp": {"exception": "None", "resp": {"device_name": "RCT"}}}}, {"_id": "2021:10:12:12:14:01.828702", "Trace Message Type": "GenericMethodTraceMsg", "Trace Message": {"req": {"backend_type": "DirectPySerialDevice", "backend_instance_id": 3, "method_name": "write", "args": {"data": {"command_name": "IN_PV_1", "value": null}}}, "resp": {"exception": "None", "resp": "None"}}}, {"_id": "2021:10:12:12:14:01.870394", "Trace Message Type": "GenericMethodTraceMsg", "Trace Message": {"req": {"backend_type": "DirectPySerialDevice", "backend_instance_id": 3, "method_name": "get_input_size", "args": {}}, "resp": {"exception": "None", "resp": "8"}}}, {"_id": "2021:10:12:12:14:01.919911", "Trace Message Type": "GenericMethodTraceMsg", "Trace Message": {"req": {"backend_type": "DirectPySerialDevice", "backend_instance_id": 3, "method_name": "read", "args": {"num_bytes": "8", "raw": "True"}}, "resp": {"exception": "None", "resp": {"external_sensor_value": "23.2"}}}}, {"_id": "2021:10:12:12:14:01.960188", "Trace Message Type": "GenericMethodTraceMsg", "Trace Message": {"req": {"backend_type": "DirectPySerialDevice", "backend_instance_id": 3, "method_name": "write", "args": {"data": {"command_name": "IN_PV_2", "value": null}}}, "resp": {"exception": "None", "resp": "None"}}}, {"_id": "2021:10:12:12:14:01.998361", "Trace Message Type": "GenericMethodTraceMsg", "Trace Message": {"req": {"backend_type": "DirectPySerialDevice", "backend_instance_id": 3, "method_name": "get_input_size", "args": {}}, "resp": {"exception": "None", "resp": "8"}}}, {"_id": "2021:10:12:12:14:02.036776", "Trace Message Type": "GenericMethodTraceMsg", "Trace Message": {"req": {"backend_type": "DirectPySerialDevice", "backend_instance_id": 3, "method_name": "read", "args": {"num_bytes": "8", "raw": "True"}}, "resp": {"exception": "None", "resp": {"hotplate_sensor_value": "25.0"}}}}, {"_id": "2021:10:12:12:14:02.077500", "Trace Message Type": "GenericMethodTraceMsg", "Trace Message": {"req": {"backend_type": "DirectPySerialDevice", "backend_instance_id": 3, "method_name": "write", "args": {"data": {"command_name": "IN_SP_1", "value": null}}}, "resp": {"exception": "None", "resp": "None"}}}, {"_id": "2021:10:12:12:14:02.115403", "Trace Message Type": "GenericMethodTraceMsg", "Trace Message": {"req": {"backend_type": "DirectPySerialDevice", "backend_instance_id": 3, "method_name": "get_input_size", "args": {}}, "resp": {"exception": "None", "resp": "8"}}}, {"_id": "2021:10:12:12:14:02.157227", "Trace Message Type": "GenericMethodTraceMsg", "Trace Message": {"req": {"backend_type": "DirectPySerialDevice", "backend_instance_id": 3, "method_name": "read", "args": {"num_bytes": "8", "raw": "True"}}, "resp": {"exception": "None", "resp": {"rated_temperature_value": "22.0"}}}}, {"_id": "2021:10:12:12:14:02.196120", "Trace Message Type": "GenericMethodTraceMsg", "Trace Message": {"req": {"backend_type": "DirectPySerialDevice", "backend_instance_id": 3, "method_name": "write", "args": {"data": {"command_name": "IN_PV_4", "value": null}}}, "resp": {"exception": "None", "resp": "None"}}}, {"_id": "2021:10:12:12:14:02.235019", "Trace Message Type": "GenericMethodTraceMsg", "Trace Message": {"req": {"backend_type": "DirectPySerialDevice", "backend_instance_id": 3, "method_name": "get_input_size", "args": {}}, "resp": {"exception": "None", "resp": "7"}}}, {"_id": "2021:10:12:12:14:02.267715", "Trace Message Type": "GenericMethodTraceMsg", "Trace Message": {"req": {"backend_type": "DirectPySerialDevice", "backend_instance_id": 3, "method_name": "read", "args": {"num_bytes": "7", "raw": "True"}}, "resp": {"exception": "None", "resp": {"stirring_speed_value": "0.0"}}}}, {"_id": "2021:10:12:12:14:02.308660", "Trace Message Type": "GenericMethodTraceMsg", "Trace Message": {"req": {"backend_type": "DirectPySerialDevice", "backend_instance_id": 3, "method_name": "write", "args": {"data": {"command_name": "IN_SP_4", "value": null}}}, "resp": {"exception": "None", "resp": "None"}}}, {"_id": "2021:10:12:12:14:02.347550", "Trace Message Type": "GenericMethodTraceMsg", "Trace Message": {"req": {"backend_type": "DirectPySerialDevice", "backend_instance_id": 3, "method_name": "get_input_size", "args": {}}, "resp": {"exception": "None", "resp": "9"}}}, {"_id": "2021:10:12:12:14:02.387439", "Trace Message Type": "GenericMethodTraceMsg", "Trace Message": {"req": {"backend_type": "DirectPySerialDevice", "backend_instance_id": 3, "method_name": "read", "args": {"num_bytes": "9", "raw": "True"}}, "resp": {"exception": "None", "resp": {"speed_value": "400.0"}}}}, {"_id": "2021:10:12:12:14:02.435316", "Trace Message Type": "GenericMethodTraceMsg", "Trace Message": {"req": {"backend_type": "DirectPySerialDevice", "backend_instance_id": 3, "method_name": "write", "args": {"data": {"command_name": "STOP_4", "value": null}}}, "resp": {"exception": "None", "resp": "None"}}}, {"_id": "2021:10:12:12:14:02.488179", "Trace Message Type": "GenericMethodTraceMsg", "Trace Message": {"req": {"backend_type": "DirectPySerialDevice", "backend_instance_id": 3, "method_name": "write", "args": {"data": {"command_name": "STOP_1", "value": null}}}, "resp": {"exception": "None", "resp": "None"}}}, {"_id": "2021:10:12:12:15:42.872187", "Trace Message Type": "StopServerTraceMsg", "Trace Message": {}}]}