{"Traces": [{"_id": "2021:10:20:13:35:55.755397", "Trace Message Type": "StartServerTraceMsg", "Trace Message": {}}, {"_id": "2021:10:20:13:36:10.696803", "Trace Message Type": "DeleteConnectionTraceMsg", "Trace Message": {"req": {}, "resp": {"exception": "None"}}}, {"_id": "2021:10:20:13:36:10.701790", "Trace Message Type": "InitializeConnectionTraceMsg", "Trace Message": {"req": {}, "resp": {"exception": "None"}}}, {"_id": "2021:10:20:13:36:12.496883", "Trace Message Type": "InitializeTraceMsg", "Trace Message": {"req": {"backend_type": "DirectFtdiDevice", "backend_instance_id": 1, "args": {"ftdi": "None"}, "stacktrace": "[<FrameSummary file C:/Users/User/PycharmProjects/automated_solubility_h1/n9/tests/random_tests.py, line 15 in <module>>, <FrameSummary file <frozen importlib._bootstrap>, line 971 in _find_and_load>, <FrameSummary file <frozen importlib._bootstrap>, line 955 in _find_and_load_unlocked>, <FrameSummary file <frozen importlib._bootstrap>, line 665 in _load_unlocked>, <FrameSummary file <frozen importlib._bootstrap_external>, line 678 in exec_module>, <FrameSummary file <frozen importlib._bootstrap>, line 219 in _call_with_frames_removed>, <FrameSummary file C:\\Users\\User\\PycharmProjects\\automated_solubility_h1\\n9\\experiments\\capping_uncapping.py, line 3 in <module>>, <FrameSummary file <frozen importlib._bootstrap>, line 1023 in _handle_fromlist>, <FrameSummary file <frozen importlib._bootstrap>, line 219 in _call_with_frames_removed>, <FrameSummary file <frozen importlib._bootstrap>, line 971 in _find_and_load>, <FrameSummary file <frozen importlib._bootstrap>, line 955 in _find_and_load_unlocked>, <FrameSummary file <frozen importlib._bootstrap>, line 665 in _load_unlocked>, <FrameSummary file <frozen importlib._bootstrap_external>, line 678 in exec_module>, <FrameSummary file <frozen importlib._bootstrap>, line 219 in _call_with_frames_removed>, <FrameSummary file C:\\Users\\User\\PycharmProjects\\automated_solubility_h1\\n9\\configuration\\deck.py, line 65 in <module>>, <FrameSummary file C:\\Users\\User\\PycharmProjects\\automated_solubility_h1\\venv\\lib\\site-packages\\north_c9\\controller.py, line 208 in __init__>, <FrameSummary file C:\\Users\\User\\PycharmProjects\\automated_solubility_h1\\venv\\lib\\site-packages\\ftdi_serial.py, line 418 in __init__>, <FrameSummary file C:\\Users\\User\\PycharmProjects\\automated_solubility_h1\\venv\\lib\\site-packages\\ftdi_serial.py, line 441 in connect>, <FrameSummary file C:\\Users\\User\\PycharmProjects\\automated_solubility_h1\\venv\\lib\\site-packages\\ftdi_serial.py, line 428 in open_device>, <FrameSummary file C:\\Users\\User\\PycharmProjects\\automated_solubility_h1\\venv\\lib\\site-packages\\niraapad\\backends.py, line 162 in __init__>, <FrameSummary file C:\\Users\\User\\PycharmProjects\\automated_solubility_h1\\venv\\lib\\site-packages\\niraapad\\lab_computer\\niraapad_client.py, line 558 in initialize>]", "id": 1}, "resp": {"exception": "None"}, "profile": {"mo": 3, "exec_time_sec": 0.0310737993568182}}}, {"_id": "2021:10:20:13:36:13.107047", "Trace Message Type": "GenericMethodTraceMsg", "Trace Message": {"req": {"backend_type": "DirectFtdiDevice", "backend_instance_id": 1, "method_name": "reset", "args": {}, "id": 2, "time_profile": {"id": 1, "arrival_time": "2021:10:20:13:36:11.513789", "departure_time": "2021:10:20:13:36:11.554762"}}, "resp": {"exception": "None", "resp": "None"}, "profile": {"mo": 3, "exec_time_sec": 0.2743028998374939}}}, {"_id": "2021:10:20:13:36:13.164896", "Trace Message Type": "GenericMethodTraceMsg", "Trace Message": {"req": {"backend_type": "DirectFtdiDevice", "backend_instance_id": 1, "method_name": "set_baud_rate", "args": {"baudrate": "115200"}, "id": 3, "time_profile": {"id": 2, "arrival_time": "2021:10:20:13:36:11.554762", "departure_time": "2021:10:20:13:36:12.164387"}}, "resp": {"exception": "None", "resp": "None"}, "profile": {"mo": 3, "exec_time_sec": 0.00016799999866634607}}}, {"_id": "2021:10:20:13:36:13.217855", "Trace Message Type": "GenericMethodTraceMsg", "Trace Message": {"req": {"backend_type": "DirectFtdiDevice", "backend_instance_id": 1, "method_name": "set_parameters", "args": {"data_bits": "0"}, "id": 4, "time_profile": {"id": 3, "arrival_time": "2021:10:20:13:36:12.164387", "departure_time": "2021:10:20:13:36:12.221354"}}, "resp": {"exception": "None", "resp": "None"}, "profile": {"mo": 3, "exec_time_sec": 0.00010420000035082921}}}, {"_id": "2021:10:20:13:36:13.279689", "Trace Message Type": "GenericMethodTraceMsg", "Trace Message": {"req": {"backend_type": "DirectFtdiDevice", "backend_instance_id": 1, "method_name": "set_timeouts", "args": {"read_timeout": "500"}, "id": 5, "time_profile": {"id": 4, "arrival_time": "2021:10:20:13:36:12.221354", "departure_time": "2021:10:20:13:36:12.273321"}}, "resp": {"exception": "None", "resp": "None"}, "profile": {"mo": 3, "exec_time_sec": 1.739999970595818e-05}}}, {"_id": "2021:10:20:13:36:13.340529", "Trace Message Type": "GenericMethodTraceMsg", "Trace Message": {"req": {"backend_type": "DirectFtdiDevice", "backend_instance_id": 1, "method_name": "set_timeouts", "args": {"read_timeout": "500"}, "id": 6, "time_profile": {"id": 5, "arrival_time": "2021:10:20:13:36:12.273321", "departure_time": "2021:10:20:13:36:12.336282"}}, "resp": {"exception": "None", "resp": "None"}, "profile": {"mo": 3, "exec_time_sec": 1.6399999367422424e-05}}}, {"_id": "2021:10:20:13:36:13.399374", "Trace Message Type": "GenericMethodTraceMsg", "Trace Message": {"req": {"backend_type": "DirectFtdiDevice", "backend_instance_id": 1, "method_name": "write", "args": {"data": {"network_address": "@1", "99": "99", "crc": "2807", "sequence_no": "77", "command_name": "PING", "flags": {}, "args": {}, "command": ""}}, "id": 7, "time_profile": {"id": 6, "arrival_time": "2021:10:20:13:36:12.337282", "departure_time": "2021:10:20:13:36:12.396246"}}, "resp": {"exception": "None", "resp": "None"}, "profile": {"mo": 3, "exec_time_sec": 0.0003000000142492354}}}, {"_id": "2021:10:20:13:36:13.453264", "Trace Message Type": "GenericMethodTraceMsg", "Trace Message": {"req": {"backend_type": "DirectFtdiDevice", "backend_instance_id": 1, "method_name": "set_timeouts", "args": {"read_timeout": "500"}, "id": 8, "time_profile": {"id": 7, "arrival_time": "2021:10:20:13:36:12.396246", "departure_time": "2021:10:20:13:36:12.456209"}}, "resp": {"exception": "None", "resp": "None"}, "profile": {"mo": 3, "exec_time_sec": 6.22000006842427e-05}}}, {"_id": "2021:10:20:13:36:13.519089", "Trace Message Type": "GenericMethodTraceMsg", "Trace Message": {"req": {"backend_type": "DirectFtdiDevice", "backend_instance_id": 1, "method_name": "get_input_size", "args": {}, "id": 9, "time_profile": {"id": 8, "arrival_time": "2021:10:20:13:36:12.456209", "departure_time": "2021:10:20:13:36:12.510178"}}, "resp": {"exception": "None", "resp": "8"}, "profile": {"mo": 3, "exec_time_sec": 7.01000026310794e-05}}}, {"_id": "2021:10:20:13:36:13.587872", "Trace Message Type": "GenericMethodTraceMsg", "Trace Message": {"req": {"backend_type": "DirectFtdiDevice", "backend_instance_id": 1, "method_name": "set_timeouts", "args": {"read_timeout": "500"}, "id": 10, "time_profile": {"id": 9, "arrival_time": "2021:10:20:13:36:12.510178", "departure_time": "2021:10:20:13:36:12.575136"}}, "resp": {"exception": "None", "resp": "None"}, "profile": {"mo": 3, "exec_time_sec": 5.980000059935264e-05}}}, {"_id": "2021:10:20:13:36:13.643722", "Trace Message Type": "GenericMethodTraceMsg", "Trace Message": {"req": {"backend_type": "DirectFtdiDevice", "backend_instance_id": 1, "method_name": "read", "args": {"num_bytes": "8", "raw": "True"}, "id": 11, "time_profile": {"id": 10, "arrival_time": "2021:10:20:13:36:12.575136", "departure_time": "2021:10:20:13:36:12.645092"}}, "resp": {"exception": "None", "resp": "b'\\x80\\x03C\\x08\\x00\\r857E\\r\\nq\\x00.'"}, "profile": {"mo": 3, "exec_time_sec": 0.00019979999342467636}}}, {"_id": "2021:10:20:13:36:13.703718", "Trace Message Type": "GenericMethodTraceMsg", "Trace Message": {"req": {"backend_type": "DirectFtdiDevice", "backend_instance_id": 1, "method_name": "set_timeouts", "args": {"read_timeout": "500"}, "id": 12, "time_profile": {"id": 11, "arrival_time": "2021:10:20:13:36:12.645092", "departure_time": "2021:10:20:13:36:12.701058"}}, "resp": {"exception": "None", "resp": "None"}, "profile": {"mo": 3, "exec_time_sec": 3.640000068116933e-05}}}, {"_id": "2021:10:20:13:36:13.845342", "Trace Message Type": "GenericMethodTraceMsg", "Trace Message": {"req": {"backend_type": "DirectFtdiDevice", "backend_instance_id": 1, "method_name": "set_timeouts", "args": {"read_timeout": "500"}, "id": 13, "time_profile": {"id": 12, "arrival_time": "2021:10:20:13:36:12.701058", "departure_time": "2021:10:20:13:36:12.760022"}}, "resp": {"exception": "None", "resp": "None"}, "profile": {"mo": 3, "exec_time_sec": 6.08000009378884e-05}}}, {"_id": "2021:10:20:13:36:13.906474", "Trace Message Type": "GenericMethodTraceMsg", "Trace Message": {"req": {"backend_type": "DirectFtdiDevice", "backend_instance_id": 1, "method_name": "write", "args": {"data": {"network_address": "@1", "99": "99", "crc": "1740", "sequence_no": "27", "command_name": "BIAS", "flags": {}, "args": {}, "command": ""}}, "id": 14, "time_profile": {"id": 13, "arrival_time": "2021:10:20:13:36:12.821985", "departure_time": "2021:10:20:13:36:12.902935"}}, "resp": {"exception": "None", "resp": "None"}, "profile": {"mo": 3, "exec_time_sec": 0.00028780000866390765}}}, {"_id": "2021:10:20:13:36:13.970441", "Trace Message Type": "GenericMethodTraceMsg", "Trace Message": {"req": {"backend_type": "DirectFtdiDevice", "backend_instance_id": 1, "method_name": "set_timeouts", "args": {"read_timeout": "500"}, "id": 15, "time_profile": {"id": 14, "arrival_time": "2021:10:20:13:36:12.902935", "departure_time": "2021:10:20:13:36:12.963898"}}, "resp": {"exception": "None", "resp": "None"}, "profile": {"mo": 3, "exec_time_sec": 6.0900001699337736e-05}}}, {"_id": "2021:10:20:13:36:14.034324", "Trace Message Type": "GenericMethodTraceMsg", "Trace Message": {"req": {"backend_type": "DirectFtdiDevice", "backend_instance_id": 1, "method_name": "get_input_size", "args": {}, "id": 16, "time_profile": {"id": 15, "arrival_time": "2021:10:20:13:36:12.963898", "departure_time": "2021:10:20:13:36:13.027859"}}, "resp": {"exception": "None", "resp": "9"}, "profile": {"mo": 3, "exec_time_sec": 7.429999823216349e-05}}}, {"_id": "2021:10:20:13:36:14.098327", "Trace Message Type": "GenericMethodTraceMsg", "Trace Message": {"req": {"backend_type": "DirectFtdiDevice", "backend_instance_id": 1, "method_name": "set_timeouts", "args": {"read_timeout": "500"}, "id": 17, "time_profile": {"id": 16, "arrival_time": "2021:10:20:13:36:13.027859", "departure_time": "2021:10:20:13:36:13.091817"}}, "resp": {"exception": "None", "resp": "None"}, "profile": {"mo": 3, "exec_time_sec": 6.049999865354039e-05}}}, {"_id": "2021:10:20:13:36:14.157140", "Trace Message Type": "GenericMethodTraceMsg", "Trace Message": {"req": {"backend_type": "DirectFtdiDevice", "backend_instance_id": 1, "method_name": "read", "args": {"num_bytes": "9", "raw": "True"}, "id": 18, "time_profile": {"id": 17, "arrival_time": "2021:10:20:13:36:13.091817", "departure_time": "2021:10:20:13:36:13.155781"}}, "resp": {"exception": "None", "resp": "b'\\x80\\x03C\\t0 \\rCAA9\\r\\nq\\x00.'"}, "profile": {"mo": 3, "exec_time_sec": 0.00019120000069960952}}}, {"_id": "2021:10:20:13:36:14.223019", "Trace Message Type": "GenericMethodTraceMsg", "Trace Message": {"req": {"backend_type": "DirectFtdiDevice", "backend_instance_id": 1, "method_name": "set_timeouts", "args": {"read_timeout": "500"}, "id": 19, "time_profile": {"id": 18, "arrival_time": "2021:10:20:13:36:13.155781", "departure_time": "2021:10:20:13:36:13.214744"}}, "resp": {"exception": "None", "resp": "None"}, "profile": {"mo": 3, "exec_time_sec": 6.209999992279336e-05}}}, {"_id": "2021:10:20:13:36:14.295022", "Trace Message Type": "GenericMethodTraceMsg", "Trace Message": {"req": {"backend_type": "DirectFtdiDevice", "backend_instance_id": 1, "method_name": "set_timeouts", "args": {"read_timeout": "500"}, "id": 20, "time_profile": {"id": 19, "arrival_time": "2021:10:20:13:36:13.214744", "departure_time": "2021:10:20:13:36:13.279702"}}, "resp": {"exception": "None", "resp": "None"}, "profile": {"mo": 3, "exec_time_sec": 6.0599999414989725e-05}}}, {"_id": "2021:10:20:13:36:14.352919", "Trace Message Type": "GenericMethodTraceMsg", "Trace Message": {"req": {"backend_type": "DirectFtdiDevice", "backend_instance_id": 1, "method_name": "write", "args": {"data": {"network_address": "@1", "99": "99", "crc": "B2AF", "sequence_no": "79", "command_name": "SPED", "flags": {}, "args": {"velocity": "20000", "acceleration": "20000"}, "command": ""}}, "id": 21, "time_profile": {"id": 20, "arrival_time": "2021:10:20:13:36:13.296692", "departure_time": "2021:10:20:13:36:13.352660"}}, "resp": {"exception": "None", "resp": "None"}, "profile": {"mo": 3, "exec_time_sec": 0.0002848999865818769}}}, {"_id": "2021:10:20:13:36:14.434811", "Trace Message Type": "GenericMethodTraceMsg", "Trace Message": {"req": {"backend_type": "DirectFtdiDevice", "backend_instance_id": 1, "method_name": "set_timeouts", "args": {"read_timeout": "500"}, "id": 22, "time_profile": {"id": 21, "arrival_time": "2021:10:20:13:36:13.352660", "departure_time": "2021:10:20:13:36:13.420618"}}, "resp": {"exception": "None", "resp": "None"}, "profile": {"mo": 3, "exec_time_sec": 1.6600000890321098e-05}}}, {"_id": "2021:10:20:13:36:14.494064", "Trace Message Type": "GenericMethodTraceMsg", "Trace Message": {"req": {"backend_type": "DirectFtdiDevice", "backend_instance_id": 1, "method_name": "get_input_size", "args": {}, "id": 23, "time_profile": {"id": 22, "arrival_time": "2021:10:20:13:36:13.420618", "departure_time": "2021:10:20:13:36:13.492572"}}, "resp": {"exception": "None", "resp": "19"}, "profile": {"mo": 3, "exec_time_sec": 1.990000055229757e-05}}}, {"_id": "2021:10:20:13:36:14.556899", "Trace Message Type": "GenericMethodTraceMsg", "Trace Message": {"req": {"backend_type": "DirectFtdiDevice", "backend_instance_id": 1, "method_name": "set_timeouts", "args": {"read_timeout": "500"}, "id": 24, "time_profile": {"id": 23, "arrival_time": "2021:10:20:13:36:13.492572", "departure_time": "2021:10:20:13:36:13.550538"}}, "resp": {"exception": "None", "resp": "None"}, "profile": {"mo": 3, "exec_time_sec": 1.680000059423037e-05}}}, {"_id": "2021:10:20:13:36:14.613748", "Trace Message Type": "GenericMethodTraceMsg", "Trace Message": {"req": {"backend_type": "DirectFtdiDevice", "backend_instance_id": 1, "method_name": "read", "args": {"num_bytes": "19", "raw": "True"}, "id": 25, "time_profile": {"id": 24, "arrival_time": "2021:10:20:13:36:13.550538", "departure_time": "2021:10:20:13:36:13.613498"}}, "resp": {"exception": "None", "resp": "b'\\x80\\x03C\\x1320000 20000 \\rC22D\\r\\nq\\x00.'"}, "profile": {"mo": 3, "exec_time_sec": 5.1399998483248055e-05}}}, {"_id": "2021:10:20:13:36:14.674666", "Trace Message Type": "GenericMethodTraceMsg", "Trace Message": {"req": {"backend_type": "DirectFtdiDevice", "backend_instance_id": 1, "method_name": "set_timeouts", "args": {"read_timeout": "500"}, "id": 26, "time_profile": {"id": 25, "arrival_time": "2021:10:20:13:36:13.613498", "departure_time": "2021:10:20:13:36:13.670463"}}, "resp": {"exception": "None", "resp": "None"}, "profile": {"mo": 3, "exec_time_sec": 5.999999848427251e-05}}}, {"_id": "2021:10:20:13:36:14.739477", "Trace Message Type": "GenericMethodTraceMsg", "Trace Message": {"req": {"backend_type": "DirectFtdiDevice", "backend_instance_id": 1, "method_name": "set_timeouts", "args": {"read_timeout": "500"}, "id": 27, "time_profile": {"id": 26, "arrival_time": "2021:10:20:13:36:13.670463", "departure_time": "2021:10:20:13:36:13.731427"}}, "resp": {"exception": "None", "resp": "None"}, "profile": {"mo": 3, "exec_time_sec": 6.070000017643906e-05}}}, {"_id": "2021:10:20:13:36:14.807367", "Trace Message Type": "GenericMethodTraceMsg", "Trace Message": {"req": {"backend_type": "DirectFtdiDevice", "backend_instance_id": 1, "method_name": "write", "args": {"data": {"network_address": "@1", "99": "99", "crc": "823F", "sequence_no": "81", "command_name": "BIAS", "flags": {}, "args": {"bias": "0"}, "command": ""}}, "id": 28, "time_profile": {"id": 27, "arrival_time": "2021:10:20:13:36:13.734424", "departure_time": "2021:10:20:13:36:13.796386"}}, "resp": {"exception": "None", "resp": "None"}, "profile": {"mo": 3, "exec_time_sec": 0.00032610000926069915}}}, {"_id": "2021:10:20:13:36:14.864215", "Trace Message Type": "GenericMethodTraceMsg", "Trace Message": {"req": {"backend_type": "DirectFtdiDevice", "backend_instance_id": 1, "method_name": "set_timeouts", "args": {"read_timeout": "500"}, "id": 29, "time_profile": {"id": 28, "arrival_time": "2021:10:20:13:36:13.796386", "departure_time": "2021:10:20:13:36:13.864343"}}, "resp": {"exception": "None", "resp": "None"}, "profile": {"mo": 3, "exec_time_sec": 6.130000110715628e-05}}}, {"_id": "2021:10:20:13:36:14.923334", "Trace Message Type": "GenericMethodTraceMsg", "Trace Message": {"req": {"backend_type": "DirectFtdiDevice", "backend_instance_id": 1, "method_name": "get_input_size", "args": {}, "id": 30, "time_profile": {"id": 29, "arrival_time": "2021:10:20:13:36:13.864343", "departure_time": "2021:10:20:13:36:13.922309"}}, "resp": {"exception": "None", "resp": "9"}, "profile": {"mo": 3, "exec_time_sec": 3.429999924264848e-05}}}, {"_id": "2021:10:20:13:36:14.985305", "Trace Message Type": "GenericMethodTraceMsg", "Trace Message": {"req": {"backend_type": "DirectFtdiDevice", "backend_instance_id": 1, "method_name": "set_timeouts", "args": {"read_timeout": "500"}, "id": 31, "time_profile": {"id": 30, "arrival_time": "2021:10:20:13:36:13.922309", "departure_time": "2021:10:20:13:36:13.980273"}}, "resp": {"exception": "None", "resp": "None"}, "profile": {"mo": 3, "exec_time_sec": 6.030000076862052e-05}}}, {"_id": "2021:10:20:13:36:15.044523", "Trace Message Type": "GenericMethodTraceMsg", "Trace Message": {"req": {"backend_type": "DirectFtdiDevice", "backend_instance_id": 1, "method_name": "read", "args": {"num_bytes": "9", "raw": "True"}, "id": 32, "time_profile": {"id": 31, "arrival_time": "2021:10:20:13:36:13.980273", "departure_time": "2021:10:20:13:36:14.043237"}}, "resp": {"exception": "None", "resp": "b'\\x80\\x03C\\t0 \\rCAA9\\r\\nq\\x00.'"}, "profile": {"mo": 3, "exec_time_sec": 9.200000204145908e-05}}}, {"_id": "2021:10:20:13:36:15.106408", "Trace Message Type": "GenericMethodTraceMsg", "Trace Message": {"req": {"backend_type": "DirectFtdiDevice", "backend_instance_id": 1, "method_name": "set_timeouts", "args": {"read_timeout": "500"}, "id": 33, "time_profile": {"id": 32, "arrival_time": "2021:10:20:13:36:14.043237", "departure_time": "2021:10:20:13:36:14.102198"}}, "resp": {"exception": "None", "resp": "None"}, "profile": {"mo": 3, "exec_time_sec": 5.9699999837903306e-05}}}, {"_id": "2021:10:20:13:36:15.174723", "Trace Message Type": "GenericMethodTraceMsg", "Trace Message": {"req": {"backend_type": "DirectFtdiDevice", "backend_instance_id": 1, "method_name": "set_timeouts", "args": {"read_timeout": "500"}, "id": 34, "time_profile": {"id": 33, "arrival_time": "2021:10:20:13:36:14.102198", "departure_time": "2021:10:20:13:36:14.163161"}}, "resp": {"exception": "None", "resp": "None"}, "profile": {"mo": 3, "exec_time_sec": 5.729999975301325e-05}}}, {"_id": "2021:10:20:13:36:15.237596", "Trace Message Type": "GenericMethodTraceMsg", "Trace Message": {"req": {"backend_type": "DirectFtdiDevice", "backend_instance_id": 1, "method_name": "write", "args": {"data": {"network_address": "@1", "99": "99", "crc": "0A82", "sequence_no": "83", "command_name": "HOME", "flags": {"if_needed": "1"}, "args": {}, "command": ""}}, "id": 35, "time_profile": {"id": 34, "arrival_time": "2021:10:20:13:36:14.166160", "departure_time": "2021:10:20:13:36:14.231117"}}, "resp": {"exception": "None", "resp": "None"}, "profile": {"mo": 3, "exec_time_sec": 0.00025010001263581216}}}, {"_id": "2021:10:20:13:36:15.299457", "Trace Message Type": "GenericMethodTraceMsg", "Trace Message": {"req": {"backend_type": "DirectFtdiDevice", "backend_instance_id": 1, "method_name": "set_timeouts", "args": {"read_timeout": "500"}, "id": 36, "time_profile": {"id": 35, "arrival_time": "2021:10:20:13:36:14.232117", "departure_time": "2021:10:20:13:36:14.295080"}}, "resp": {"exception": "None", "resp": "None"}, "profile": {"mo": 3, "exec_time_sec": 3.0800001695752144e-05}}}, {"_id": "2021:10:20:13:36:15.365331", "Trace Message Type": "GenericMethodTraceMsg", "Trace Message": {"req": {"backend_type": "DirectFtdiDevice", "backend_instance_id": 1, "method_name": "get_input_size", "args": {}, "id": 37, "time_profile": {"id": 36, "arrival_time": "2021:10:20:13:36:14.295080", "departure_time": "2021:10:20:13:36:14.355043"}}, "resp": {"exception": "None", "resp": "28"}, "profile": {"mo": 3, "exec_time_sec": 3.7599998904624954e-05}}}, {"_id": "2021:10:20:13:36:15.423198", "Trace Message Type": "GenericMethodTraceMsg", "Trace Message": {"req": {"backend_type": "DirectFtdiDevice", "backend_instance_id": 1, "method_name": "set_timeouts", "args": {"read_timeout": "500"}, "id": 38, "time_profile": {"id": 37, "arrival_time": "2021:10:20:13:36:14.355043", "departure_time": "2021:10:20:13:36:14.422002"}}, "resp": {"exception": "None", "resp": "None"}, "profile": {"mo": 3, "exec_time_sec": 1.8500000805943273e-05}}}, {"_id": "2021:10:20:13:36:15.491051", "Trace Message Type": "GenericMethodTraceMsg", "Trace Message": {"req": {"backend_type": "DirectFtdiDevice", "backend_instance_id": 1, "method_name": "read", "args": {"num_bytes": "28", "raw": "True"}, "id": 39, "time_profile": {"id": 38, "arrival_time": "2021:10:20:13:36:14.422002", "departure_time": "2021:10:20:13:36:14.479967"}}, "resp": {"exception": "None", "resp": "b'\\x80\\x03C\\x1c2433 10331 40824 522 \\r8ABB\\r\\nq\\x00.'"}, "profile": {"mo": 3, "exec_time_sec": 5.339999916031957e-05}}}, {"_id": "2021:10:20:13:36:15.554875", "Trace Message Type": "GenericMethodTraceMsg", "Trace Message": {"req": {"backend_type": "DirectFtdiDevice", "backend_instance_id": 1, "method_name": "set_timeouts", "args": {"read_timeout": "500"}, "id": 40, "time_profile": {"id": 39, "arrival_time": "2021:10:20:13:36:14.479967", "departure_time": "2021:10:20:13:36:14.547924"}}, "resp": {"exception": "None", "resp": "None"}, "profile": {"mo": 3, "exec_time_sec": 5.4299998737405986e-05}}}, {"_id": "2021:10:20:13:36:15.622870", "Trace Message Type": "GenericMethodTraceMsg", "Trace Message": {"req": {"backend_type": "DirectFtdiDevice", "backend_instance_id": 1, "method_name": "set_timeouts", "args": {"read_timeout": "500"}, "id": 41, "time_profile": {"id": 40, "arrival_time": "2021:10:20:13:36:14.547924", "departure_time": "2021:10:20:13:36:14.611887"}}, "resp": {"exception": "None", "resp": "None"}, "profile": {"mo": 3, "exec_time_sec": 3.730000025825575e-05}}}, {"_id": "2021:10:20:13:36:15.682774", "Trace Message Type": "GenericMethodTraceMsg", "Trace Message": {"req": {"backend_type": "DirectFtdiDevice", "backend_instance_id": 1, "method_name": "write", "args": {"data": {"network_address": "@1", "99": "99", "crc": "E19B", "sequence_no": "85", "command_name": "CURR", "flags": {}, "args": {"axis": "0"}, "command": ""}}, "id": 42, "time_profile": {"id": 41, "arrival_time": "2021:10:20:13:36:14.614884", "departure_time": "2021:10:20:13:36:14.678842"}}, "resp": {"exception": "None", "resp": "None"}, "profile": {"mo": 3, "exec_time_sec": 0.0001779000012902543}}}, {"_id": "2021:10:20:13:36:15.743627", "Trace Message Type": "GenericMethodTraceMsg", "Trace Message": {"req": {"backend_type": "DirectFtdiDevice", "backend_instance_id": 1, "method_name": "set_timeouts", "args": {"read_timeout": "500"}, "id": 43, "time_profile": {"id": 42, "arrival_time": "2021:10:20:13:36:14.678842", "departure_time": "2021:10:20:13:36:14.738807"}}, "resp": {"exception": "None", "resp": "None"}, "profile": {"mo": 3, "exec_time_sec": 5.4299998737405986e-05}}}, {"_id": "2021:10:20:13:36:15.809513", "Trace Message Type": "GenericMethodTraceMsg", "Trace Message": {"req": {"backend_type": "DirectFtdiDevice", "backend_instance_id": 1, "method_name": "get_input_size", "args": {}, "id": 44, "time_profile": {"id": 43, "arrival_time": "2021:10:20:13:36:14.738807", "departure_time": "2021:10:20:13:36:14.800771"}}, "resp": {"exception": "None", "resp": "11"}, "profile": {"mo": 3, "exec_time_sec": 7.100000220816582e-05}}}, {"_id": "2021:10:20:13:36:15.879474", "Trace Message Type": "GenericMethodTraceMsg", "Trace Message": {"req": {"backend_type": "DirectFtdiDevice", "backend_instance_id": 1, "method_name": "set_timeouts", "args": {"read_timeout": "500"}, "id": 45, "time_profile": {"id": 44, "arrival_time": "2021:10:20:13:36:14.800771", "departure_time": "2021:10:20:13:36:14.866728"}}, "resp": {"exception": "None", "resp": "None"}, "profile": {"mo": 3, "exec_time_sec": 4.990000161342323e-05}}}, {"_id": "2021:10:20:13:36:15.935353", "Trace Message Type": "GenericMethodTraceMsg", "Trace Message": {"req": {"backend_type": "DirectFtdiDevice", "backend_instance_id": 1, "method_name": "read", "args": {"num_bytes": "11", "raw": "True"}, "id": 46, "time_profile": {"id": 45, "arrival_time": "2021:10:20:13:36:14.866728", "departure_time": "2021:10:20:13:36:14.935685"}}, "resp": {"exception": "None", "resp": "b'\\x80\\x03C\\x0b325 \\rB7E6\\r\\nq\\x00.'"}, "profile": {"mo": 3, "exec_time_sec": 0.00013250000483822078}}}, {"_id": "2021:10:20:13:36:15.991220", "Trace Message Type": "GenericMethodTraceMsg", "Trace Message": {"req": {"backend_type": "DirectFtdiDevice", "backend_instance_id": 1, "method_name": "set_timeouts", "args": {"read_timeout": "500"}, "id": 47, "time_profile": {"id": 46, "arrival_time": "2021:10:20:13:36:14.935685", "departure_time": "2021:10:20:13:36:14.991652"}}, "resp": {"exception": "None", "resp": "None"}, "profile": {"mo": 3, "exec_time_sec": 2.080000012938399e-05}}}, {"_id": "2021:10:20:13:36:16.052088", "Trace Message Type": "GenericMethodTraceMsg", "Trace Message": {"req": {"backend_type": "DirectFtdiDevice", "backend_instance_id": 1, "method_name": "set_timeouts", "args": {"read_timeout": "500"}, "id": 48, "time_profile": {"id": 47, "arrival_time": "2021:10:20:13:36:14.991652", "departure_time": "2021:10:20:13:36:15.046617"}}, "resp": {"exception": "None", "resp": "None"}, "profile": {"mo": 3, "exec_time_sec": 2.1500000002561137e-05}}}, {"_id": "2021:10:20:13:36:16.124440", "Trace Message Type": "GenericMethodTraceMsg", "Trace Message": {"req": {"backend_type": "DirectFtdiDevice", "backend_instance_id": 1, "method_name": "write", "args": {"data": {"network_address": "@1", "99": "99", "crc": "8182", "sequence_no": "87", "command_name": "CURR", "flags": {}, "args": {"axis": "0"}, "command": ""}}, "id": 49, "time_profile": {"id": 48, "arrival_time": "2021:10:20:13:36:15.050616", "departure_time": "2021:10:20:13:36:15.110577"}}, "resp": {"exception": "None", "resp": "None"}, "profile": {"mo": 3, "exec_time_sec": 0.00014800000644754618}}}, {"_id": "2021:10:20:13:36:16.188321", "Trace Message Type": "GenericMethodTraceMsg", "Trace Message": {"req": {"backend_type": "DirectFtdiDevice", "backend_instance_id": 1, "method_name": "set_timeouts", "args": {"read_timeout": "500"}, "id": 50, "time_profile": {"id": 49, "arrival_time": "2021:10:20:13:36:15.110577", "departure_time": "2021:10:20:13:36:15.183535"}}, "resp": {"exception": "None", "resp": "None"}, "profile": {"mo": 3, "exec_time_sec": 3.0499999411404133e-05}}}, {"_id": "2021:10:20:13:36:16.241184", "Trace Message Type": "GenericMethodTraceMsg", "Trace Message": {"req": {"backend_type": "DirectFtdiDevice", "backend_instance_id": 1, "method_name": "get_input_size", "args": {}, "id": 51, "time_profile": {"id": 50, "arrival_time": "2021:10:20:13:36:15.183535", "departure_time": "2021:10:20:13:36:15.244496"}}, "resp": {"exception": "None", "resp": "11"}, "profile": {"mo": 3, "exec_time_sec": 2.099999983329326e-05}}}, {"_id": "2021:10:20:13:36:16.301063", "Trace Message Type": "GenericMethodTraceMsg", "Trace Message": {"req": {"backend_type": "DirectFtdiDevice", "backend_instance_id": 1, "method_name": "set_timeouts", "args": {"read_timeout": "500"}, "id": 52, "time_profile": {"id": 51, "arrival_time": "2021:10:20:13:36:15.244496", "departure_time": "2021:10:20:13:36:15.297464"}}, "resp": {"exception": "None", "resp": "None"}, "profile": {"mo": 3, "exec_time_sec": 3.070000093430281e-05}}}, {"_id": "2021:10:20:13:36:16.353959", "Trace Message Type": "GenericMethodTraceMsg", "Trace Message": {"req": {"backend_type": "DirectFtdiDevice", "backend_instance_id": 1, "method_name": "read", "args": {"num_bytes": "11", "raw": "True"}, "id": 53, "time_profile": {"id": 52, "arrival_time": "2021:10:20:13:36:15.297464", "departure_time": "2021:10:20:13:36:15.357428"}}, "resp": {"exception": "None", "resp": "b'\\x80\\x03C\\x0b305 \\r0FE7\\r\\nq\\x00.'"}, "profile": {"mo": 3, "exec_time_sec": 3.989999822806567e-05}}}, {"_id": "2021:10:20:13:36:16.414823", "Trace Message Type": "GenericMethodTraceMsg", "Trace Message": {"req": {"backend_type": "DirectFtdiDevice", "backend_instance_id": 1, "method_name": "set_timeouts", "args": {"read_timeout": "500"}, "id": 54, "time_profile": {"id": 53, "arrival_time": "2021:10:20:13:36:15.357428", "departure_time": "2021:10:20:13:36:15.410395"}}, "resp": {"exception": "None", "resp": "None"}, "profile": {"mo": 3, "exec_time_sec": 2.7800000680144876e-05}}}, {"_id": "2021:10:20:13:36:16.480666", "Trace Message Type": "GenericMethodTraceMsg", "Trace Message": {"req": {"backend_type": "DirectFtdiDevice", "backend_instance_id": 1, "method_name": "set_timeouts", "args": {"read_timeout": "500"}, "id": 55, "time_profile": {"id": 54, "arrival_time": "2021:10:20:13:36:15.410395", "departure_time": "2021:10:20:13:36:15.471358"}}, "resp": {"exception": "None", "resp": "None"}, "profile": {"mo": 3, "exec_time_sec": 3.260000084992498e-05}}}, {"_id": "2021:10:20:13:36:16.536698", "Trace Message Type": "GenericMethodTraceMsg", "Trace Message": {"req": {"backend_type": "DirectFtdiDevice", "backend_instance_id": 1, "method_name": "write", "args": {"data": {"network_address": "@1", "99": "99", "crc": "E1CE", "sequence_no": "89", "command_name": "CURR", "flags": {}, "args": {"axis": "0"}, "command": ""}}, "id": 56, "time_profile": {"id": 55, "arrival_time": "2021:10:20:13:36:15.474355", "departure_time": "2021:10:20:13:36:15.537318"}}, "resp": {"exception": "None", "resp": "None"}, "profile": {"mo": 3, "exec_time_sec": 0.00015419999544974416}}}, {"_id": "2021:10:20:13:36:16.595604", "Trace Message Type": "GenericMethodTraceMsg", "Trace Message": {"req": {"backend_type": "DirectFtdiDevice", "backend_instance_id": 1, "method_name": "set_timeouts", "args": {"read_timeout": "500"}, "id": 57, "time_profile": {"id": 56, "arrival_time": "2021:10:20:13:36:15.537318", "departure_time": "2021:10:20:13:36:15.592283"}}, "resp": {"exception": "None", "resp": "None"}, "profile": {"mo": 3, "exec_time_sec": 8.070000330917537e-05}}}, {"_id": "2021:10:20:13:36:16.653556", "Trace Message Type": "GenericMethodTraceMsg", "Trace Message": {"req": {"backend_type": "DirectFtdiDevice", "backend_instance_id": 1, "method_name": "get_input_size", "args": {}, "id": 58, "time_profile": {"id": 57, "arrival_time": "2021:10:20:13:36:15.593283", "departure_time": "2021:10:20:13:36:15.653246"}}, "resp": {"exception": "None", "resp": "11"}, "profile": {"mo": 3, "exec_time_sec": 3.239999932702631e-05}}}, {"_id": "2021:10:20:13:36:16.716574", "Trace Message Type": "GenericMethodTraceMsg", "Trace Message": {"req": {"backend_type": "DirectFtdiDevice", "backend_instance_id": 1, "method_name": "set_timeouts", "args": {"read_timeout": "500"}, "id": 59, "time_profile": {"id": 58, "arrival_time": "2021:10:20:13:36:15.653246", "departure_time": "2021:10:20:13:36:15.710211"}}, "resp": {"exception": "None", "resp": "None"}, "profile": {"mo": 3, "exec_time_sec": 6.230000144569203e-05}}}, {"_id": "2021:10:20:13:36:16.774633", "Trace Message Type": "GenericMethodTraceMsg", "Trace Message": {"req": {"backend_type": "DirectFtdiDevice", "backend_instance_id": 1, "method_name": "read", "args": {"num_bytes": "11", "raw": "True"}, "id": 60, "time_profile": {"id": 59, "arrival_time": "2021:10:20:13:36:15.710211", "departure_time": "2021:10:20:13:36:15.773172"}}, "resp": {"exception": "None", "resp": "b'\\x80\\x03C\\x0b314 \\r33B7\\r\\nq\\x00.'"}, "profile": {"mo": 3, "exec_time_sec": 3.730000025825575e-05}}}, {"_id": "2021:10:20:13:36:16.836553", "Trace Message Type": "GenericMethodTraceMsg", "Trace Message": {"req": {"backend_type": "DirectFtdiDevice", "backend_instance_id": 1, "method_name": "set_timeouts", "args": {"read_timeout": "500"}, "id": 61, "time_profile": {"id": 60, "arrival_time": "2021:10:20:13:36:15.773172", "departure_time": "2021:10:20:13:36:15.831138"}}, "resp": {"exception": "None", "resp": "None"}, "profile": {"mo": 3, "exec_time_sec": 2.300000051036477e-05}}}, {"_id": "2021:10:20:13:36:16.899837", "Trace Message Type": "GenericMethodTraceMsg", "Trace Message": {"req": {"backend_type": "DirectFtdiDevice", "backend_instance_id": 1, "method_name": "set_timeouts", "args": {"read_timeout": "500"}, "id": 62, "time_profile": {"id": 61, "arrival_time": "2021:10:20:13:36:15.831138", "departure_time": "2021:10:20:13:36:15.893099"}}, "resp": {"exception": "None", "resp": "None"}, "profile": {"mo": 3, "exec_time_sec": 6.849999772384763e-05}}}, {"_id": "2021:10:20:13:36:16.953757", "Trace Message Type": "GenericMethodTraceMsg", "Trace Message": {"req": {"backend_type": "DirectFtdiDevice", "backend_instance_id": 1, "method_name": "write", "args": {"data": {"network_address": "@1", "99": "99", "crc": "E4F8", "sequence_no": "91", "command_name": "CURR", "flags": {}, "args": {"axis": "0"}, "command": ""}}, "id": 63, "time_profile": {"id": 62, "arrival_time": "2021:10:20:13:36:15.896097", "departure_time": "2021:10:20:13:36:15.956058"}}, "resp": {"exception": "None", "resp": "None"}, "profile": {"mo": 3, "exec_time_sec": 0.00017660000594332814}}}, {"_id": "2021:10:20:13:36:17.012748", "Trace Message Type": "GenericMethodTraceMsg", "Trace Message": {"req": {"backend_type": "DirectFtdiDevice", "backend_instance_id": 1, "method_name": "set_timeouts", "args": {"read_timeout": "500"}, "id": 64, "time_profile": {"id": 63, "arrival_time": "2021:10:20:13:36:15.956058", "departure_time": "2021:10:20:13:36:16.010026"}}, "resp": {"exception": "None", "resp": "None"}, "profile": {"mo": 3, "exec_time_sec": 1.7899999875226058e-05}}}, {"_id": "2021:10:20:13:36:17.070663", "Trace Message Type": "GenericMethodTraceMsg", "Trace Message": {"req": {"backend_type": "DirectFtdiDevice", "backend_instance_id": 1, "method_name": "get_input_size", "args": {}, "id": 65, "time_profile": {"id": 64, "arrival_time": "2021:10:20:13:36:16.011029", "departure_time": "2021:10:20:13:36:16.068991"}}, "resp": {"exception": "None", "resp": "11"}, "profile": {"mo": 3, "exec_time_sec": 2.1899999410379678e-05}}}, {"_id": "2021:10:20:13:36:17.134818", "Trace Message Type": "GenericMethodTraceMsg", "Trace Message": {"req": {"backend_type": "DirectFtdiDevice", "backend_instance_id": 1, "method_name": "set_timeouts", "args": {"read_timeout": "500"}, "id": 66, "time_profile": {"id": 65, "arrival_time": "2021:10:20:13:36:16.068991", "departure_time": "2021:10:20:13:36:16.126955"}}, "resp": {"exception": "None", "resp": "None"}, "profile": {"mo": 3, "exec_time_sec": 4.020000051241368e-05}}}, {"_id": "2021:10:20:13:36:17.189797", "Trace Message Type": "GenericMethodTraceMsg", "Trace Message": {"req": {"backend_type": "DirectFtdiDevice", "backend_instance_id": 1, "method_name": "read", "args": {"num_bytes": "11", "raw": "True"}, "id": 67, "time_profile": {"id": 66, "arrival_time": "2021:10:20:13:36:16.126955", "departure_time": "2021:10:20:13:36:16.190915"}}, "resp": {"exception": "None", "resp": "b'\\x80\\x03C\\x0b294 \\r9388\\r\\nq\\x00.'"}, "profile": {"mo": 3, "exec_time_sec": 2.8200000087963417e-05}}}, {"_id": "2021:10:20:13:36:17.253641", "Trace Message Type": "GenericMethodTraceMsg", "Trace Message": {"req": {"backend_type": "DirectFtdiDevice", "backend_instance_id": 1, "method_name": "set_timeouts", "args": {"read_timeout": "500"}, "id": 68, "time_profile": {"id": 67, "arrival_time": "2021:10:20:13:36:16.190915", "departure_time": "2021:10:20:13:36:16.245882"}}, "resp": {"exception": "None", "resp": "None"}, "profile": {"mo": 3, "exec_time_sec": 1.97000008483883e-05}}}, {"_id": "2021:10:20:13:36:17.311512", "Trace Message Type": "GenericMethodTraceMsg", "Trace Message": {"req": {"backend_type": "DirectFtdiDevice", "backend_instance_id": 1, "method_name": "set_timeouts", "args": {"read_timeout": "500"}, "id": 69, "time_profile": {"id": 68, "arrival_time": "2021:10:20:13:36:16.246881", "departure_time": "2021:10:20:13:36:16.309843"}}, "resp": {"exception": "None", "resp": "None"}, "profile": {"mo": 3, "exec_time_sec": 1.7099999240599573e-05}}}, {"_id": "2021:10:20:13:36:17.366571", "Trace Message Type": "GenericMethodTraceMsg", "Trace Message": {"req": {"backend_type": "DirectFtdiDevice", "backend_instance_id": 1, "method_name": "write", "args": {"data": {"network_address": "@1", "99": "99", "crc": "84E1", "sequence_no": "93", "command_name": "CURR", "flags": {}, "args": {"axis": "0"}, "command": ""}}, "id": 70, "time_profile": {"id": 69, "arrival_time": "2021:10:20:13:36:16.312841", "departure_time": "2021:10:20:13:36:16.367808"}}, "resp": {"exception": "None", "resp": "None"}, "profile": {"mo": 3, "exec_time_sec": 0.0002877000079024583}}}, {"_id": "2021:10:20:13:36:17.423420", "Trace Message Type": "GenericMethodTraceMsg", "Trace Message": {"req": {"backend_type": "DirectFtdiDevice", "backend_instance_id": 1, "method_name": "set_timeouts", "args": {"read_timeout": "500"}, "id": 71, "time_profile": {"id": 70, "arrival_time": "2021:10:20:13:36:16.367808", "departure_time": "2021:10:20:13:36:16.423773"}}, "resp": {"exception": "None", "resp": "None"}, "profile": {"mo": 3, "exec_time_sec": 4.350000017439015e-05}}}, {"_id": "2021:10:20:13:36:17.479395", "Trace Message Type": "GenericMethodTraceMsg", "Trace Message": {"req": {"backend_type": "DirectFtdiDevice", "backend_instance_id": 1, "method_name": "get_input_size", "args": {}, "id": 72, "time_profile": {"id": 71, "arrival_time": "2021:10:20:13:36:16.423773", "departure_time": "2021:10:20:13:36:16.479739"}}, "resp": {"exception": "None", "resp": "11"}, "profile": {"mo": 3, "exec_time_sec": 7.570000161649659e-05}}}, {"_id": "2021:10:20:13:36:17.542364", "Trace Message Type": "GenericMethodTraceMsg", "Trace Message": {"req": {"backend_type": "DirectFtdiDevice", "backend_instance_id": 1, "method_name": "set_timeouts", "args": {"read_timeout": "500"}, "id": 73, "time_profile": {"id": 72, "arrival_time": "2021:10:20:13:36:16.479739", "departure_time": "2021:10:20:13:36:16.536705"}}, "resp": {"exception": "None", "resp": "None"}, "profile": {"mo": 3, "exec_time_sec": 6.399999983841553e-05}}}, {"_id": "2021:10:20:13:36:17.608564", "Trace Message Type": "GenericMethodTraceMsg", "Trace Message": {"req": {"backend_type": "DirectFtdiDevice", "backend_instance_id": 1, "method_name": "read", "args": {"num_bytes": "11", "raw": "True"}, "id": 74, "time_profile": {"id": 73, "arrival_time": "2021:10:20:13:36:16.536705", "departure_time": "2021:10:20:13:36:16.600664"}}, "resp": {"exception": "None", "resp": "b'\\x80\\x03C\\x0b299 \\r5019\\r\\nq\\x00.'"}, "profile": {"mo": 3, "exec_time_sec": 9.719999798107892e-05}}}, {"_id": "2021:10:20:13:36:17.669436", "Trace Message Type": "GenericMethodTraceMsg", "Trace Message": {"req": {"backend_type": "DirectFtdiDevice", "backend_instance_id": 1, "method_name": "set_timeouts", "args": {"read_timeout": "500"}, "id": 75, "time_profile": {"id": 74, "arrival_time": "2021:10:20:13:36:16.600664", "departure_time": "2021:10:20:13:36:16.666624"}}, "resp": {"exception": "None", "resp": "None"}, "profile": {"mo": 3, "exec_time_sec": 2.1600000764010474e-05}}}, {"_id": "2021:10:20:13:36:17.732825", "Trace Message Type": "GenericMethodTraceMsg", "Trace Message": {"req": {"backend_type": "DirectFtdiDevice", "backend_instance_id": 1, "method_name": "set_timeouts", "args": {"read_timeout": "500"}, "id": 76, "time_profile": {"id": 75, "arrival_time": "2021:10:20:13:36:16.666624", "departure_time": "2021:10:20:13:36:16.725587"}}, "resp": {"exception": "None", "resp": "None"}, "profile": {"mo": 3, "exec_time_sec": 1.809999957913533e-05}}}, {"_id": "2021:10:20:13:36:17.791335", "Trace Message Type": "GenericMethodTraceMsg", "Trace Message": {"req": {"backend_type": "DirectFtdiDevice", "backend_instance_id": 1, "method_name": "write", "args": {"data": {"network_address": "@1", "99": "99", "crc": "24CA", "sequence_no": "95", "command_name": "CURR", "flags": {}, "args": {"axis": "0"}, "command": ""}}, "id": 77, "time_profile": {"id": 76, "arrival_time": "2021:10:20:13:36:16.729585", "departure_time": "2021:10:20:13:36:16.789548"}}, "resp": {"exception": "None", "resp": "None"}, "profile": {"mo": 3, "exec_time_sec": 0.00028840001323260367}}}, {"_id": "2021:10:20:13:36:17.852265", "Trace Message Type": "GenericMethodTraceMsg", "Trace Message": {"req": {"backend_type": "DirectFtdiDevice", "backend_instance_id": 1, "method_name": "set_timeouts", "args": {"read_timeout": "500"}, "id": 78, "time_profile": {"id": 77, "arrival_time": "2021:10:20:13:36:16.789548", "departure_time": "2021:10:20:13:36:16.848512"}}, "resp": {"exception": "None", "resp": "None"}, "profile": {"mo": 3, "exec_time_sec": 3.909999941242859e-05}}}, {"_id": "2021:10:20:13:36:17.919429", "Trace Message Type": "GenericMethodTraceMsg", "Trace Message": {"req": {"backend_type": "DirectFtdiDevice", "backend_instance_id": 1, "method_name": "get_input_size", "args": {}, "id": 79, "time_profile": {"id": 78, "arrival_time": "2021:10:20:13:36:16.848512", "departure_time": "2021:10:20:13:36:16.908475"}}, "resp": {"exception": "None", "resp": "11"}, "profile": {"mo": 3, "exec_time_sec": 7.539999933214858e-05}}}, {"_id": "2021:10:20:13:36:17.985268", "Trace Message Type": "GenericMethodTraceMsg", "Trace Message": {"req": {"backend_type": "DirectFtdiDevice", "backend_instance_id": 1, "method_name": "set_timeouts", "args": {"read_timeout": "500"}, "id": 80, "time_profile": {"id": 79, "arrival_time": "2021:10:20:13:36:16.908475", "departure_time": "2021:10:20:13:36:16.976435"}}, "resp": {"exception": "None", "resp": "None"}, "profile": {"mo": 3, "exec_time_sec": 6.479999865405262e-05}}}, {"_id": "2021:10:20:13:36:18.048145", "Trace Message Type": "GenericMethodTraceMsg", "Trace Message": {"req": {"backend_type": "DirectFtdiDevice", "backend_instance_id": 1, "method_name": "read", "args": {"num_bytes": "11", "raw": "True"}, "id": 81, "time_profile": {"id": 80, "arrival_time": "2021:10:20:13:36:16.977434", "departure_time": "2021:10:20:13:36:17.043392"}}, "resp": {"exception": "None", "resp": "b'\\x80\\x03C\\x0b299 \\r5019\\r\\nq\\x00.'"}, "profile": {"mo": 3, "exec_time_sec": 9.310000314144418e-05}}}, {"_id": "2021:10:20:13:36:18.107963", "Trace Message Type": "GenericMethodTraceMsg", "Trace Message": {"req": {"backend_type": "DirectFtdiDevice", "backend_instance_id": 1, "method_name": "set_timeouts", "args": {"read_timeout": "500"}, "id": 82, "time_profile": {"id": 81, "arrival_time": "2021:10:20:13:36:17.043392", "departure_time": "2021:10:20:13:36:17.105354"}}, "resp": {"exception": "None", "resp": "None"}, "profile": {"mo": 3, "exec_time_sec": 2.010000025620684e-05}}}, {"_id": "2021:10:20:13:36:18.171802", "Trace Message Type": "GenericMethodTraceMsg", "Trace Message": {"req": {"backend_type": "DirectFtdiDevice", "backend_instance_id": 1, "method_name": "set_timeouts", "args": {"read_timeout": "500"}, "id": 83, "time_profile": {"id": 82, "arrival_time": "2021:10:20:13:36:17.106354", "departure_time": "2021:10:20:13:36:17.164318"}}, "resp": {"exception": "None", "resp": "None"}, "profile": {"mo": 3, "exec_time_sec": 6.209999992279336e-05}}}, {"_id": "2021:10:20:13:36:18.229683", "Trace Message Type": "GenericMethodTraceMsg", "Trace Message": {"req": {"backend_type": "DirectFtdiDevice", "backend_instance_id": 1, "method_name": "write", "args": {"data": {"network_address": "@1", "99": "99", "crc": "44D3", "sequence_no": "97", "command_name": "CURR", "flags": {}, "args": {"axis": "0"}, "command": ""}}, "id": 84, "time_profile": {"id": 83, "arrival_time": "2021:10:20:13:36:17.167316", "departure_time": "2021:10:20:13:36:17.229278"}}, "resp": {"exception": "None", "resp": "None"}, "profile": {"mo": 3, "exec_time_sec": 0.00015959999291226268}}}, {"_id": "2021:10:20:13:36:18.292516", "Trace Message Type": "GenericMethodTraceMsg", "Trace Message": {"req": {"backend_type": "DirectFtdiDevice", "backend_instance_id": 1, "method_name": "set_timeouts", "args": {"read_timeout": "500"}, "id": 85, "time_profile": {"id": 84, "arrival_time": "2021:10:20:13:36:17.229278", "departure_time": "2021:10:20:13:36:17.286243"}}, "resp": {"exception": "None", "resp": "None"}, "profile": {"mo": 3, "exec_time_sec": 2.069999936793465e-05}}}, {"_id": "2021:10:20:13:36:18.350397", "Trace Message Type": "GenericMethodTraceMsg", "Trace Message": {"req": {"backend_type": "DirectFtdiDevice", "backend_instance_id": 1, "method_name": "get_input_size", "args": {}, "id": 86, "time_profile": {"id": 85, "arrival_time": "2021:10:20:13:36:17.286243", "departure_time": "2021:10:20:13:36:17.349205"}}, "resp": {"exception": "None", "resp": "11"}, "profile": {"mo": 3, "exec_time_sec": 2.3799999326001853e-05}}}, {"_id": "2021:10:20:13:36:18.407492", "Trace Message Type": "GenericMethodTraceMsg", "Trace Message": {"req": {"backend_type": "DirectFtdiDevice", "backend_instance_id": 1, "method_name": "set_timeouts", "args": {"read_timeout": "500"}, "id": 87, "time_profile": {"id": 86, "arrival_time": "2021:10:20:13:36:17.349205", "departure_time": "2021:10:20:13:36:17.406170"}}, "resp": {"exception": "None", "resp": "None"}, "profile": {"mo": 3, "exec_time_sec": 1.8700000509852543e-05}}}, {"_id": "2021:10:20:13:36:18.469368", "Trace Message Type": "GenericMethodTraceMsg", "Trace Message": {"req": {"backend_type": "DirectFtdiDevice", "backend_instance_id": 1, "method_name": "read", "args": {"num_bytes": "11", "raw": "True"}, "id": 88, "time_profile": {"id": 87, "arrival_time": "2021:10:20:13:36:17.406170", "departure_time": "2021:10:20:13:36:17.464136"}}, "resp": {"exception": "None", "resp": "b'\\x80\\x03C\\x0b277 \\r7B7A\\r\\nq\\x00.'"}, "profile": {"mo": 3, "exec_time_sec": 3.5000000934815034e-05}}}, {"_id": "2021:10:20:13:36:18.533245", "Trace Message Type": "GenericMethodTraceMsg", "Trace Message": {"req": {"backend_type": "DirectFtdiDevice", "backend_instance_id": 1, "method_name": "set_timeouts", "args": {"read_timeout": "500"}, "id": 89, "time_profile": {"id": 88, "arrival_time": "2021:10:20:13:36:17.464136", "departure_time": "2021:10:20:13:36:17.525096"}}, "resp": {"exception": "None", "resp": "None"}, "profile": {"mo": 3, "exec_time_sec": 1.8799999452312477e-05}}}, {"_id": "2021:10:20:13:36:18.598099", "Trace Message Type": "GenericMethodTraceMsg", "Trace Message": {"req": {"backend_type": "DirectFtdiDevice", "backend_instance_id": 1, "method_name": "set_timeouts", "args": {"read_timeout": "500"}, "id": 90, "time_profile": {"id": 89, "arrival_time": "2021:10:20:13:36:17.525096", "departure_time": "2021:10:20:13:36:17.589056"}}, "resp": {"exception": "None", "resp": "None"}, "profile": {"mo": 3, "exec_time_sec": 1.6399999367422424e-05}}}, {"_id": "2021:10:20:13:36:18.655218", "Trace Message Type": "GenericMethodTraceMsg", "Trace Message": {"req": {"backend_type": "DirectFtdiDevice", "backend_instance_id": 1, "method_name": "write", "args": {"data": {"network_address": "@1", "99": "99", "crc": "C352", "sequence_no": "1", "command_name": "CURR", "flags": {}, "args": {"axis": "0"}, "command": ""}}, "id": 91, "time_profile": {"id": 90, "arrival_time": "2021:10:20:13:36:17.591057", "departure_time": "2021:10:20:13:36:17.654016"}}, "resp": {"exception": "None", "resp": "None"}, "profile": {"mo": 3, "exec_time_sec": 0.00013749999925494194}}}, {"_id": "2021:10:20:13:36:18.713162", "Trace Message Type": "GenericMethodTraceMsg", "Trace Message": {"req": {"backend_type": "DirectFtdiDevice", "backend_instance_id": 1, "method_name": "set_timeouts", "args": {"read_timeout": "500"}, "id": 92, "time_profile": {"id": 91, "arrival_time": "2021:10:20:13:36:17.654016", "departure_time": "2021:10:20:13:36:17.710982"}}, "resp": {"exception": "None", "resp": "None"}, "profile": {"mo": 3, "exec_time_sec": 2.300000051036477e-05}}}, {"_id": "2021:10:20:13:36:18.774971", "Trace Message Type": "GenericMethodTraceMsg", "Trace Message": {"req": {"backend_type": "DirectFtdiDevice", "backend_instance_id": 1, "method_name": "get_input_size", "args": {}, "id": 93, "time_profile": {"id": 92, "arrival_time": "2021:10:20:13:36:17.710982", "departure_time": "2021:10:20:13:36:17.772953"}}, "resp": {"exception": "None", "resp": "11"}, "profile": {"mo": 3, "exec_time_sec": 2.300000051036477e-05}}}, {"_id": "2021:10:20:13:36:18.834180", "Trace Message Type": "GenericMethodTraceMsg", "Trace Message": {"req": {"backend_type": "DirectFtdiDevice", "backend_instance_id": 1, "method_name": "set_timeouts", "args": {"read_timeout": "500"}, "id": 94, "time_profile": {"id": 93, "arrival_time": "2021:10:20:13:36:17.772953", "departure_time": "2021:10:20:13:36:17.830907"}}, "resp": {"exception": "None", "resp": "None"}, "profile": {"mo": 3, "exec_time_sec": 5.249999958323315e-05}}}, {"_id": "2021:10:20:13:36:18.901026", "Trace Message Type": "GenericMethodTraceMsg", "Trace Message": {"req": {"backend_type": "DirectFtdiDevice", "backend_instance_id": 1, "method_name": "read", "args": {"num_bytes": "11", "raw": "True"}, "id": 95, "time_profile": {"id": 94, "arrival_time": "2021:10:20:13:36:17.830907", "departure_time": "2021:10:20:13:36:17.890872"}}, "resp": {"exception": "None", "resp": "b'\\x80\\x03C\\x0b316 \\rF316\\r\\nq\\x00.'"}, "profile": {"mo": 3, "exec_time_sec": 2.5999999706982635e-05}}}, {"_id": "2021:10:20:13:36:18.957937", "Trace Message Type": "GenericMethodTraceMsg", "Trace Message": {"req": {"backend_type": "DirectFtdiDevice", "backend_instance_id": 1, "method_name": "set_timeouts", "args": {"read_timeout": "500"}, "id": 96, "time_profile": {"id": 95, "arrival_time": "2021:10:20:13:36:17.890872", "departure_time": "2021:10:20:13:36:17.956832"}}, "resp": {"exception": "None", "resp": "None"}, "profile": {"mo": 3, "exec_time_sec": 1.8400000044493936e-05}}}, {"_id": "2021:10:20:13:36:19.020855", "Trace Message Type": "GenericMethodTraceMsg", "Trace Message": {"req": {"backend_type": "DirectFtdiDevice", "backend_instance_id": 1, "method_name": "set_timeouts", "args": {"read_timeout": "500"}, "id": 97, "time_profile": {"id": 96, "arrival_time": "2021:10:20:13:36:17.956832", "departure_time": "2021:10:20:13:36:18.014796"}}, "resp": {"exception": "None", "resp": "None"}, "profile": {"mo": 3, "exec_time_sec": 3.3299998904112726e-05}}}, {"_id": "2021:10:20:13:36:19.079741", "Trace Message Type": "GenericMethodTraceMsg", "Trace Message": {"req": {"backend_type": "DirectFtdiDevice", "backend_instance_id": 1, "method_name": "write", "args": {"data": {"network_address": "@1", "99": "99", "crc": "A34B", "sequence_no": "3", "command_name": "CURR", "flags": {}, "args": {"axis": "0"}, "command": ""}}, "id": 98, "time_profile": {"id": 97, "arrival_time": "2021:10:20:13:36:18.016796", "departure_time": "2021:10:20:13:36:18.080756"}}, "resp": {"exception": "None", "resp": "None"}, "profile": {"mo": 3, "exec_time_sec": 0.00015019999409560114}}}, {"_id": "2021:10:20:13:36:19.132642", "Trace Message Type": "GenericMethodTraceMsg", "Trace Message": {"req": {"backend_type": "DirectFtdiDevice", "backend_instance_id": 1, "method_name": "set_timeouts", "args": {"read_timeout": "500"}, "id": 99, "time_profile": {"id": 98, "arrival_time": "2021:10:20:13:36:18.080756", "departure_time": "2021:10:20:13:36:18.136722"}}, "resp": {"exception": "None", "resp": "None"}, "profile": {"mo": 3, "exec_time_sec": 1.7700000171316788e-05}}}, {"_id": "2021:10:20:13:36:19.186501", "Trace Message Type": "GenericMethodTraceMsg", "Trace Message": {"req": {"backend_type": "DirectFtdiDevice", "backend_instance_id": 1, "method_name": "get_input_size", "args": {}, "id": 100, "time_profile": {"id": 99, "arrival_time": "2021:10:20:13:36:18.136722", "departure_time": "2021:10:20:13:36:18.188689"}}, "resp": {"exception": "None", "resp": "11"}, "profile": {"mo": 3, "exec_time_sec": 3.149999974993989e-05}}}, {"_id": "2021:10:20:13:36:19.244209", "Trace Message Type": "GenericMethodTraceMsg", "Trace Message": {"req": {"backend_type": "DirectFtdiDevice", "backend_instance_id": 1, "method_name": "set_timeouts", "args": {"read_timeout": "500"}, "id": 101, "time_profile": {"id": 100, "arrival_time": "2021:10:20:13:36:18.188689", "departure_time": "2021:10:20:13:36:18.242657"}}, "resp": {"exception": "None", "resp": "None"}, "profile": {"mo": 3, "exec_time_sec": 3.369999831193127e-05}}}, {"_id": "2021:10:20:13:36:19.303086", "Trace Message Type": "GenericMethodTraceMsg", "Trace Message": {"req": {"backend_type": "DirectFtdiDevice", "backend_instance_id": 1, "method_name": "read", "args": {"num_bytes": "11", "raw": "True"}, "id": 102, "time_profile": {"id": 101, "arrival_time": "2021:10:20:13:36:18.243656", "departure_time": "2021:10:20:13:36:18.300622"}}, "resp": {"exception": "None", "resp": "b'\\x80\\x03C\\x0b319 \\rF026\\r\\nq\\x00.'"}, "profile": {"mo": 3, "exec_time_sec": 2.7399999453336932e-05}}}, {"_id": "2021:10:20:13:36:19.359704", "Trace Message Type": "GenericMethodTraceMsg", "Trace Message": {"req": {"backend_type": "DirectFtdiDevice", "backend_instance_id": 1, "method_name": "set_timeouts", "args": {"read_timeout": "500"}, "id": 103, "time_profile": {"id": 102, "arrival_time": "2021:10:20:13:36:18.300622", "departure_time": "2021:10:20:13:36:18.359585"}}, "resp": {"exception": "None", "resp": "None"}, "profile": {"mo": 3, "exec_time_sec": 1.7899999875226058e-05}}}, {"_id": "2021:10:20:13:36:19.420612", "Trace Message Type": "GenericMethodTraceMsg", "Trace Message": {"req": {"backend_type": "DirectFtdiDevice", "backend_instance_id": 1, "method_name": "set_timeouts", "args": {"read_timeout": "500"}, "id": 104, "time_profile": {"id": 103, "arrival_time": "2021:10:20:13:36:18.359585", "departure_time": "2021:10:20:13:36:18.416549"}}, "resp": {"exception": "None", "resp": "None"}, "profile": {"mo": 3, "exec_time_sec": 8.150000212481245e-05}}}, {"_id": "2021:10:20:13:36:19.476505", "Trace Message Type": "GenericMethodTraceMsg", "Trace Message": {"req": {"backend_type": "DirectFtdiDevice", "backend_instance_id": 1, "method_name": "write", "args": {"data": {"network_address": "@1", "99": "99", "crc": "0360", "sequence_no": "5", "command_name": "CURR", "flags": {}, "args": {"axis": "0"}, "command": ""}}, "id": 105, "time_profile": {"id": 104, "arrival_time": "2021:10:20:13:36:18.419547", "departure_time": "2021:10:20:13:36:18.476512"}}, "resp": {"exception": "None", "resp": "None"}, "profile": {"mo": 3, "exec_time_sec": 0.00029830000130459666}}}, {"_id": "2021:10:20:13:36:19.537386", "Trace Message Type": "GenericMethodTraceMsg", "Trace Message": {"req": {"backend_type": "DirectFtdiDevice", "backend_instance_id": 1, "method_name": "set_timeouts", "args": {"read_timeout": "500"}, "id": 106, "time_profile": {"id": 105, "arrival_time": "2021:10:20:13:36:18.477510", "departure_time": "2021:10:20:13:36:18.533477"}}, "resp": {"exception": "None", "resp": "None"}, "profile": {"mo": 3, "exec_time_sec": 0.00012349999451544136}}}, {"_id": "2021:10:20:13:36:19.595843", "Trace Message Type": "GenericMethodTraceMsg", "Trace Message": {"req": {"backend_type": "DirectFtdiDevice", "backend_instance_id": 1, "method_name": "get_input_size", "args": {}, "id": 107, "time_profile": {"id": 106, "arrival_time": "2021:10:20:13:36:18.533477", "departure_time": "2021:10:20:13:36:18.594439"}}, "resp": {"exception": "None", "resp": "11"}, "profile": {"mo": 3, "exec_time_sec": 2.9000000722589903e-05}}}, {"_id": "2021:10:20:13:36:19.650540", "Trace Message Type": "GenericMethodTraceMsg", "Trace Message": {"req": {"backend_type": "DirectFtdiDevice", "backend_instance_id": 1, "method_name": "set_timeouts", "args": {"read_timeout": "500"}, "id": 108, "time_profile": {"id": 107, "arrival_time": "2021:10:20:13:36:18.594439", "departure_time": "2021:10:20:13:36:18.652404"}}, "resp": {"exception": "None", "resp": "None"}, "profile": {"mo": 3, "exec_time_sec": 1.9099999917671084e-05}}}, {"_id": "2021:10:20:13:36:19.704414", "Trace Message Type": "GenericMethodTraceMsg", "Trace Message": {"req": {"backend_type": "DirectFtdiDevice", "backend_instance_id": 1, "method_name": "read", "args": {"num_bytes": "11", "raw": "True"}, "id": 109, "time_profile": {"id": 108, "arrival_time": "2021:10:20:13:36:18.652404", "departure_time": "2021:10:20:13:36:18.707370"}}, "resp": {"exception": "None", "resp": "b'\\x80\\x03C\\x0b327 \\r7747\\r\\nq\\x00.'"}, "profile": {"mo": 3, "exec_time_sec": 3.7500001781154424e-05}}}, {"_id": "2021:10:20:13:36:19.766892", "Trace Message Type": "GenericMethodTraceMsg", "Trace Message": {"req": {"backend_type": "DirectFtdiDevice", "backend_instance_id": 1, "method_name": "set_timeouts", "args": {"read_timeout": "500"}, "id": 110, "time_profile": {"id": 109, "arrival_time": "2021:10:20:13:36:18.707370", "departure_time": "2021:10:20:13:36:18.761337"}}, "resp": {"exception": "None", "resp": "None"}, "profile": {"mo": 3, "exec_time_sec": 3.0299999707494862e-05}}}, {"_id": "2021:10:20:13:36:19.783887", "Trace Message Type": "InitializeTraceMsg", "Trace Message": {"req": {"backend_type": "DirectFtdiDevice", "backend_instance_id": 2, "args": {"ftdi": "None"}, "stacktrace": "[<FrameSummary file C:/Users/User/PycharmProjects/automated_solubility_h1/n9/tests/random_tests.py, line 15 in <module>>, <FrameSummary file <frozen importlib._bootstrap>, line 971 in _find_and_load>, <FrameSummary file <frozen importlib._bootstrap>, line 955 in _find_and_load_unlocked>, <FrameSummary file <frozen importlib._bootstrap>, line 665 in _load_unlocked>, <FrameSummary file <frozen importlib._bootstrap_external>, line 678 in exec_module>, <FrameSummary file <frozen importlib._bootstrap>, line 219 in _call_with_frames_removed>, <FrameSummary file C:\\Users\\User\\PycharmProjects\\automated_solubility_h1\\n9\\experiments\\capping_uncapping.py, line 3 in <module>>, <FrameSummary file <frozen importlib._bootstrap>, line 1023 in _handle_fromlist>, <FrameSummary file <frozen importlib._bootstrap>, line 219 in _call_with_frames_removed>, <FrameSummary file <frozen importlib._bootstrap>, line 971 in _find_and_load>, <FrameSummary file <frozen importlib._bootstrap>, line 955 in _find_and_load_unlocked>, <FrameSummary file <frozen importlib._bootstrap>, line 665 in _load_unlocked>, <FrameSummary file <frozen importlib._bootstrap_external>, line 678 in exec_module>, <FrameSummary file <frozen importlib._bootstrap>, line 219 in _call_with_frames_removed>, <FrameSummary file C:\\Users\\User\\PycharmProjects\\automated_solubility_h1\\n9\\configuration\\deck.py, line 97 in <module>>, <FrameSummary file C:\\Users\\User\\PycharmProjects\\automated_solubility_h1\\venv\\lib\\site-packages\\ftdi_serial.py, line 418 in __init__>, <FrameSummary file C:\\Users\\User\\PycharmProjects\\automated_solubility_h1\\venv\\lib\\site-packages\\ftdi_serial.py, line 441 in connect>, <FrameSummary file C:\\Users\\User\\PycharmProjects\\automated_solubility_h1\\venv\\lib\\site-packages\\ftdi_serial.py, line 428 in open_device>, <FrameSummary file C:\\Users\\User\\PycharmProjects\\automated_solubility_h1\\venv\\lib\\site-packages\\niraapad\\backends.py, line 162 in __init__>, <FrameSummary file C:\\Users\\User\\PycharmProjects\\automated_solubility_h1\\venv\\lib\\site-packages\\niraapad\\lab_computer\\niraapad_client.py, line 558 in initialize>]", "id": 111, "time_profile": {"id": 110, "arrival_time": "2021:10:20:13:36:18.761337", "departure_time": "2021:10:20:13:36:18.824300"}}, "resp": {"exception": "None"}, "profile": {"mo": 3, "exec_time_sec": 0.009034800343215466}}}, {"_id": "2021:10:20:13:36:20.113160", "Trace Message Type": "GenericMethodTraceMsg", "Trace Message": {"req": {"backend_type": "DirectFtdiDevice", "backend_instance_id": 2, "method_name": "reset", "args": {}, "id": 112, "time_profile": {"id": 111, "arrival_time": "2021:10:20:13:36:18.828297", "departure_time": "2021:10:20:13:36:18.840289"}}, "resp": {"exception": "None", "resp": "None"}, "profile": {"mo": 3, "exec_time_sec": 0.27436670660972595}}}, {"_id": "2021:10:20:13:36:20.174020", "Trace Message Type": "GenericMethodTraceMsg", "Trace Message": {"req": {"backend_type": "DirectFtdiDevice", "backend_instance_id": 2, "method_name": "set_baud_rate", "args": {"baudrate": "9600"}, "id": 113, "time_profile": {"id": 112, "arrival_time": "2021:10:20:13:36:18.840289", "departure_time": "2021:10:20:13:36:19.170086"}}, "resp": {"exception": "None", "resp": "None"}, "profile": {"mo": 3, "exec_time_sec": 0.0002911000046879053}}}, {"_id": "2021:10:20:13:36:20.232871", "Trace Message Type": "GenericMethodTraceMsg", "Trace Message": {"req": {"backend_type": "DirectFtdiDevice", "backend_instance_id": 2, "method_name": "set_parameters", "args": {"data_bits": "0"}, "id": 114, "time_profile": {"id": 113, "arrival_time": "2021:10:20:13:36:19.170086", "departure_time": "2021:10:20:13:36:19.231050"}}, "resp": {"exception": "None", "resp": "None"}, "profile": {"mo": 3, "exec_time_sec": 0.0002818999928422272}}}, {"_id": "2021:10:20:13:36:20.291015", "Trace Message Type": "GenericMethodTraceMsg", "Trace Message": {"req": {"backend_type": "DirectFtdiDevice", "backend_instance_id": 2, "method_name": "set_timeouts", "args": {"read_timeout": "5000"}, "id": 115, "time_profile": {"id": 114, "arrival_time": "2021:10:20:13:36:19.231050", "departure_time": "2021:10:20:13:36:19.290013"}}, "resp": {"exception": "None", "resp": "None"}, "profile": {"mo": 3, "exec_time_sec": 4.0499999158782884e-05}}}, {"_id": "2021:10:20:13:36:20.298998", "Trace Message Type": "InitializeTraceMsg", "Trace Message": {"req": {"backend_type": "DirectPySerialDevice", "backend_instance_id": 3, "args": {"serial": "COM9"}, "stacktrace": "[<FrameSummary file C:/Users/User/PycharmProjects/automated_solubility_h1/n9/tests/random_tests.py, line 15 in <module>>, <FrameSummary file <frozen importlib._bootstrap>, line 971 in _find_and_load>, <FrameSummary file <frozen importlib._bootstrap>, line 955 in _find_and_load_unlocked>, <FrameSummary file <frozen importlib._bootstrap>, line 665 in _load_unlocked>, <FrameSummary file <frozen importlib._bootstrap_external>, line 678 in exec_module>, <FrameSummary file <frozen importlib._bootstrap>, line 219 in _call_with_frames_removed>, <FrameSummary file C:\\Users\\User\\PycharmProjects\\automated_solubility_h1\\n9\\experiments\\capping_uncapping.py, line 3 in <module>>, <FrameSummary file <frozen importlib._bootstrap>, line 1023 in _handle_fromlist>, <FrameSummary file <frozen importlib._bootstrap>, line 219 in _call_with_frames_removed>, <FrameSummary file <frozen importlib._bootstrap>, line 971 in _find_and_load>, <FrameSummary file <frozen importlib._bootstrap>, line 955 in _find_and_load_unlocked>, <FrameSummary file <frozen importlib._bootstrap>, line 665 in _load_unlocked>, <FrameSummary file <frozen importlib._bootstrap_external>, line 678 in exec_module>, <FrameSummary file <frozen importlib._bootstrap>, line 219 in _call_with_frames_removed>, <FrameSummary file C:\\Users\\User\\PycharmProjects\\automated_solubility_h1\\n9\\configuration\\deck.py, line 113 in <module>>, <FrameSummary file C:\\Users\\User\\PycharmProjects\\automated_solubility_h1\\venv\\lib\\site-packages\\ika\\magnetic_stirrer.py, line 152 in __init__>, <FrameSummary file C:\\Users\\User\\PycharmProjects\\automated_solubility_h1\\venv\\lib\\site-packages\\ika\\magnetic_stirrer.py, line 452 in connect>, <FrameSummary file C:\\Users\\User\\PycharmProjects\\automated_solubility_h1\\venv\\lib\\site-packages\\ftdi_serial.py, line 418 in __init__>, <FrameSummary file C:\\Users\\User\\PycharmProjects\\automated_solubility_h1\\venv\\lib\\site-packages\\ftdi_serial.py, line 441 in connect>, <FrameSummary file C:\\Users\\User\\PycharmProjects\\automated_solubility_h1\\venv\\lib\\site-packages\\ftdi_serial.py, line 426 in open_device>, <FrameSummary file C:\\Users\\User\\PycharmProjects\\automated_solubility_h1\\venv\\lib\\site-packages\\niraapad\\backends.py, line 224 in __init__>, <FrameSummary file C:\\Users\\User\\PycharmProjects\\automated_solubility_h1\\venv\\lib\\site-packages\\niraapad\\lab_computer\\niraapad_client.py, line 558 in initialize>]", "id": 116, "time_profile": {"id": 115, "arrival_time": "2021:10:20:13:36:19.290013", "departure_time": "2021:10:20:13:36:19.346976"}}, "resp": {"exception": "None"}, "profile": {"mo": 3, "exec_time_sec": 0.004366300068795681}}}, {"_id": "2021:10:20:13:36:20.358559", "Trace Message Type": "GenericMethodTraceMsg", "Trace Message": {"req": {"backend_type": "DirectPySerialDevice", "backend_instance_id": 3, "method_name": "reset", "args": {}, "id": 117, "time_profile": {"id": 116, "arrival_time": "2021:10:20:13:36:19.346976", "departure_time": "2021:10:20:13:36:19.355972"}}, "resp": {"exception": "None", "resp": "None"}, "profile": {"mo": 3, "exec_time_sec": 1.680000059423037e-05}}}, {"_id": "2021:10:20:13:36:20.415473", "Trace Message Type": "GenericMethodTraceMsg", "Trace Message": {"req": {"backend_type": "DirectPySerialDevice", "backend_instance_id": 3, "method_name": "set_baud_rate", "args": {"baudrate": "9600"}, "id": 118, "time_profile": {"id": 117, "arrival_time": "2021:10:20:13:36:19.355972", "departure_time": "2021:10:20:13:36:19.414935"}}, "resp": {"exception": "None", "resp": "None"}, "profile": {"mo": 3, "exec_time_sec": 0.0019867001101374626}}}, {"_id": "2021:10:20:13:36:20.478425", "Trace Message Type": "GenericMethodTraceMsg", "Trace Message": {"req": {"backend_type": "DirectPySerialDevice", "backend_instance_id": 3, "method_name": "set_parameters", "args": {"data_bits": "2"}, "id": 119, "time_profile": {"id": 118, "arrival_time": "2021:10:20:13:36:19.414935", "departure_time": "2021:10:20:13:36:19.472901"}}, "resp": {"exception": "None", "resp": "None"}, "profile": {"mo": 3, "exec_time_sec": 0.005786899942904711}}}, {"_id": "2021:10:20:13:36:20.543448", "Trace Message Type": "GenericMethodTraceMsg", "Trace Message": {"req": {"backend_type": "DirectPySerialDevice", "backend_instance_id": 3, "method_name": "set_timeouts", "args": {"read_timeout": "5000"}, "id": 120, "time_profile": {"id": 119, "arrival_time": "2021:10:20:13:36:19.472901", "departure_time": "2021:10:20:13:36:19.534863"}}, "resp": {"exception": "None", "resp": "None"}, "profile": {"mo": 3, "exec_time_sec": 0.003714800113812089}}}, {"_id": "2021:10:20:13:36:20.602367", "Trace Message Type": "GenericMethodTraceMsg", "Trace Message": {"req": {"backend_type": "DirectPySerialDevice", "backend_instance_id": 3, "method_name": "write", "args": {"data": {"command_name": "IN_NAME", "value": null}}, "id": 121, "time_profile": {"id": 120, "arrival_time": "2021:10:20:13:36:19.534863", "departure_time": "2021:10:20:13:36:19.599824"}}, "resp": {"exception": "None", "resp": "None"}, "profile": {"mo": 3, "exec_time_sec": 0.00018709999858401716}}}, {"_id": "2021:10:20:13:36:20.662428", "Trace Message Type": "GenericMethodTraceMsg", "Trace Message": {"req": {"backend_type": "DirectPySerialDevice", "backend_instance_id": 3, "method_name": "get_input_size", "args": {}, "id": 122, "time_profile": {"id": 121, "arrival_time": "2021:10:20:13:36:19.599824", "departure_time": "2021:10:20:13:36:19.658785"}}, "resp": {"exception": "None", "resp": "13"}, "profile": {"mo": 3, "exec_time_sec": 3.070000093430281e-05}}}, {"_id": "2021:10:20:13:36:20.718675", "Trace Message Type": "GenericMethodTraceMsg", "Trace Message": {"req": {"backend_type": "DirectPySerialDevice", "backend_instance_id": 3, "method_name": "read", "args": {"num_bytes": "13", "raw": "True"}, "id": 123, "time_profile": {"id": 122, "arrival_time": "2021:10:20:13:36:19.658785", "departure_time": "2021:10:20:13:36:19.718750"}}, "resp": {"exception": "None", "resp": {"device_name": "RCT"}}, "profile": {"mo": 3, "exec_time_sec": 8.119999984046444e-05}}}, {"_id": "2021:10:20:13:36:20.790636", "Trace Message Type": "GenericMethodTraceMsg", "Trace Message": {"req": {"backend_type": "DirectPySerialDevice", "backend_instance_id": 3, "method_name": "write", "args": {"data": {"command_name": "IN_PV_1", "value": null}}, "id": 124, "time_profile": {"id": 123, "arrival_time": "2021:10:20:13:36:19.718750", "departure_time": "2021:10:20:13:36:19.775713"}}, "resp": {"exception": "None", "resp": "None"}, "profile": {"mo": 3, "exec_time_sec": 0.00019409999367780983}}}, {"_id": "2021:10:20:13:36:20.846557", "Trace Message Type": "GenericMethodTraceMsg", "Trace Message": {"req": {"backend_type": "DirectPySerialDevice", "backend_instance_id": 3, "method_name": "get_input_size", "args": {}, "id": 125, "time_profile": {"id": 124, "arrival_time": "2021:10:20:13:36:19.783711", "departure_time": "2021:10:20:13:36:19.846670"}}, "resp": {"exception": "None", "resp": "8"}, "profile": {"mo": 3, "exec_time_sec": 3.440000000409782e-05}}}, {"_id": "2021:10:20:13:36:20.900831", "Trace Message Type": "GenericMethodTraceMsg", "Trace Message": {"req": {"backend_type": "DirectPySerialDevice", "backend_instance_id": 3, "method_name": "read", "args": {"num_bytes": "8", "raw": "True"}, "id": 126, "time_profile": {"id": 125, "arrival_time": "2021:10:20:13:36:19.846670", "departure_time": "2021:10:20:13:36:19.902637"}}, "resp": {"exception": "None", "resp": {"external_sensor_value": "26.0"}}, "profile": {"mo": 3, "exec_time_sec": 9.709999721962959e-05}}}, {"_id": "2021:10:20:13:36:20.962323", "Trace Message Type": "GenericMethodTraceMsg", "Trace Message": {"req": {"backend_type": "DirectPySerialDevice", "backend_instance_id": 3, "method_name": "write", "args": {"data": {"command_name": "IN_PV_2", "value": null}}, "id": 127, "time_profile": {"id": 126, "arrival_time": "2021:10:20:13:36:19.902637", "departure_time": "2021:10:20:13:36:19.957603"}}, "resp": {"exception": "None", "resp": "None"}, "profile": {"mo": 3, "exec_time_sec": 0.00010469999688211828}}}, {"_id": "2021:10:20:13:36:21.021452", "Trace Message Type": "GenericMethodTraceMsg", "Trace Message": {"req": {"backend_type": "DirectPySerialDevice", "backend_instance_id": 3, "method_name": "get_input_size", "args": {}, "id": 128, "time_profile": {"id": 127, "arrival_time": "2021:10:20:13:36:19.957603", "departure_time": "2021:10:20:13:36:20.018565"}}, "resp": {"exception": "None", "resp": "8"}, "profile": {"mo": 3, "exec_time_sec": 3.8800000766059384e-05}}}, {"_id": "2021:10:20:13:36:21.080037", "Trace Message Type": "GenericMethodTraceMsg", "Trace Message": {"req": {"backend_type": "DirectPySerialDevice", "backend_instance_id": 3, "method_name": "read", "args": {"num_bytes": "8", "raw": "True"}, "id": 129, "time_profile": {"id": 128, "arrival_time": "2021:10:20:13:36:20.018565", "departure_time": "2021:10:20:13:36:20.077530"}}, "resp": {"exception": "None", "resp": {"hotplate_sensor_value": "31.0"}}, "profile": {"mo": 3, "exec_time_sec": 4.5900000259280205e-05}}}, {"_id": "2021:10:20:13:36:21.141692", "Trace Message Type": "GenericMethodTraceMsg", "Trace Message": {"req": {"backend_type": "DirectPySerialDevice", "backend_instance_id": 3, "method_name": "write", "args": {"data": {"command_name": "IN_SP_1", "value": null}}, "id": 130, "time_profile": {"id": 129, "arrival_time": "2021:10:20:13:36:20.077530", "departure_time": "2021:10:20:13:36:20.136492"}}, "resp": {"exception": "None", "resp": "None"}, "profile": {"mo": 3, "exec_time_sec": 0.0001385000068694353}}}, {"_id": "2021:10:20:13:36:21.210633", "Trace Message Type": "GenericMethodTraceMsg", "Trace Message": {"req": {"backend_type": "DirectPySerialDevice", "backend_instance_id": 3, "method_name": "get_input_size", "args": {}, "id": 131, "time_profile": {"id": 130, "arrival_time": "2021:10:20:13:36:20.136492", "departure_time": "2021:10:20:13:36:20.199455"}}, "resp": {"exception": "None", "resp": "8"}, "profile": {"mo": 3, "exec_time_sec": 6.669999856967479e-05}}}, {"_id": "2021:10:20:13:36:21.278912", "Trace Message Type": "GenericMethodTraceMsg", "Trace Message": {"req": {"backend_type": "DirectPySerialDevice", "backend_instance_id": 3, "method_name": "read", "args": {"num_bytes": "8", "raw": "True"}, "id": 132, "time_profile": {"id": 131, "arrival_time": "2021:10:20:13:36:20.199455", "departure_time": "2021:10:20:13:36:20.267414"}}, "resp": {"exception": "None", "resp": {"rated_temperature_value": "30.0"}}, "profile": {"mo": 3, "exec_time_sec": 5.1399998483248055e-05}}}, {"_id": "2021:10:20:13:36:21.339204", "Trace Message Type": "GenericMethodTraceMsg", "Trace Message": {"req": {"backend_type": "DirectPySerialDevice", "backend_instance_id": 3, "method_name": "write", "args": {"data": {"command_name": "IN_PV_4", "value": null}}, "id": 133, "time_profile": {"id": 132, "arrival_time": "2021:10:20:13:36:20.267414", "departure_time": "2021:10:20:13:36:20.335370"}}, "resp": {"exception": "None", "resp": "None"}, "profile": {"mo": 3, "exec_time_sec": 8.849999721860513e-05}}}, {"_id": "2021:10:20:13:36:21.402261", "Trace Message Type": "GenericMethodTraceMsg", "Trace Message": {"req": {"backend_type": "DirectPySerialDevice", "backend_instance_id": 3, "method_name": "get_input_size", "args": {}, "id": 134, "time_profile": {"id": 133, "arrival_time": "2021:10:20:13:36:20.335370", "departure_time": "2021:10:20:13:36:20.395333"}}, "resp": {"exception": "None", "resp": "7"}, "profile": {"mo": 3, "exec_time_sec": 4.600000102072954e-05}}}, {"_id": "2021:10:20:13:36:21.464119", "Trace Message Type": "GenericMethodTraceMsg", "Trace Message": {"req": {"backend_type": "DirectPySerialDevice", "backend_instance_id": 3, "method_name": "read", "args": {"num_bytes": "7", "raw": "True"}, "id": 135, "time_profile": {"id": 134, "arrival_time": "2021:10:20:13:36:20.395333", "departure_time": "2021:10:20:13:36:20.459294"}}, "resp": {"exception": "None", "resp": {"stirring_speed_value": "0.0"}}, "profile": {"mo": 3, "exec_time_sec": 0.00035539999953471124}}}, {"_id": "2021:10:20:13:36:21.521052", "Trace Message Type": "GenericMethodTraceMsg", "Trace Message": {"req": {"backend_type": "DirectPySerialDevice", "backend_instance_id": 3, "method_name": "write", "args": {"data": {"command_name": "IN_SP_4", "value": null}}, "id": 136, "time_profile": {"id": 135, "arrival_time": "2021:10:20:13:36:20.459294", "departure_time": "2021:10:20:13:36:20.521257"}}, "resp": {"exception": "None", "resp": "None"}, "profile": {"mo": 3, "exec_time_sec": 0.0003688999859150499}}}, {"_id": "2021:10:20:13:36:21.581995", "Trace Message Type": "GenericMethodTraceMsg", "Trace Message": {"req": {"backend_type": "DirectPySerialDevice", "backend_instance_id": 3, "method_name": "get_input_size", "args": {}, "id": 137, "time_profile": {"id": 136, "arrival_time": "2021:10:20:13:36:20.521257", "departure_time": "2021:10:20:13:36:20.578221"}}, "resp": {"exception": "None", "resp": "10"}, "profile": {"mo": 3, "exec_time_sec": 0.00010240000119665638}}}, {"_id": "2021:10:20:13:36:21.643141", "Trace Message Type": "GenericMethodTraceMsg", "Trace Message": {"req": {"backend_type": "DirectPySerialDevice", "backend_instance_id": 3, "method_name": "read", "args": {"num_bytes": "10", "raw": "True"}, "id": 138, "time_profile": {"id": 137, "arrival_time": "2021:10:20:13:36:20.578221", "departure_time": "2021:10:20:13:36:20.639185"}}, "resp": {"exception": "None", "resp": {"speed_value": "1500.0"}}, "profile": {"mo": 3, "exec_time_sec": 0.00011300000187475234}}}, {"_id": "2021:10:20:13:36:21.715085", "Trace Message Type": "GenericMethodTraceMsg", "Trace Message": {"req": {"backend_type": "DirectPySerialDevice", "backend_instance_id": 3, "method_name": "write", "args": {"data": {"command_name": "STOP_4", "value": null}}, "id": 139, "time_profile": {"id": 138, "arrival_time": "2021:10:20:13:36:20.639185", "departure_time": "2021:10:20:13:36:20.699147"}}, "resp": {"exception": "None", "resp": "None"}, "profile": {"mo": 3, "exec_time_sec": 0.00019099999917671084}}}, {"_id": "2021:10:20:13:36:21.786178", "Trace Message Type": "GenericMethodTraceMsg", "Trace Message": {"req": {"backend_type": "DirectPySerialDevice", "backend_instance_id": 3, "method_name": "write", "args": {"data": {"command_name": "STOP_1", "value": null}}, "id": 140, "time_profile": {"id": 139, "arrival_time": "2021:10:20:13:36:20.710140", "departure_time": "2021:10:20:13:36:20.771103"}}, "resp": {"exception": "None", "resp": "None"}, "profile": {"mo": 3, "exec_time_sec": 0.0001568000006955117}}}, {"_id": "2021:10:20:13:36:35.495334", "Trace Message Type": "InitializeTraceMsg", "Trace Message": {"req": {"backend_type": "DirectArduinoAugmentedQuantos", "backend_instance_id": 4, "args": {"logging_level": "10", "address": "13", "serial_port": "None", "tcp_port": "None", "perfect_counts": "8700"}, "stacktrace": "[<FrameSummary file C:/Users/User/PycharmProjects/automated_solubility_h1/n9/tests/random_tests.py, line 15 in <module>>, <FrameSummary file <frozen importlib._bootstrap>, line 971 in _find_and_load>, <FrameSummary file <frozen importlib._bootstrap>, line 955 in _find_and_load_unlocked>, <FrameSummary file <frozen importlib._bootstrap>, line 665 in _load_unlocked>, <FrameSummary file <frozen importlib._bootstrap_external>, line 678 in exec_module>, <FrameSummary file <frozen importlib._bootstrap>, line 219 in _call_with_frames_removed>, <FrameSummary file C:\\Users\\User\\PycharmProjects\\automated_solubility_h1\\n9\\experiments\\capping_uncapping.py, line 3 in <module>>, <FrameSummary file <frozen importlib._bootstrap>, line 1023 in _handle_fromlist>, <FrameSummary file <frozen importlib._bootstrap>, line 219 in _call_with_frames_removed>, <FrameSummary file <frozen importlib._bootstrap>, line 971 in _find_and_load>, <FrameSummary file <frozen importlib._bootstrap>, line 955 in _find_and_load_unlocked>, <FrameSummary file <frozen importlib._bootstrap>, line 665 in _load_unlocked>, <FrameSummary file <frozen importlib._bootstrap_external>, line 678 in exec_module>, <FrameSummary file <frozen importlib._bootstrap>, line 219 in _call_with_frames_removed>, <FrameSummary file C:\\Users\\User\\PycharmProjects\\automated_solubility_h1\\n9\\configuration\\deck.py, line 116 in <module>>, <FrameSummary file C:\\Users\\User\\PycharmProjects\\automated_solubility_h1\\venv\\lib\\site-packages\\niraapad\\backends.py, line 668 in __init__>, <FrameSummary file C:\\Users\\User\\PycharmProjects\\automated_solubility_h1\\venv\\lib\\site-packages\\niraapad\\lab_computer\\niraapad_client.py, line 558 in initialize>]", "id": 141, "time_profile": {"id": 140, "arrival_time": "2021:10:20:13:36:20.785095", "departure_time": "2021:10:20:13:36:20.842060"}}, "resp": {"exception": "None"}, "profile": {"mo": 2, "exec_time_sec": 13.70126724243164}}}, {"_id": "2021:10:20:13:36:35.565195", "Trace Message Type": "GenericMethodTraceMsg", "Trace Message": {"req": {"backend_type": "DirectArduinoAugmentedQuantos", "backend_instance_id": 4, "method_name": "set_home_direction", "args": {"direction": "0"}, "id": 142, "time_profile": {"id": 141, "arrival_time": "2021:10:20:13:36:20.847057", "departure_time": "2021:10:20:13:36:34.551643"}}, "resp": {"exception": "None", "resp": "None"}, "profile": {"mo": 2, "exec_time_sec": 0.011570700444281101}}}, {"_id": "2021:10:20:13:36:36.873135", "Trace Message Type": "InitializeTraceMsg", "Trace Message": {"req": {"backend_type": "DirectUR3Arm", "backend_instance_id": 5, "args": {"host": "192.168.254.88", "default_velocity": "250", "max_velocity": "500", "position_units": "Units.MILLIMETERS", "default_joint_velocity": "20.0", "max_joint_velocity": "180.0", "gripper_default_velocity": "0.5", "gripper_default_force": "0.5", "gripper_id": "1", "gripper_base_port": "63352", "gripper_connect": "True", "connect": "True"}, "stacktrace": "[<FrameSummary file C:/Users/User/PycharmProjects/automated_solubility_h1/n9/tests/random_tests.py, line 16 in <module>>, <FrameSummary file <frozen importlib._bootstrap>, line 971 in _find_and_load>, <FrameSummary file <frozen importlib._bootstrap>, line 955 in _find_and_load_unlocked>, <FrameSummary file <frozen importlib._bootstrap>, line 665 in _load_unlocked>, <FrameSummary file <frozen importlib._bootstrap_external>, line 678 in exec_module>, <FrameSummary file <frozen importlib._bootstrap>, line 219 in _call_with_frames_removed>, <FrameSummary file C:\\Users\\User\\PycharmProjects\\automated_solubility_h1\\n9\\experiments\\crystal_solubility_profiling\\crystal_profiling_preparation_A.py, line 7 in <module>>, <FrameSummary file <frozen importlib._bootstrap>, line 1023 in _handle_fromlist>, <FrameSummary file <frozen importlib._bootstrap>, line 219 in _call_with_frames_removed>, <FrameSummary file <frozen importlib._bootstrap>, line 971 in _find_and_load>, <FrameSummary file <frozen importlib._bootstrap>, line 955 in _find_and_load_unlocked>, <FrameSummary file <frozen importlib._bootstrap>, line 665 in _load_unlocked>, <FrameSummary file <frozen importlib._bootstrap_external>, line 678 in exec_module>, <FrameSummary file <frozen importlib._bootstrap>, line 219 in _call_with_frames_removed>, <FrameSummary file C:\\Users\\User\\PycharmProjects\\automated_solubility_h1\\ur\\configuration\\ur_deck.py, line 2 in <module>>, <FrameSummary file C:\\Users\\User\\PycharmProjects\\automated_solubility_h1\\venv\\lib\\site-packages\\niraapad\\backends.py, line 365 in __init__>, <FrameSummary file C:\\Users\\User\\PycharmProjects\\automated_solubility_h1\\venv\\lib\\site-packages\\niraapad\\lab_computer\\niraapad_client.py, line 558 in initialize>]", "id": 143, "time_profile": {"id": 142, "arrival_time": "2021:10:20:13:36:34.551643", "departure_time": "2021:10:20:13:36:34.621600"}}, "resp": {"exception": "None"}, "profile": {"mo": 3, "exec_time_sec": 0.3498595952987671}}}, {"_id": "2021:10:20:13:36:38.086508", "Trace Message Type": "GenericMethodTraceMsg", "Trace Message": {"req": {"backend_type": "DirectArduinoAugmentedQuantos", "backend_instance_id": 4, "method_name": "home_z_stage", "args": {}, "id": 144, "time_profile": {"id": 143, "arrival_time": "2021:10:20:13:36:35.575013", "departure_time": "2021:10:20:13:36:35.929795"}}, "resp": {"exception": "None", "resp": "None"}, "profile": {"mo": 2, "exec_time_sec": 1.0141428709030151}}}, {"_id": "2021:10:20:13:37:01.217445", "Trace Message Type": "GenericMethodTraceMsg", "Trace Message": {"req": {"backend_type": "DirectArduinoAugmentedQuantos", "backend_instance_id": 4, "method_name": "move_z_stage", "args": {"steps": "8600", "speed": "400"}, "id": 145, "time_profile": {"id": 144, "arrival_time": "2021:10:20:13:36:36.122677", "departure_time": "2021:10:20:13:36:37.143050"}}, "resp": {"exception": "None", "resp": "None"}, "profile": {"mo": 2, "exec_time_sec": 22.12590789794922}}}, {"_id": "2021:10:20:13:37:01.276284", "Trace Message Type": "GenericSetterTraceMsg", "Trace Message": {"req": {"backend_type": "DirectArduinoAugmentedQuantos", "backend_instance_id": 4, "property_name": "target_mass", "value": "3", "id": 146, "time_profile": {"id": 145, "arrival_time": "2021:10:20:13:36:38.143436", "departure_time": "2021:10:20:13:37:00.272847"}}, "resp": {"exception": "None"}, "profile": {"mo": 2, "exec_time_sec": 0.05683460086584091}}}, {"_id": "2021:10:20:13:37:44.682021", "Trace Message Type": "GenericMethodTraceMsg", "Trace Message": {"req": {"backend_type": "DirectArduinoAugmentedQuantos", "backend_instance_id": 4, "method_name": "start_dosing", "args": {"wait_for": "True"}, "id": 147, "time_profile": {"id": 146, "arrival_time": "2021:10:20:13:37:00.272847", "departure_time": "2021:10:20:13:37:00.331812"}}, "resp": {"exception": "None", "resp": "None"}, "profile": {"mo": 2, "exec_time_sec": 43.40011978149414}}}, {"_id": "2021:10:20:13:38:06.836958", "Trace Message Type": "GenericMethodTraceMsg", "Trace Message": {"req": {"backend_type": "DirectArduinoAugmentedQuantos", "backend_instance_id": 4, "method_name": "home_z_stage", "args": {}, "id": 148, "time_profile": {"id": 147, "arrival_time": "2021:10:20:13:37:00.331812", "departure_time": "2021:10:20:13:37:43.736168"}}, "resp": {"exception": "None", "resp": "None"}, "profile": {"mo": 2, "exec_time_sec": 22.15142059326172}}}, {"_id": "2021:10:20:13:38:28.428439", "Trace Message Type": "StopServerTraceMsg", "Trace Message": {}}]}