{"Traces": [{"_id": "2021:10:22:12:34:22.383435", "Trace Message Type": "DeleteConnectionTraceMsg", "Trace Message": {"req": {}, "resp": {"exception": "None"}}}, {"_id": "2021:10:22:12:34:22.385430", "Trace Message Type": "InitializeConnectionTraceMsg", "Trace Message": {"req": {}, "resp": {"exception": "None"}}}, {"_id": "2021:10:22:12:34:22.500305", "Trace Message Type": "InitializeTraceMsg", "Trace Message": {"req": {"backend_type": "DirectFtdiDevice", "backend_instance_id": 1, "args": {"ftdi": "None"}, "stacktrace": "[<FrameSummary file C:/Users/User/PycharmProjects/automated_solubility_h1/n9/experiments/find_location.py, line 18 in <module>>, <FrameSummary file C:\\Users\\User\\PycharmProjects\\automated_solubility_h1\\venv\\lib\\site-packages\\north_c9\\controller.py, line 208 in __init__>, <FrameSummary file C:\\Users\\User\\PycharmProjects\\automated_solubility_h1\\venv\\lib\\site-packages\\ftdi_serial.py, line 418 in __init__>, <FrameSummary file C:\\Users\\User\\PycharmProjects\\automated_solubility_h1\\venv\\lib\\site-packages\\ftdi_serial.py, line 441 in connect>, <FrameSummary file C:\\Users\\User\\PycharmProjects\\automated_solubility_h1\\venv\\lib\\site-packages\\ftdi_serial.py, line 428 in open_device>, <FrameSummary file C:\\Users\\User\\PycharmProjects\\automated_solubility_h1\\venv\\lib\\site-packages\\niraapad\\backends.py, line 162 in __init__>, <FrameSummary file C:\\Users\\User\\PycharmProjects\\automated_solubility_h1\\venv\\lib\\site-packages\\niraapad\\lab_computer\\niraapad_client.py, line 558 in initialize>]", "id": 1}, "resp": {"exception": "None"}, "profile": {"mo": 3, "exec_time_sec": 0.04716720059514046}}}, {"_id": "2021:10:22:12:34:22.870387", "Trace Message Type": "GenericMethodTraceMsg", "Trace Message": {"req": {"backend_type": "DirectFtdiDevice", "backend_instance_id": 1, "method_name": "reset", "args": {}, "id": 2, "time_profile": {"id": 1, "arrival_time": "2021:10:22:12:34:21.679023", "departure_time": "2021:10:22:12:34:21.732989"}}, "resp": {"exception": "None", "resp": "None"}, "profile": {"mo": 3, "exec_time_sec": 0.2668558955192566}}}, {"_id": "2021:10:22:12:34:22.878365", "Trace Message Type": "GenericMethodTraceMsg", "Trace Message": {"req": {"backend_type": "DirectFtdiDevice", "backend_instance_id": 1, "method_name": "set_baud_rate", "args": {"baudrate": "115200"}, "id": 3, "time_profile": {"id": 2, "arrival_time": "2021:10:22:12:34:21.732989", "departure_time": "2021:10:22:12:34:22.101766"}}, "resp": {"exception": "None", "resp": "None"}, "profile": {"mo": 3, "exec_time_sec": 0.00014949997421354055}}}, {"_id": "2021:10:22:12:34:22.884353", "Trace Message Type": "GenericMethodTraceMsg", "Trace Message": {"req": {"backend_type": "DirectFtdiDevice", "backend_instance_id": 1, "method_name": "set_parameters", "args": {"data_bits": "0"}, "id": 4, "time_profile": {"id": 3, "arrival_time": "2021:10:22:12:34:22.101766", "departure_time": "2021:10:22:12:34:22.110758"}}, "resp": {"exception": "None", "resp": "None"}, "profile": {"mo": 3, "exec_time_sec": 0.00019569997675716877}}}, {"_id": "2021:10:22:12:34:22.890689", "Trace Message Type": "GenericMethodTraceMsg", "Trace Message": {"req": {"backend_type": "DirectFtdiDevice", "backend_instance_id": 1, "method_name": "set_timeouts", "args": {"read_timeout": "500"}, "id": 5, "time_profile": {"id": 4, "arrival_time": "2021:10:22:12:34:22.110758", "departure_time": "2021:10:22:12:34:22.116754"}}, "resp": {"exception": "None", "resp": "None"}, "profile": {"mo": 3, "exec_time_sec": 1.170000177808106e-05}}}, {"_id": "2021:10:22:12:34:22.905805", "Trace Message Type": "GenericMethodTraceMsg", "Trace Message": {"req": {"backend_type": "DirectFtdiDevice", "backend_instance_id": 1, "method_name": "set_timeouts", "args": {"read_timeout": "500"}, "id": 6, "time_profile": {"id": 5, "arrival_time": "2021:10:22:12:34:22.116754", "departure_time": "2021:10:22:12:34:22.127748"}}, "resp": {"exception": "None", "resp": "None"}, "profile": {"mo": 3, "exec_time_sec": 5.1499984692782164e-05}}}, {"_id": "2021:10:22:12:34:22.914746", "Trace Message Type": "GenericMethodTraceMsg", "Trace Message": {"req": {"backend_type": "DirectFtdiDevice", "backend_instance_id": 1, "method_name": "write", "args": {"data": {"network_address": "@1", "99": "99", "crc": "DB60", "sequence_no": "31", "command_name": "PING", "flags": {}, "args": {}, "command": ""}}, "id": 7, "time_profile": {"id": 6, "arrival_time": "2021:10:22:12:34:22.129747", "departure_time": "2021:10:22:12:34:22.138741"}}, "resp": {"exception": "None", "resp": "None"}, "profile": {"mo": 3, "exec_time_sec": 0.00027660001069307327}}}, {"_id": "2021:10:22:12:34:22.923722", "Trace Message Type": "GenericMethodTraceMsg", "Trace Message": {"req": {"backend_type": "DirectFtdiDevice", "backend_instance_id": 1, "method_name": "set_timeouts", "args": {"read_timeout": "500"}, "id": 8, "time_profile": {"id": 7, "arrival_time": "2021:10:22:12:34:22.138741", "departure_time": "2021:10:22:12:34:22.146738"}}, "resp": {"exception": "None", "resp": "None"}, "profile": {"mo": 3, "exec_time_sec": 2.269999822601676e-05}}}, {"_id": "2021:10:22:12:34:22.929696", "Trace Message Type": "GenericMethodTraceMsg", "Trace Message": {"req": {"backend_type": "DirectFtdiDevice", "backend_instance_id": 1, "method_name": "get_input_size", "args": {}, "id": 9, "time_profile": {"id": 8, "arrival_time": "2021:10:22:12:34:22.147735", "departure_time": "2021:10:22:12:34:22.155731"}}, "resp": {"exception": "None", "resp": "1"}, "profile": {"mo": 3, "exec_time_sec": 1.6999983927235007e-05}}}, {"_id": "2021:10:22:12:34:22.938671", "Trace Message Type": "GenericMethodTraceMsg", "Trace Message": {"req": {"backend_type": "DirectFtdiDevice", "backend_instance_id": 1, "method_name": "set_timeouts", "args": {"read_timeout": "500"}, "id": 10, "time_profile": {"id": 9, "arrival_time": "2021:10:22:12:34:22.155731", "departure_time": "2021:10:22:12:34:22.161726"}}, "resp": {"exception": "None", "resp": "None"}, "profile": {"mo": 3, "exec_time_sec": 1.0799994925037026e-05}}}, {"_id": "2021:10:22:12:34:22.947648", "Trace Message Type": "GenericMethodTraceMsg", "Trace Message": {"req": {"backend_type": "DirectFtdiDevice", "backend_instance_id": 1, "method_name": "read", "args": {"num_bytes": "1", "raw": "True"}, "id": 11, "time_profile": {"id": 10, "arrival_time": "2021:10:22:12:34:22.161726", "departure_time": "2021:10:22:12:34:22.171720"}}, "resp": {"exception": "None", "resp": "b'\\x80\\x03C\\x01\\x00q\\x00.'"}, "profile": {"mo": 3, "exec_time_sec": 5.609999061562121e-05}}}, {"_id": "2021:10:22:12:34:22.955627", "Trace Message Type": "GenericMethodTraceMsg", "Trace Message": {"req": {"backend_type": "DirectFtdiDevice", "backend_instance_id": 1, "method_name": "set_timeouts", "args": {"read_timeout": "500"}, "id": 12, "time_profile": {"id": 11, "arrival_time": "2021:10:22:12:34:22.171720", "departure_time": "2021:10:22:12:34:22.178717"}}, "resp": {"exception": "None", "resp": "None"}, "profile": {"mo": 3, "exec_time_sec": 1.9700004486367106e-05}}}, {"_id": "2021:10:22:12:34:22.963605", "Trace Message Type": "GenericMethodTraceMsg", "Trace Message": {"req": {"backend_type": "DirectFtdiDevice", "backend_instance_id": 1, "method_name": "get_input_size", "args": {}, "id": 13, "time_profile": {"id": 12, "arrival_time": "2021:10:22:12:34:22.178717", "departure_time": "2021:10:22:12:34:22.187711"}}, "resp": {"exception": "None", "resp": "7"}, "profile": {"mo": 3, "exec_time_sec": 3.3499993151053786e-05}}}, {"_id": "2021:10:22:12:34:22.970590", "Trace Message Type": "GenericMethodTraceMsg", "Trace Message": {"req": {"backend_type": "DirectFtdiDevice", "backend_instance_id": 1, "method_name": "set_timeouts", "args": {"read_timeout": "500"}, "id": 14, "time_profile": {"id": 13, "arrival_time": "2021:10:22:12:34:22.187711", "departure_time": "2021:10:22:12:34:22.195706"}}, "resp": {"exception": "None", "resp": "None"}, "profile": {"mo": 3, "exec_time_sec": 1.7099984688684344e-05}}}, {"_id": "2021:10:22:12:34:22.978566", "Trace Message Type": "GenericMethodTraceMsg", "Trace Message": {"req": {"backend_type": "DirectFtdiDevice", "backend_instance_id": 1, "method_name": "read", "args": {"num_bytes": "7", "raw": "True"}, "id": 15, "time_profile": {"id": 14, "arrival_time": "2021:10:22:12:34:22.195706", "departure_time": "2021:10:22:12:34:22.202701"}}, "resp": {"exception": "None", "resp": "b'\\x80\\x03C\\x07\\r857E\\r\\nq\\x00.'"}, "profile": {"mo": 3, "exec_time_sec": 3.37999954354018e-05}}}, {"_id": "2021:10:22:12:34:22.986544", "Trace Message Type": "GenericMethodTraceMsg", "Trace Message": {"req": {"backend_type": "DirectFtdiDevice", "backend_instance_id": 1, "method_name": "set_timeouts", "args": {"read_timeout": "500"}, "id": 16, "time_profile": {"id": 15, "arrival_time": "2021:10:22:12:34:22.202701", "departure_time": "2021:10:22:12:34:22.210697"}}, "resp": {"exception": "None", "resp": "None"}, "profile": {"mo": 3, "exec_time_sec": 2.4600012693554163e-05}}}, {"_id": "2021:10:22:12:34:23.079470", "Trace Message Type": "GenericMethodTraceMsg", "Trace Message": {"req": {"backend_type": "DirectFtdiDevice", "backend_instance_id": 1, "method_name": "set_timeouts", "args": {"read_timeout": "500"}, "id": 17, "time_profile": {"id": 16, "arrival_time": "2021:10:22:12:34:22.210697", "departure_time": "2021:10:22:12:34:22.217693"}}, "resp": {"exception": "None", "resp": "None"}, "profile": {"mo": 3, "exec_time_sec": 3.460000152699649e-05}}}, {"_id": "2021:10:22:12:34:23.088449", "Trace Message Type": "GenericMethodTraceMsg", "Trace Message": {"req": {"backend_type": "DirectFtdiDevice", "backend_instance_id": 1, "method_name": "write", "args": {"data": {"network_address": "@1", "99": "99", "crc": "D166", "sequence_no": "8", "command_name": "BIAS", "flags": {}, "args": {}, "command": ""}}, "id": 18, "time_profile": {"id": 17, "arrival_time": "2021:10:22:12:34:22.294645", "departure_time": "2021:10:22:12:34:22.311635"}}, "resp": {"exception": "None", "resp": "None"}, "profile": {"mo": 3, "exec_time_sec": 0.00013810000382363796}}}, {"_id": "2021:10:22:12:34:23.095430", "Trace Message Type": "GenericMethodTraceMsg", "Trace Message": {"req": {"backend_type": "DirectFtdiDevice", "backend_instance_id": 1, "method_name": "set_timeouts", "args": {"read_timeout": "500"}, "id": 19, "time_profile": {"id": 18, "arrival_time": "2021:10:22:12:34:22.311635", "departure_time": "2021:10:22:12:34:22.319628"}}, "resp": {"exception": "None", "resp": "None"}, "profile": {"mo": 3, "exec_time_sec": 1.479999627918005e-05}}}, {"_id": "2021:10:22:12:34:23.102408", "Trace Message Type": "GenericMethodTraceMsg", "Trace Message": {"req": {"backend_type": "DirectFtdiDevice", "backend_instance_id": 1, "method_name": "get_input_size", "args": {}, "id": 20, "time_profile": {"id": 19, "arrival_time": "2021:10:22:12:34:22.319628", "departure_time": "2021:10:22:12:34:22.327625"}}, "resp": {"exception": "None", "resp": "0"}, "profile": {"mo": 3, "exec_time_sec": 3.689998993650079e-05}}}, {"_id": "2021:10:22:12:34:23.112385", "Trace Message Type": "GenericMethodTraceMsg", "Trace Message": {"req": {"backend_type": "DirectFtdiDevice", "backend_instance_id": 1, "method_name": "set_timeouts", "args": {"read_timeout": "500"}, "id": 21, "time_profile": {"id": 20, "arrival_time": "2021:10:22:12:34:22.327625", "departure_time": "2021:10:22:12:34:22.333622"}}, "resp": {"exception": "None", "resp": "None"}, "profile": {"mo": 3, "exec_time_sec": 2.120001590810716e-05}}}, {"_id": "2021:10:22:12:34:23.119373", "Trace Message Type": "GenericMethodTraceMsg", "Trace Message": {"req": {"backend_type": "DirectFtdiDevice", "backend_instance_id": 1, "method_name": "read", "args": {"num_bytes": "1", "raw": "True"}, "id": 22, "time_profile": {"id": 21, "arrival_time": "2021:10:22:12:34:22.333622", "departure_time": "2021:10:22:12:34:22.343615"}}, "resp": {"exception": "None", "resp": "b'\\x80\\x03C\\x010q\\x00.'"}, "profile": {"mo": 3, "exec_time_sec": 3.610001294873655e-05}}}, {"_id": "2021:10:22:12:34:23.127355", "Trace Message Type": "GenericMethodTraceMsg", "Trace Message": {"req": {"backend_type": "DirectFtdiDevice", "backend_instance_id": 1, "method_name": "set_timeouts", "args": {"read_timeout": "500"}, "id": 23, "time_profile": {"id": 22, "arrival_time": "2021:10:22:12:34:22.343615", "departure_time": "2021:10:22:12:34:22.351610"}}, "resp": {"exception": "None", "resp": "None"}, "profile": {"mo": 3, "exec_time_sec": 2.8799986466765404e-05}}}, {"_id": "2021:10:22:12:34:23.136748", "Trace Message Type": "GenericMethodTraceMsg", "Trace Message": {"req": {"backend_type": "DirectFtdiDevice", "backend_instance_id": 1, "method_name": "get_input_size", "args": {}, "id": 24, "time_profile": {"id": 23, "arrival_time": "2021:10:22:12:34:22.351610", "departure_time": "2021:10:22:12:34:22.359605"}}, "resp": {"exception": "None", "resp": "8"}, "profile": {"mo": 3, "exec_time_sec": 3.2400013878941536e-05}}}, {"_id": "2021:10:22:12:34:23.154385", "Trace Message Type": "GenericMethodTraceMsg", "Trace Message": {"req": {"backend_type": "DirectFtdiDevice", "backend_instance_id": 1, "method_name": "set_timeouts", "args": {"read_timeout": "500"}, "id": 25, "time_profile": {"id": 24, "arrival_time": "2021:10:22:12:34:22.359605", "departure_time": "2021:10:22:12:34:22.368600"}}, "resp": {"exception": "None", "resp": "None"}, "profile": {"mo": 3, "exec_time_sec": 2.6399997295811772e-05}}}, {"_id": "2021:10:22:12:34:23.162362", "Trace Message Type": "GenericMethodTraceMsg", "Trace Message": {"req": {"backend_type": "DirectFtdiDevice", "backend_instance_id": 1, "method_name": "read", "args": {"num_bytes": "8", "raw": "True"}, "id": 26, "time_profile": {"id": 25, "arrival_time": "2021:10:22:12:34:22.368600", "departure_time": "2021:10:22:12:34:22.386589"}}, "resp": {"exception": "None", "resp": "b'\\x80\\x03C\\x08 \\rCAA9\\r\\nq\\x00.'"}, "profile": {"mo": 3, "exec_time_sec": 2.6399997295811772e-05}}}, {"_id": "2021:10:22:12:34:23.170340", "Trace Message Type": "GenericMethodTraceMsg", "Trace Message": {"req": {"backend_type": "DirectFtdiDevice", "backend_instance_id": 1, "method_name": "set_timeouts", "args": {"read_timeout": "500"}, "id": 27, "time_profile": {"id": 26, "arrival_time": "2021:10:22:12:34:22.386589", "departure_time": "2021:10:22:12:34:22.394584"}}, "resp": {"exception": "None", "resp": "None"}, "profile": {"mo": 3, "exec_time_sec": 3.409999771974981e-05}}}, {"_id": "2021:10:22:12:34:23.203337", "Trace Message Type": "GenericMethodTraceMsg", "Trace Message": {"req": {"backend_type": "DirectFtdiDevice", "backend_instance_id": 1, "method_name": "set_timeouts", "args": {"read_timeout": "500"}, "id": 28, "time_profile": {"id": 27, "arrival_time": "2021:10:22:12:34:22.394584", "departure_time": "2021:10:22:12:34:22.403579"}}, "resp": {"exception": "None", "resp": "None"}, "profile": {"mo": 3, "exec_time_sec": 2.0700012100860476e-05}}}, {"_id": "2021:10:22:12:34:23.210319", "Trace Message Type": "GenericMethodTraceMsg", "Trace Message": {"req": {"backend_type": "DirectFtdiDevice", "backend_instance_id": 1, "method_name": "write", "args": {"data": {"network_address": "@1", "99": "99", "crc": "EFC5", "sequence_no": "33", "command_name": "SPED", "flags": {}, "args": {"velocity": "20000", "acceleration": "20000"}, "command": ""}}, "id": 29, "time_profile": {"id": 28, "arrival_time": "2021:10:22:12:34:22.427564", "departure_time": "2021:10:22:12:34:22.435559"}}, "resp": {"exception": "None", "resp": "None"}, "profile": {"mo": 3, "exec_time_sec": 0.00016369999502785504}}}, {"_id": "2021:10:22:12:34:23.218293", "Trace Message Type": "GenericMethodTraceMsg", "Trace Message": {"req": {"backend_type": "DirectFtdiDevice", "backend_instance_id": 1, "method_name": "set_timeouts", "args": {"read_timeout": "500"}, "id": 30, "time_profile": {"id": 29, "arrival_time": "2021:10:22:12:34:22.435559", "departure_time": "2021:10:22:12:34:22.442557"}}, "resp": {"exception": "None", "resp": "None"}, "profile": {"mo": 3, "exec_time_sec": 2.4600012693554163e-05}}}, {"_id": "2021:10:22:12:34:23.232260", "Trace Message Type": "GenericMethodTraceMsg", "Trace Message": {"req": {"backend_type": "DirectFtdiDevice", "backend_instance_id": 1, "method_name": "get_input_size", "args": {}, "id": 31, "time_profile": {"id": 30, "arrival_time": "2021:10:22:12:34:22.442557", "departure_time": "2021:10:22:12:34:22.457545"}}, "resp": {"exception": "None", "resp": "0"}, "profile": {"mo": 3, "exec_time_sec": 2.3200002033263445e-05}}}, {"_id": "2021:10:22:12:34:23.240239", "Trace Message Type": "GenericMethodTraceMsg", "Trace Message": {"req": {"backend_type": "DirectFtdiDevice", "backend_instance_id": 1, "method_name": "set_timeouts", "args": {"read_timeout": "500"}, "id": 32, "time_profile": {"id": 31, "arrival_time": "2021:10:22:12:34:22.457545", "departure_time": "2021:10:22:12:34:22.464542"}}, "resp": {"exception": "None", "resp": "None"}, "profile": {"mo": 3, "exec_time_sec": 1.6999983927235007e-05}}}, {"_id": "2021:10:22:12:34:23.253659", "Trace Message Type": "GenericMethodTraceMsg", "Trace Message": {"req": {"backend_type": "DirectFtdiDevice", "backend_instance_id": 1, "method_name": "read", "args": {"num_bytes": "1", "raw": "True"}, "id": 33, "time_profile": {"id": 32, "arrival_time": "2021:10:22:12:34:22.464542", "departure_time": "2021:10:22:12:34:22.472535"}}, "resp": {"exception": "None", "resp": "b'\\x80\\x03C\\x012q\\x00.'"}, "profile": {"mo": 3, "exec_time_sec": 0.0055945999920368195}}}, {"_id": "2021:10:22:12:34:23.261651", "Trace Message Type": "GenericMethodTraceMsg", "Trace Message": {"req": {"backend_type": "DirectFtdiDevice", "backend_instance_id": 1, "method_name": "set_timeouts", "args": {"read_timeout": "500"}, "id": 34, "time_profile": {"id": 33, "arrival_time": "2021:10:22:12:34:22.472535", "departure_time": "2021:10:22:12:34:22.485528"}}, "resp": {"exception": "None", "resp": "None"}, "profile": {"mo": 3, "exec_time_sec": 2.139998832717538e-05}}}, {"_id": "2021:10:22:12:34:23.269068", "Trace Message Type": "GenericMethodTraceMsg", "Trace Message": {"req": {"backend_type": "DirectFtdiDevice", "backend_instance_id": 1, "method_name": "get_input_size", "args": {}, "id": 35, "time_profile": {"id": 34, "arrival_time": "2021:10:22:12:34:22.485528", "departure_time": "2021:10:22:12:34:22.494521"}}, "resp": {"exception": "None", "resp": "18"}, "profile": {"mo": 3, "exec_time_sec": 2.090001362375915e-05}}}, {"_id": "2021:10:22:12:34:23.276325", "Trace Message Type": "GenericMethodTraceMsg", "Trace Message": {"req": {"backend_type": "DirectFtdiDevice", "backend_instance_id": 1, "method_name": "set_timeouts", "args": {"read_timeout": "500"}, "id": 36, "time_profile": {"id": 35, "arrival_time": "2021:10:22:12:34:22.494521", "departure_time": "2021:10:22:12:34:22.501521"}}, "resp": {"exception": "None", "resp": "None"}, "profile": {"mo": 3, "exec_time_sec": 2.020000829361379e-05}}}, {"_id": "2021:10:22:12:34:23.283685", "Trace Message Type": "GenericMethodTraceMsg", "Trace Message": {"req": {"backend_type": "DirectFtdiDevice", "backend_instance_id": 1, "method_name": "read", "args": {"num_bytes": "18", "raw": "True"}, "id": 37, "time_profile": {"id": 36, "arrival_time": "2021:10:22:12:34:22.501521", "departure_time": "2021:10:22:12:34:22.509514"}}, "resp": {"exception": "None", "resp": "b'\\x80\\x03C\\x120000 20000 \\rC22D\\r\\nq\\x00.'"}, "profile": {"mo": 3, "exec_time_sec": 5.190001684240997e-05}}}, {"_id": "2021:10:22:12:34:23.291660", "Trace Message Type": "GenericMethodTraceMsg", "Trace Message": {"req": {"backend_type": "DirectFtdiDevice", "backend_instance_id": 1, "method_name": "set_timeouts", "args": {"read_timeout": "500"}, "id": 38, "time_profile": {"id": 37, "arrival_time": "2021:10:22:12:34:22.509514", "departure_time": "2021:10:22:12:34:22.515509"}}, "resp": {"exception": "None", "resp": "None"}, "profile": {"mo": 3, "exec_time_sec": 1.999997766688466e-05}}}, {"_id": "2021:10:22:12:34:23.301633", "Trace Message Type": "GenericMethodTraceMsg", "Trace Message": {"req": {"backend_type": "DirectFtdiDevice", "backend_instance_id": 1, "method_name": "set_timeouts", "args": {"read_timeout": "500"}, "id": 39, "time_profile": {"id": 38, "arrival_time": "2021:10:22:12:34:22.515509", "departure_time": "2021:10:22:12:34:22.523505"}}, "resp": {"exception": "None", "resp": "None"}, "profile": {"mo": 3, "exec_time_sec": 1.6099977074190974e-05}}}, {"_id": "2021:10:22:12:34:23.306623", "Trace Message Type": "GenericMethodTraceMsg", "Trace Message": {"req": {"backend_type": "DirectFtdiDevice", "backend_instance_id": 1, "method_name": "write", "args": {"data": {"network_address": "@1", "99": "99", "crc": "A77C", "sequence_no": "35", "command_name": "BIAS", "flags": {}, "args": {"bias": "0"}, "command": ""}}, "id": 40, "time_profile": {"id": 39, "arrival_time": "2021:10:22:12:34:22.526503", "departure_time": "2021:10:22:12:34:22.533499"}}, "resp": {"exception": "None", "resp": "None"}, "profile": {"mo": 3, "exec_time_sec": 0.00016590001177974045}}}, {"_id": "2021:10:22:12:34:23.319587", "Trace Message Type": "GenericMethodTraceMsg", "Trace Message": {"req": {"backend_type": "DirectFtdiDevice", "backend_instance_id": 1, "method_name": "set_timeouts", "args": {"read_timeout": "500"}, "id": 41, "time_profile": {"id": 40, "arrival_time": "2021:10:22:12:34:22.533499", "departure_time": "2021:10:22:12:34:22.538495"}}, "resp": {"exception": "None", "resp": "None"}, "profile": {"mo": 3, "exec_time_sec": 5.089998012408614e-05}}}, {"_id": "2021:10:22:12:34:23.325749", "Trace Message Type": "GenericMethodTraceMsg", "Trace Message": {"req": {"backend_type": "DirectFtdiDevice", "backend_instance_id": 1, "method_name": "get_input_size", "args": {}, "id": 42, "time_profile": {"id": 41, "arrival_time": "2021:10:22:12:34:22.538495", "departure_time": "2021:10:22:12:34:22.551487"}}, "resp": {"exception": "None", "resp": "0"}, "profile": {"mo": 3, "exec_time_sec": 2.649999805726111e-05}}}, {"_id": "2021:10:22:12:34:23.333723", "Trace Message Type": "GenericMethodTraceMsg", "Trace Message": {"req": {"backend_type": "DirectFtdiDevice", "backend_instance_id": 1, "method_name": "set_timeouts", "args": {"read_timeout": "500"}, "id": 43, "time_profile": {"id": 42, "arrival_time": "2021:10:22:12:34:22.551487", "departure_time": "2021:10:22:12:34:22.557484"}}, "resp": {"exception": "None", "resp": "None"}, "profile": {"mo": 3, "exec_time_sec": 2.5999994250014424e-05}}}, {"_id": "2021:10:22:12:34:23.340710", "Trace Message Type": "GenericMethodTraceMsg", "Trace Message": {"req": {"backend_type": "DirectFtdiDevice", "backend_instance_id": 1, "method_name": "read", "args": {"num_bytes": "1", "raw": "True"}, "id": 44, "time_profile": {"id": 43, "arrival_time": "2021:10:22:12:34:22.557484", "departure_time": "2021:10:22:12:34:22.565479"}}, "resp": {"exception": "None", "resp": "b'\\x80\\x03C\\x010q\\x00.'"}, "profile": {"mo": 3, "exec_time_sec": 3.540000761859119e-05}}}, {"_id": "2021:10:22:12:34:23.348229", "Trace Message Type": "GenericMethodTraceMsg", "Trace Message": {"req": {"backend_type": "DirectFtdiDevice", "backend_instance_id": 1, "method_name": "set_timeouts", "args": {"read_timeout": "500"}, "id": 45, "time_profile": {"id": 44, "arrival_time": "2021:10:22:12:34:22.565479", "departure_time": "2021:10:22:12:34:22.572475"}}, "resp": {"exception": "None", "resp": "None"}, "profile": {"mo": 3, "exec_time_sec": 2.549999044276774e-05}}}, {"_id": "2021:10:22:12:34:23.354547", "Trace Message Type": "GenericMethodTraceMsg", "Trace Message": {"req": {"backend_type": "DirectFtdiDevice", "backend_instance_id": 1, "method_name": "get_input_size", "args": {}, "id": 46, "time_profile": {"id": 45, "arrival_time": "2021:10:22:12:34:22.572475", "departure_time": "2021:10:22:12:34:22.579470"}}, "resp": {"exception": "None", "resp": "8"}, "profile": {"mo": 3, "exec_time_sec": 2.230002428404987e-05}}}, {"_id": "2021:10:22:12:34:23.362824", "Trace Message Type": "GenericMethodTraceMsg", "Trace Message": {"req": {"backend_type": "DirectFtdiDevice", "backend_instance_id": 1, "method_name": "set_timeouts", "args": {"read_timeout": "500"}, "id": 47, "time_profile": {"id": 46, "arrival_time": "2021:10:22:12:34:22.579470", "departure_time": "2021:10:22:12:34:22.586466"}}, "resp": {"exception": "None", "resp": "None"}, "profile": {"mo": 3, "exec_time_sec": 2.120001590810716e-05}}}, {"_id": "2021:10:22:12:34:23.368809", "Trace Message Type": "GenericMethodTraceMsg", "Trace Message": {"req": {"backend_type": "DirectFtdiDevice", "backend_instance_id": 1, "method_name": "read", "args": {"num_bytes": "8", "raw": "True"}, "id": 48, "time_profile": {"id": 47, "arrival_time": "2021:10:22:12:34:22.586466", "departure_time": "2021:10:22:12:34:22.594461"}}, "resp": {"exception": "None", "resp": "b'\\x80\\x03C\\x08 \\rCAA9\\r\\nq\\x00.'"}, "profile": {"mo": 3, "exec_time_sec": 2.5199988158419728e-05}}}, {"_id": "2021:10:22:12:34:23.377780", "Trace Message Type": "GenericMethodTraceMsg", "Trace Message": {"req": {"backend_type": "DirectFtdiDevice", "backend_instance_id": 1, "method_name": "set_timeouts", "args": {"read_timeout": "500"}, "id": 49, "time_profile": {"id": 48, "arrival_time": "2021:10:22:12:34:22.594461", "departure_time": "2021:10:22:12:34:22.600458"}}, "resp": {"exception": "None", "resp": "None"}, "profile": {"mo": 3, "exec_time_sec": 2.3200002033263445e-05}}}, {"_id": "2021:10:22:12:34:23.387754", "Trace Message Type": "GenericMethodTraceMsg", "Trace Message": {"req": {"backend_type": "DirectFtdiDevice", "backend_instance_id": 1, "method_name": "set_timeouts", "args": {"read_timeout": "500"}, "id": 50, "time_profile": {"id": 49, "arrival_time": "2021:10:22:12:34:22.600458", "departure_time": "2021:10:22:12:34:22.609452"}}, "resp": {"exception": "None", "resp": "None"}, "profile": {"mo": 3, "exec_time_sec": 1.8399994587525725e-05}}}, {"_id": "2021:10:22:12:34:23.394735", "Trace Message Type": "GenericMethodTraceMsg", "Trace Message": {"req": {"backend_type": "DirectFtdiDevice", "backend_instance_id": 1, "method_name": "write", "args": {"data": {"network_address": "@1", "99": "99", "crc": "4E69", "sequence_no": "37", "command_name": "HOME", "flags": {"if_needed": "1"}, "args": {}, "command": ""}}, "id": 51, "time_profile": {"id": 50, "arrival_time": "2021:10:22:12:34:22.613449", "departure_time": "2021:10:22:12:34:22.620446"}}, "resp": {"exception": "None", "resp": "None"}, "profile": {"mo": 3, "exec_time_sec": 0.00012020001304335892}}}, {"_id": "2021:10:22:12:34:23.400722", "Trace Message Type": "GenericMethodTraceMsg", "Trace Message": {"req": {"backend_type": "DirectFtdiDevice", "backend_instance_id": 1, "method_name": "set_timeouts", "args": {"read_timeout": "500"}, "id": 52, "time_profile": {"id": 51, "arrival_time": "2021:10:22:12:34:22.620446", "departure_time": "2021:10:22:12:34:22.626441"}}, "resp": {"exception": "None", "resp": "None"}, "profile": {"mo": 3, "exec_time_sec": 2.1299987565726042e-05}}}, {"_id": "2021:10:22:12:34:23.408699", "Trace Message Type": "GenericMethodTraceMsg", "Trace Message": {"req": {"backend_type": "DirectFtdiDevice", "backend_instance_id": 1, "method_name": "get_input_size", "args": {}, "id": 53, "time_profile": {"id": 52, "arrival_time": "2021:10:22:12:34:22.626441", "departure_time": "2021:10:22:12:34:22.632438"}}, "resp": {"exception": "None", "resp": "0"}, "profile": {"mo": 3, "exec_time_sec": 2.4900014977902174e-05}}}, {"_id": "2021:10:22:12:34:23.418671", "Trace Message Type": "GenericMethodTraceMsg", "Trace Message": {"req": {"backend_type": "DirectFtdiDevice", "backend_instance_id": 1, "method_name": "set_timeouts", "args": {"read_timeout": "500"}, "id": 54, "time_profile": {"id": 53, "arrival_time": "2021:10:22:12:34:22.633437", "departure_time": "2021:10:22:12:34:22.641431"}}, "resp": {"exception": "None", "resp": "None"}, "profile": {"mo": 3, "exec_time_sec": 1.9700004486367106e-05}}}, {"_id": "2021:10:22:12:34:23.429641", "Trace Message Type": "GenericMethodTraceMsg", "Trace Message": {"req": {"backend_type": "DirectFtdiDevice", "backend_instance_id": 1, "method_name": "read", "args": {"num_bytes": "1", "raw": "True"}, "id": 55, "time_profile": {"id": 54, "arrival_time": "2021:10:22:12:34:22.641431", "departure_time": "2021:10:22:12:34:22.650425"}}, "resp": {"exception": "None", "resp": "b'\\x80\\x03C\\x012q\\x00.'"}, "profile": {"mo": 3, "exec_time_sec": 0.004830200225114822}}}, {"_id": "2021:10:22:12:34:23.436623", "Trace Message Type": "GenericMethodTraceMsg", "Trace Message": {"req": {"backend_type": "DirectFtdiDevice", "backend_instance_id": 1, "method_name": "set_timeouts", "args": {"read_timeout": "500"}, "id": 56, "time_profile": {"id": 55, "arrival_time": "2021:10:22:12:34:22.650425", "departure_time": "2021:10:22:12:34:22.661421"}}, "resp": {"exception": "None", "resp": "None"}, "profile": {"mo": 3, "exec_time_sec": 2.0700012100860476e-05}}}, {"_id": "2021:10:22:12:34:23.442607", "Trace Message Type": "GenericMethodTraceMsg", "Trace Message": {"req": {"backend_type": "DirectFtdiDevice", "backend_instance_id": 1, "method_name": "get_input_size", "args": {}, "id": 57, "time_profile": {"id": 56, "arrival_time": "2021:10:22:12:34:22.661421", "departure_time": "2021:10:22:12:34:22.668416"}}, "resp": {"exception": "None", "resp": "8"}, "profile": {"mo": 3, "exec_time_sec": 1.960000372491777e-05}}}, {"_id": "2021:10:22:12:34:23.450596", "Trace Message Type": "GenericMethodTraceMsg", "Trace Message": {"req": {"backend_type": "DirectFtdiDevice", "backend_instance_id": 1, "method_name": "set_timeouts", "args": {"read_timeout": "500"}, "id": 58, "time_profile": {"id": 57, "arrival_time": "2021:10:22:12:34:22.668416", "departure_time": "2021:10:22:12:34:22.674412"}}, "resp": {"exception": "None", "resp": "None"}, "profile": {"mo": 3, "exec_time_sec": 4.400001489557326e-05}}}, {"_id": "2021:10:22:12:34:23.456569", "Trace Message Type": "GenericMethodTraceMsg", "Trace Message": {"req": {"backend_type": "DirectFtdiDevice", "backend_instance_id": 1, "method_name": "read", "args": {"num_bytes": "8", "raw": "True"}, "id": 59, "time_profile": {"id": 58, "arrival_time": "2021:10:22:12:34:22.674412", "departure_time": "2021:10:22:12:34:22.682407"}}, "resp": {"exception": "None", "resp": "b'\\x80\\x03C\\x08433 1033q\\x00.'"}, "profile": {"mo": 3, "exec_time_sec": 2.929999027401209e-05}}}, {"_id": "2021:10:22:12:34:23.463555", "Trace Message Type": "GenericMethodTraceMsg", "Trace Message": {"req": {"backend_type": "DirectFtdiDevice", "backend_instance_id": 1, "method_name": "set_timeouts", "args": {"read_timeout": "500"}, "id": 60, "time_profile": {"id": 59, "arrival_time": "2021:10:22:12:34:22.682407", "departure_time": "2021:10:22:12:34:22.688403"}}, "resp": {"exception": "None", "resp": "None"}, "profile": {"mo": 3, "exec_time_sec": 1.5400000847876072e-05}}}, {"_id": "2021:10:22:12:34:23.480509", "Trace Message Type": "GenericMethodTraceMsg", "Trace Message": {"req": {"backend_type": "DirectFtdiDevice", "backend_instance_id": 1, "method_name": "get_input_size", "args": {}, "id": 61, "time_profile": {"id": 60, "arrival_time": "2021:10:22:12:34:22.688403", "departure_time": "2021:10:22:12:34:22.705393"}}, "resp": {"exception": "None", "resp": "19"}, "profile": {"mo": 3, "exec_time_sec": 2.169999061152339e-05}}}, {"_id": "2021:10:22:12:34:23.487491", "Trace Message Type": "GenericMethodTraceMsg", "Trace Message": {"req": {"backend_type": "DirectFtdiDevice", "backend_instance_id": 1, "method_name": "set_timeouts", "args": {"read_timeout": "500"}, "id": 62, "time_profile": {"id": 61, "arrival_time": "2021:10:22:12:34:22.705393", "departure_time": "2021:10:22:12:34:22.712389"}}, "resp": {"exception": "None", "resp": "None"}, "profile": {"mo": 3, "exec_time_sec": 2.4399982066825032e-05}}}, {"_id": "2021:10:22:12:34:23.506439", "Trace Message Type": "GenericMethodTraceMsg", "Trace Message": {"req": {"backend_type": "DirectFtdiDevice", "backend_instance_id": 1, "method_name": "read", "args": {"num_bytes": "19", "raw": "True"}, "id": 63, "time_profile": {"id": 62, "arrival_time": "2021:10:22:12:34:22.712389", "departure_time": "2021:10:22:12:34:22.719384"}}, "resp": {"exception": "None", "resp": "b'\\x80\\x03C\\x131 40824 522 \\r8ABB\\r\\nq\\x00.'"}, "profile": {"mo": 3, "exec_time_sec": 4.889999399892986e-05}}}, {"_id": "2021:10:22:12:34:23.518420", "Trace Message Type": "GenericMethodTraceMsg", "Trace Message": {"req": {"backend_type": "DirectFtdiDevice", "backend_instance_id": 1, "method_name": "set_timeouts", "args": {"read_timeout": "500"}, "id": 64, "time_profile": {"id": 63, "arrival_time": "2021:10:22:12:34:22.719384", "departure_time": "2021:10:22:12:34:22.738372"}}, "resp": {"exception": "None", "resp": "None"}, "profile": {"mo": 3, "exec_time_sec": 4.470002022571862e-05}}}, {"_id": "2021:10:22:12:34:23.531400", "Trace Message Type": "GenericMethodTraceMsg", "Trace Message": {"req": {"backend_type": "DirectFtdiDevice", "backend_instance_id": 1, "method_name": "set_timeouts", "args": {"read_timeout": "500"}, "id": 65, "time_profile": {"id": 64, "arrival_time": "2021:10:22:12:34:22.738372", "departure_time": "2021:10:22:12:34:22.751364"}}, "resp": {"exception": "None", "resp": "None"}, "profile": {"mo": 3, "exec_time_sec": 2.0100007532164454e-05}}}, {"_id": "2021:10:22:12:34:23.541377", "Trace Message Type": "GenericMethodTraceMsg", "Trace Message": {"req": {"backend_type": "DirectFtdiDevice", "backend_instance_id": 1, "method_name": "write", "args": {"data": {"network_address": "@1", "99": "99", "crc": "ACC3", "sequence_no": "10", "command_name": "SPED", "flags": {}, "args": {}, "command": ""}}, "id": 66, "time_profile": {"id": 65, "arrival_time": "2021:10:22:12:34:22.754363", "departure_time": "2021:10:22:12:34:22.764357"}}, "resp": {"exception": "None", "resp": "None"}, "profile": {"mo": 3, "exec_time_sec": 0.0002658999874256551}}}, {"_id": "2021:10:22:12:34:23.550345", "Trace Message Type": "GenericMethodTraceMsg", "Trace Message": {"req": {"backend_type": "DirectFtdiDevice", "backend_instance_id": 1, "method_name": "set_timeouts", "args": {"read_timeout": "500"}, "id": 67, "time_profile": {"id": 66, "arrival_time": "2021:10:22:12:34:22.764357", "departure_time": "2021:10:22:12:34:22.773350"}}, "resp": {"exception": "None", "resp": "None"}, "profile": {"mo": 3, "exec_time_sec": 5.5899989092722535e-05}}}, {"_id": "2021:10:22:12:34:23.557330", "Trace Message Type": "GenericMethodTraceMsg", "Trace Message": {"req": {"backend_type": "DirectFtdiDevice", "backend_instance_id": 1, "method_name": "get_input_size", "args": {}, "id": 68, "time_profile": {"id": 67, "arrival_time": "2021:10:22:12:34:22.773350", "departure_time": "2021:10:22:12:34:22.781347"}}, "resp": {"exception": "None", "resp": "0"}, "profile": {"mo": 3, "exec_time_sec": 2.1100015146657825e-05}}}, {"_id": "2021:10:22:12:34:23.566306", "Trace Message Type": "GenericMethodTraceMsg", "Trace Message": {"req": {"backend_type": "DirectFtdiDevice", "backend_instance_id": 1, "method_name": "set_timeouts", "args": {"read_timeout": "500"}, "id": 69, "time_profile": {"id": 68, "arrival_time": "2021:10:22:12:34:22.781347", "departure_time": "2021:10:22:12:34:22.789341"}}, "resp": {"exception": "None", "resp": "None"}, "profile": {"mo": 3, "exec_time_sec": 2.7300004148855805e-05}}}, {"_id": "2021:10:22:12:34:23.575729", "Trace Message Type": "GenericMethodTraceMsg", "Trace Message": {"req": {"backend_type": "DirectFtdiDevice", "backend_instance_id": 1, "method_name": "read", "args": {"num_bytes": "1", "raw": "True"}, "id": 70, "time_profile": {"id": 69, "arrival_time": "2021:10:22:12:34:22.789341", "departure_time": "2021:10:22:12:34:22.798336"}}, "resp": {"exception": "None", "resp": "b'\\x80\\x03C\\x012q\\x00.'"}, "profile": {"mo": 3, "exec_time_sec": 5.3800002206116915e-05}}}, {"_id": "2021:10:22:12:34:23.583712", "Trace Message Type": "GenericMethodTraceMsg", "Trace Message": {"req": {"backend_type": "DirectFtdiDevice", "backend_instance_id": 1, "method_name": "set_timeouts", "args": {"read_timeout": "500"}, "id": 71, "time_profile": {"id": 70, "arrival_time": "2021:10:22:12:34:22.798336", "departure_time": "2021:10:22:12:34:22.807330"}}, "resp": {"exception": "None", "resp": "None"}, "profile": {"mo": 3, "exec_time_sec": 2.020000829361379e-05}}}, {"_id": "2021:10:22:12:34:23.591691", "Trace Message Type": "GenericMethodTraceMsg", "Trace Message": {"req": {"backend_type": "DirectFtdiDevice", "backend_instance_id": 1, "method_name": "get_input_size", "args": {}, "id": 72, "time_profile": {"id": 71, "arrival_time": "2021:10:22:12:34:22.807330", "departure_time": "2021:10:22:12:34:22.815325"}}, "resp": {"exception": "None", "resp": "18"}, "profile": {"mo": 3, "exec_time_sec": 2.500001573935151e-05}}}, {"_id": "2021:10:22:12:34:23.602664", "Trace Message Type": "GenericMethodTraceMsg", "Trace Message": {"req": {"backend_type": "DirectFtdiDevice", "backend_instance_id": 1, "method_name": "set_timeouts", "args": {"read_timeout": "500"}, "id": 73, "time_profile": {"id": 72, "arrival_time": "2021:10:22:12:34:22.816323", "departure_time": "2021:10:22:12:34:22.824318"}}, "resp": {"exception": "None", "resp": "None"}, "profile": {"mo": 3, "exec_time_sec": 2.540001878514886e-05}}}, {"_id": "2021:10:22:12:34:23.611637", "Trace Message Type": "GenericMethodTraceMsg", "Trace Message": {"req": {"backend_type": "DirectFtdiDevice", "backend_instance_id": 1, "method_name": "read", "args": {"num_bytes": "18", "raw": "True"}, "id": 74, "time_profile": {"id": 73, "arrival_time": "2021:10:22:12:34:22.824318", "departure_time": "2021:10:22:12:34:22.834314"}}, "resp": {"exception": "None", "resp": "b'\\x80\\x03C\\x120000 20000 \\rC22D\\r\\nq\\x00.'"}, "profile": {"mo": 3, "exec_time_sec": 2.9099988751113415e-05}}}, {"_id": "2021:10:22:12:34:23.619617", "Trace Message Type": "GenericMethodTraceMsg", "Trace Message": {"req": {"backend_type": "DirectFtdiDevice", "backend_instance_id": 1, "method_name": "set_timeouts", "args": {"read_timeout": "500"}, "id": 75, "time_profile": {"id": 74, "arrival_time": "2021:10:22:12:34:22.834314", "departure_time": "2021:10:22:12:34:22.843309"}}, "resp": {"exception": "None", "resp": "None"}, "profile": {"mo": 3, "exec_time_sec": 2.4600012693554163e-05}}}, {"_id": "2021:10:22:12:34:23.632764", "Trace Message Type": "GenericMethodTraceMsg", "Trace Message": {"req": {"backend_type": "DirectFtdiDevice", "backend_instance_id": 1, "method_name": "set_timeouts", "args": {"read_timeout": "500"}, "id": 76, "time_profile": {"id": 75, "arrival_time": "2021:10:22:12:34:22.843309", "departure_time": "2021:10:22:12:34:22.852304"}}, "resp": {"exception": "None", "resp": "None"}, "profile": {"mo": 3, "exec_time_sec": 4.339998122304678e-05}}}, {"_id": "2021:10:22:12:34:23.640748", "Trace Message Type": "GenericMethodTraceMsg", "Trace Message": {"req": {"backend_type": "DirectFtdiDevice", "backend_instance_id": 1, "method_name": "write", "args": {"data": {"network_address": "@1", "99": "99", "crc": "0255", "sequence_no": "12", "command_name": "BIAS", "flags": {}, "args": {}, "command": ""}}, "id": 77, "time_profile": {"id": 76, "arrival_time": "2021:10:22:12:34:22.855301", "departure_time": "2021:10:22:12:34:22.864296"}}, "resp": {"exception": "None", "resp": "None"}, "profile": {"mo": 3, "exec_time_sec": 0.00012919999426230788}}}, {"_id": "2021:10:22:12:34:23.649722", "Trace Message Type": "GenericMethodTraceMsg", "Trace Message": {"req": {"backend_type": "DirectFtdiDevice", "backend_instance_id": 1, "method_name": "set_timeouts", "args": {"read_timeout": "500"}, "id": 78, "time_profile": {"id": 77, "arrival_time": "2021:10:22:12:34:22.865295", "departure_time": "2021:10:22:12:34:22.873290"}}, "resp": {"exception": "None", "resp": "None"}, "profile": {"mo": 3, "exec_time_sec": 2.9099988751113415e-05}}}, {"_id": "2021:10:22:12:34:23.660692", "Trace Message Type": "GenericMethodTraceMsg", "Trace Message": {"req": {"backend_type": "DirectFtdiDevice", "backend_instance_id": 1, "method_name": "get_input_size", "args": {}, "id": 79, "time_profile": {"id": 78, "arrival_time": "2021:10:22:12:34:22.873290", "departure_time": "2021:10:22:12:34:22.884283"}}, "resp": {"exception": "None", "resp": "0"}, "profile": {"mo": 3, "exec_time_sec": 2.1499989088624716e-05}}}, {"_id": "2021:10:22:12:34:23.672667", "Trace Message Type": "GenericMethodTraceMsg", "Trace Message": {"req": {"backend_type": "DirectFtdiDevice", "backend_instance_id": 1, "method_name": "set_timeouts", "args": {"read_timeout": "500"}, "id": 80, "time_profile": {"id": 79, "arrival_time": "2021:10:22:12:34:22.884283", "departure_time": "2021:10:22:12:34:22.893277"}}, "resp": {"exception": "None", "resp": "None"}, "profile": {"mo": 3, "exec_time_sec": 3.0399998649954796e-05}}}, {"_id": "2021:10:22:12:34:23.681638", "Trace Message Type": "GenericMethodTraceMsg", "Trace Message": {"req": {"backend_type": "DirectFtdiDevice", "backend_instance_id": 1, "method_name": "read", "args": {"num_bytes": "1", "raw": "True"}, "id": 81, "time_profile": {"id": 80, "arrival_time": "2021:10:22:12:34:22.893277", "departure_time": "2021:10:22:12:34:22.904271"}}, "resp": {"exception": "None", "resp": "b'\\x80\\x03C\\x010q\\x00.'"}, "profile": {"mo": 3, "exec_time_sec": 5.140001303516328e-05}}}, {"_id": "2021:10:22:12:34:23.691684", "Trace Message Type": "GenericMethodTraceMsg", "Trace Message": {"req": {"backend_type": "DirectFtdiDevice", "backend_instance_id": 1, "method_name": "set_timeouts", "args": {"read_timeout": "500"}, "id": 82, "time_profile": {"id": 81, "arrival_time": "2021:10:22:12:34:22.904271", "departure_time": "2021:10:22:12:34:22.915264"}}, "resp": {"exception": "None", "resp": "None"}, "profile": {"mo": 3, "exec_time_sec": 2.720000338740647e-05}}}, {"_id": "2021:10:22:12:34:23.698850", "Trace Message Type": "GenericMethodTraceMsg", "Trace Message": {"req": {"backend_type": "DirectFtdiDevice", "backend_instance_id": 1, "method_name": "get_input_size", "args": {}, "id": 83, "time_profile": {"id": 82, "arrival_time": "2021:10:22:12:34:22.915264", "departure_time": "2021:10:22:12:34:22.923259"}}, "resp": {"exception": "None", "resp": "8"}, "profile": {"mo": 3, "exec_time_sec": 2.7000001864507794e-05}}}, {"_id": "2021:10:22:12:34:23.706831", "Trace Message Type": "GenericMethodTraceMsg", "Trace Message": {"req": {"backend_type": "DirectFtdiDevice", "backend_instance_id": 1, "method_name": "set_timeouts", "args": {"read_timeout": "500"}, "id": 84, "time_profile": {"id": 83, "arrival_time": "2021:10:22:12:34:22.923259", "departure_time": "2021:10:22:12:34:22.930255"}}, "resp": {"exception": "None", "resp": "None"}, "profile": {"mo": 3, "exec_time_sec": 2.5300018023699522e-05}}}, {"_id": "2021:10:22:12:34:23.715019", "Trace Message Type": "GenericMethodTraceMsg", "Trace Message": {"req": {"backend_type": "DirectFtdiDevice", "backend_instance_id": 1, "method_name": "read", "args": {"num_bytes": "8", "raw": "True"}, "id": 85, "time_profile": {"id": 84, "arrival_time": "2021:10:22:12:34:22.930255", "departure_time": "2021:10:22:12:34:22.939249"}}, "resp": {"exception": "None", "resp": "b'\\x80\\x03C\\x08 \\rCAA9\\r\\nq\\x00.'"}, "profile": {"mo": 3, "exec_time_sec": 2.750000567175448e-05}}}, {"_id": "2021:10:22:12:34:23.724848", "Trace Message Type": "GenericMethodTraceMsg", "Trace Message": {"req": {"backend_type": "DirectFtdiDevice", "backend_instance_id": 1, "method_name": "set_timeouts", "args": {"read_timeout": "500"}, "id": 86, "time_profile": {"id": 85, "arrival_time": "2021:10:22:12:34:22.939249", "departure_time": "2021:10:22:12:34:22.947244"}}, "resp": {"exception": "None", "resp": "None"}, "profile": {"mo": 3, "exec_time_sec": 1.7700018361210823e-05}}}, {"_id": "2021:10:22:12:34:23.736812", "Trace Message Type": "GenericMethodTraceMsg", "Trace Message": {"req": {"backend_type": "DirectFtdiDevice", "backend_instance_id": 1, "method_name": "set_timeouts", "args": {"read_timeout": "500"}, "id": 87, "time_profile": {"id": 86, "arrival_time": "2021:10:22:12:34:22.947244", "departure_time": "2021:10:22:12:34:22.957239"}}, "resp": {"exception": "None", "resp": "None"}, "profile": {"mo": 3, "exec_time_sec": 2.3599975975230336e-05}}}, {"_id": "2021:10:22:12:34:23.743798", "Trace Message Type": "GenericMethodTraceMsg", "Trace Message": {"req": {"backend_type": "DirectFtdiDevice", "backend_instance_id": 1, "method_name": "write", "args": {"data": {"network_address": "@1", "99": "99", "crc": "9552", "sequence_no": "14", "command_name": "SPED", "flags": {}, "args": {"velocity": "40000", "acceleration": "100000"}, "command": ""}}, "id": 88, "time_profile": {"id": 87, "arrival_time": "2021:10:22:12:34:22.960236", "departure_time": "2021:10:22:12:34:22.968232"}}, "resp": {"exception": "None", "resp": "None"}, "profile": {"mo": 3, "exec_time_sec": 0.00015050001093186438}}}, {"_id": "2021:10:22:12:34:23.751776", "Trace Message Type": "GenericMethodTraceMsg", "Trace Message": {"req": {"backend_type": "DirectFtdiDevice", "backend_instance_id": 1, "method_name": "set_timeouts", "args": {"read_timeout": "500"}, "id": 89, "time_profile": {"id": 88, "arrival_time": "2021:10:22:12:34:22.968232", "departure_time": "2021:10:22:12:34:22.975226"}}, "resp": {"exception": "None", "resp": "None"}, "profile": {"mo": 3, "exec_time_sec": 1.3299984857439995e-05}}}, {"_id": "2021:10:22:12:34:23.762747", "Trace Message Type": "GenericMethodTraceMsg", "Trace Message": {"req": {"backend_type": "DirectFtdiDevice", "backend_instance_id": 1, "method_name": "get_input_size", "args": {}, "id": 90, "time_profile": {"id": 89, "arrival_time": "2021:10:22:12:34:22.975226", "departure_time": "2021:10:22:12:34:22.985223"}}, "resp": {"exception": "None", "resp": "0"}, "profile": {"mo": 3, "exec_time_sec": 2.5800021830946207e-05}}}, {"_id": "2021:10:22:12:34:23.772715", "Trace Message Type": "GenericMethodTraceMsg", "Trace Message": {"req": {"backend_type": "DirectFtdiDevice", "backend_instance_id": 1, "method_name": "set_timeouts", "args": {"read_timeout": "500"}, "id": 91, "time_profile": {"id": 90, "arrival_time": "2021:10:22:12:34:22.985223", "departure_time": "2021:10:22:12:34:22.995215"}}, "resp": {"exception": "None", "resp": "None"}, "profile": {"mo": 3, "exec_time_sec": 1.6000005416572094e-05}}}, {"_id": "2021:10:22:12:34:23.781695", "Trace Message Type": "GenericMethodTraceMsg", "Trace Message": {"req": {"backend_type": "DirectFtdiDevice", "backend_instance_id": 1, "method_name": "read", "args": {"num_bytes": "1", "raw": "True"}, "id": 92, "time_profile": {"id": 91, "arrival_time": "2021:10:22:12:34:22.995215", "departure_time": "2021:10:22:12:34:23.004209"}}, "resp": {"exception": "None", "resp": "b'\\x80\\x03C\\x014q\\x00.'"}, "profile": {"mo": 3, "exec_time_sec": 0.0011984999291598797}}}, {"_id": "2021:10:22:12:34:23.790672", "Trace Message Type": "GenericMethodTraceMsg", "Trace Message": {"req": {"backend_type": "DirectFtdiDevice", "backend_instance_id": 1, "method_name": "set_timeouts", "args": {"read_timeout": "500"}, "id": 93, "time_profile": {"id": 92, "arrival_time": "2021:10:22:12:34:23.004209", "departure_time": "2021:10:22:12:34:23.013205"}}, "resp": {"exception": "None", "resp": "None"}, "profile": {"mo": 3, "exec_time_sec": 2.3899978259578347e-05}}}, {"_id": "2021:10:22:12:34:23.798651", "Trace Message Type": "GenericMethodTraceMsg", "Trace Message": {"req": {"backend_type": "DirectFtdiDevice", "backend_instance_id": 1, "method_name": "get_input_size", "args": {}, "id": 94, "time_profile": {"id": 93, "arrival_time": "2021:10:22:12:34:23.013205", "departure_time": "2021:10:22:12:34:23.022197"}}, "resp": {"exception": "None", "resp": "13"}, "profile": {"mo": 3, "exec_time_sec": 2.1500018192455173e-05}}}, {"_id": "2021:10:22:12:34:23.807627", "Trace Message Type": "GenericMethodTraceMsg", "Trace Message": {"req": {"backend_type": "DirectFtdiDevice", "backend_instance_id": 1, "method_name": "set_timeouts", "args": {"read_timeout": "500"}, "id": 95, "time_profile": {"id": 94, "arrival_time": "2021:10:22:12:34:23.022197", "departure_time": "2021:10:22:12:34:23.030194"}}, "resp": {"exception": "None", "resp": "None"}, "profile": {"mo": 3, "exec_time_sec": 2.190002123825252e-05}}}, {"_id": "2021:10:22:12:34:23.815606", "Trace Message Type": "GenericMethodTraceMsg", "Trace Message": {"req": {"backend_type": "DirectFtdiDevice", "backend_instance_id": 1, "method_name": "read", "args": {"num_bytes": "13", "raw": "True"}, "id": 96, "time_profile": {"id": 95, "arrival_time": "2021:10:22:12:34:23.031193", "departure_time": "2021:10:22:12:34:23.039188"}}, "resp": {"exception": "None", "resp": "b'\\x80\\x03C\\r0000 100000 \\rq\\x00.'"}, "profile": {"mo": 3, "exec_time_sec": 2.9099988751113415e-05}}}, {"_id": "2021:10:22:12:34:23.825579", "Trace Message Type": "GenericMethodTraceMsg", "Trace Message": {"req": {"backend_type": "DirectFtdiDevice", "backend_instance_id": 1, "method_name": "set_timeouts", "args": {"read_timeout": "500"}, "id": 97, "time_profile": {"id": 96, "arrival_time": "2021:10:22:12:34:23.039188", "departure_time": "2021:10:22:12:34:23.047194"}}, "resp": {"exception": "None", "resp": "None"}, "profile": {"mo": 3, "exec_time_sec": 2.269999822601676e-05}}}, {"_id": "2021:10:22:12:34:23.834597", "Trace Message Type": "GenericMethodTraceMsg", "Trace Message": {"req": {"backend_type": "DirectFtdiDevice", "backend_instance_id": 1, "method_name": "get_input_size", "args": {}, "id": 98, "time_profile": {"id": 97, "arrival_time": "2021:10:22:12:34:23.048184", "departure_time": "2021:10:22:12:34:23.058176"}}, "resp": {"exception": "None", "resp": "6"}, "profile": {"mo": 3, "exec_time_sec": 2.160001895390451e-05}}}, {"_id": "2021:10:22:12:34:23.843571", "Trace Message Type": "GenericMethodTraceMsg", "Trace Message": {"req": {"backend_type": "DirectFtdiDevice", "backend_instance_id": 1, "method_name": "set_timeouts", "args": {"read_timeout": "500"}, "id": 99, "time_profile": {"id": 98, "arrival_time": "2021:10:22:12:34:23.058176", "departure_time": "2021:10:22:12:34:23.066178"}}, "resp": {"exception": "None", "resp": "None"}, "profile": {"mo": 3, "exec_time_sec": 3.239998477511108e-05}}}, {"_id": "2021:10:22:12:34:23.852744", "Trace Message Type": "GenericMethodTraceMsg", "Trace Message": {"req": {"backend_type": "DirectFtdiDevice", "backend_instance_id": 1, "method_name": "read", "args": {"num_bytes": "6", "raw": "True"}, "id": 100, "time_profile": {"id": 99, "arrival_time": "2021:10:22:12:34:23.066178", "departure_time": "2021:10:22:12:34:23.075166"}}, "resp": {"exception": "None", "resp": "b'\\x80\\x03C\\x065E99\\r\\nq\\x00.'"}, "profile": {"mo": 3, "exec_time_sec": 5.77000027988106e-05}}}, {"_id": "2021:10:22:12:34:23.860805", "Trace Message Type": "GenericMethodTraceMsg", "Trace Message": {"req": {"backend_type": "DirectFtdiDevice", "backend_instance_id": 1, "method_name": "set_timeouts", "args": {"read_timeout": "500"}, "id": 101, "time_profile": {"id": 100, "arrival_time": "2021:10:22:12:34:23.075166", "departure_time": "2021:10:22:12:34:23.084160"}}, "resp": {"exception": "None", "resp": "None"}, "profile": {"mo": 3, "exec_time_sec": 1.7600017599761486e-05}}}, {"_id": "2021:10:22:12:34:23.875974", "Trace Message Type": "GenericMethodTraceMsg", "Trace Message": {"req": {"backend_type": "DirectFtdiDevice", "backend_instance_id": 1, "method_name": "set_timeouts", "args": {"read_timeout": "500"}, "id": 102, "time_profile": {"id": 101, "arrival_time": "2021:10:22:12:34:23.084160", "departure_time": "2021:10:22:12:34:23.093155"}}, "resp": {"exception": "None", "resp": "None"}, "profile": {"mo": 3, "exec_time_sec": 4.509999416768551e-05}}}, {"_id": "2021:10:22:12:34:23.883952", "Trace Message Type": "GenericMethodTraceMsg", "Trace Message": {"req": {"backend_type": "DirectFtdiDevice", "backend_instance_id": 1, "method_name": "write", "args": {"data": {"network_address": "@1", "99": "99", "crc": "FDC8", "sequence_no": "16", "command_name": "BIAS", "flags": {}, "args": {"bias": "2"}, "command": ""}}, "id": 103, "time_profile": {"id": 102, "arrival_time": "2021:10:22:12:34:23.096153", "departure_time": "2021:10:22:12:34:23.108146"}}, "resp": {"exception": "None", "resp": "None"}, "profile": {"mo": 3, "exec_time_sec": 0.00021559998276643455}}}, {"_id": "2021:10:22:12:34:23.892924", "Trace Message Type": "GenericMethodTraceMsg", "Trace Message": {"req": {"backend_type": "DirectFtdiDevice", "backend_instance_id": 1, "method_name": "set_timeouts", "args": {"read_timeout": "500"}, "id": 104, "time_profile": {"id": 103, "arrival_time": "2021:10:22:12:34:23.108146", "departure_time": "2021:10:22:12:34:23.116141"}}, "resp": {"exception": "None", "resp": "None"}, "profile": {"mo": 3, "exec_time_sec": 1.9400002202019095e-05}}}, {"_id": "2021:10:22:12:34:23.900909", "Trace Message Type": "GenericMethodTraceMsg", "Trace Message": {"req": {"backend_type": "DirectFtdiDevice", "backend_instance_id": 1, "method_name": "get_input_size", "args": {}, "id": 105, "time_profile": {"id": 104, "arrival_time": "2021:10:22:12:34:23.116141", "departure_time": "2021:10:22:12:34:23.124136"}}, "resp": {"exception": "None", "resp": "0"}, "profile": {"mo": 3, "exec_time_sec": 3.309999010525644e-05}}}, {"_id": "2021:10:22:12:34:23.911878", "Trace Message Type": "GenericMethodTraceMsg", "Trace Message": {"req": {"backend_type": "DirectFtdiDevice", "backend_instance_id": 1, "method_name": "set_timeouts", "args": {"read_timeout": "500"}, "id": 106, "time_profile": {"id": 105, "arrival_time": "2021:10:22:12:34:23.124136", "departure_time": "2021:10:22:12:34:23.133130"}}, "resp": {"exception": "None", "resp": "None"}, "profile": {"mo": 3, "exec_time_sec": 1.85999961104244e-05}}}, {"_id": "2021:10:22:12:34:23.919857", "Trace Message Type": "GenericMethodTraceMsg", "Trace Message": {"req": {"backend_type": "DirectFtdiDevice", "backend_instance_id": 1, "method_name": "read", "args": {"num_bytes": "1", "raw": "True"}, "id": 107, "time_profile": {"id": 106, "arrival_time": "2021:10:22:12:34:23.133130", "departure_time": "2021:10:22:12:34:23.144123"}}, "resp": {"exception": "None", "resp": "b'\\x80\\x03C\\x012q\\x00.'"}, "profile": {"mo": 3, "exec_time_sec": 3.369999467395246e-05}}}, {"_id": "2021:10:22:12:34:23.928835", "Trace Message Type": "GenericMethodTraceMsg", "Trace Message": {"req": {"backend_type": "DirectFtdiDevice", "backend_instance_id": 1, "method_name": "set_timeouts", "args": {"read_timeout": "500"}, "id": 108, "time_profile": {"id": 107, "arrival_time": "2021:10:22:12:34:23.144123", "departure_time": "2021:10:22:12:34:23.152120"}}, "resp": {"exception": "None", "resp": "None"}, "profile": {"mo": 3, "exec_time_sec": 5.909998435527086e-05}}}, {"_id": "2021:10:22:12:34:23.937893", "Trace Message Type": "GenericMethodTraceMsg", "Trace Message": {"req": {"backend_type": "DirectFtdiDevice", "backend_instance_id": 1, "method_name": "get_input_size", "args": {}, "id": 109, "time_profile": {"id": 108, "arrival_time": "2021:10:22:12:34:23.152120", "departure_time": "2021:10:22:12:34:23.161113"}}, "resp": {"exception": "None", "resp": "8"}, "profile": {"mo": 3, "exec_time_sec": 2.269999822601676e-05}}}, {"_id": "2021:10:22:12:34:23.947838", "Trace Message Type": "GenericMethodTraceMsg", "Trace Message": {"req": {"backend_type": "DirectFtdiDevice", "backend_instance_id": 1, "method_name": "set_timeouts", "args": {"read_timeout": "500"}, "id": 110, "time_profile": {"id": 109, "arrival_time": "2021:10:22:12:34:23.161113", "departure_time": "2021:10:22:12:34:23.169108"}}, "resp": {"exception": "None", "resp": "None"}, "profile": {"mo": 3, "exec_time_sec": 3.29999893438071e-05}}}, {"_id": "2021:10:22:12:34:23.955817", "Trace Message Type": "GenericMethodTraceMsg", "Trace Message": {"req": {"backend_type": "DirectFtdiDevice", "backend_instance_id": 1, "method_name": "read", "args": {"num_bytes": "8", "raw": "True"}, "id": 111, "time_profile": {"id": 110, "arrival_time": "2021:10:22:12:34:23.170108", "departure_time": "2021:10:22:12:34:23.179102"}}, "resp": {"exception": "None", "resp": "b'\\x80\\x03C\\x08 \\r0A08\\r\\nq\\x00.'"}, "profile": {"mo": 3, "exec_time_sec": 4.640000406652689e-05}}}, {"_id": "2021:10:22:12:34:23.967785", "Trace Message Type": "GenericMethodTraceMsg", "Trace Message": {"req": {"backend_type": "DirectFtdiDevice", "backend_instance_id": 1, "method_name": "set_timeouts", "args": {"read_timeout": "500"}, "id": 112, "time_profile": {"id": 111, "arrival_time": "2021:10:22:12:34:23.179102", "departure_time": "2021:10:22:12:34:23.189099"}}, "resp": {"exception": "None", "resp": "None"}, "profile": {"mo": 3, "exec_time_sec": 2.030000905506313e-05}}}, {"_id": "2021:10:22:12:34:23.980750", "Trace Message Type": "GenericMethodTraceMsg", "Trace Message": {"req": {"backend_type": "DirectFtdiDevice", "backend_instance_id": 1, "method_name": "set_timeouts", "args": {"read_timeout": "500"}, "id": 113, "time_profile": {"id": 112, "arrival_time": "2021:10:22:12:34:23.189099", "departure_time": "2021:10:22:12:34:23.199091"}}, "resp": {"exception": "None", "resp": "None"}, "profile": {"mo": 3, "exec_time_sec": 3.120000474154949e-05}}}, {"_id": "2021:10:22:12:34:23.989727", "Trace Message Type": "GenericMethodTraceMsg", "Trace Message": {"req": {"backend_type": "DirectFtdiDevice", "backend_instance_id": 1, "method_name": "write", "args": {"data": {"network_address": "@1", "99": "99", "crc": "9A15", "sequence_no": "18", "command_name": "POS", "flags": {"units": "1"}, "args": {"axes": "1"}, "command": ""}}, "id": 114, "time_profile": {"id": 113, "arrival_time": "2021:10:22:12:34:23.202088", "departure_time": "2021:10:22:12:34:23.212082"}}, "resp": {"exception": "None", "resp": "None"}, "profile": {"mo": 3, "exec_time_sec": 0.000294400000711903}}}, {"_id": "2021:10:22:12:34:24.000700", "Trace Message Type": "GenericMethodTraceMsg", "Trace Message": {"req": {"backend_type": "DirectFtdiDevice", "backend_instance_id": 1, "method_name": "set_timeouts", "args": {"read_timeout": "500"}, "id": 115, "time_profile": {"id": 114, "arrival_time": "2021:10:22:12:34:23.212082", "departure_time": "2021:10:22:12:34:23.222076"}}, "resp": {"exception": "None", "resp": "None"}, "profile": {"mo": 3, "exec_time_sec": 1.7699989257380366e-05}}}, {"_id": "2021:10:22:12:34:24.011639", "Trace Message Type": "GenericMethodTraceMsg", "Trace Message": {"req": {"backend_type": "DirectFtdiDevice", "backend_instance_id": 1, "method_name": "get_input_size", "args": {}, "id": 116, "time_profile": {"id": 115, "arrival_time": "2021:10:22:12:34:23.222076", "departure_time": "2021:10:22:12:34:23.233068"}}, "resp": {"exception": "None", "resp": "0"}, "profile": {"mo": 3, "exec_time_sec": 2.1599989850074053e-05}}}, {"_id": "2021:10:22:12:34:24.023607", "Trace Message Type": "GenericMethodTraceMsg", "Trace Message": {"req": {"backend_type": "DirectFtdiDevice", "backend_instance_id": 1, "method_name": "set_timeouts", "args": {"read_timeout": "500"}, "id": 117, "time_profile": {"id": 116, "arrival_time": "2021:10:22:12:34:23.233068", "departure_time": "2021:10:22:12:34:23.244062"}}, "resp": {"exception": "None", "resp": "None"}, "profile": {"mo": 3, "exec_time_sec": 3.399999695830047e-05}}}, {"_id": "2021:10:22:12:34:24.032582", "Trace Message Type": "GenericMethodTraceMsg", "Trace Message": {"req": {"backend_type": "DirectFtdiDevice", "backend_instance_id": 1, "method_name": "read", "args": {"num_bytes": "1", "raw": "True"}, "id": 118, "time_profile": {"id": 117, "arrival_time": "2021:10:22:12:34:23.244062", "departure_time": "2021:10:22:12:34:23.255056"}}, "resp": {"exception": "None", "resp": "b'\\x80\\x03C\\x01-q\\x00.'"}, "profile": {"mo": 3, "exec_time_sec": 2.7700007194653153e-05}}}, {"_id": "2021:10:22:12:34:24.041953", "Trace Message Type": "GenericMethodTraceMsg", "Trace Message": {"req": {"backend_type": "DirectFtdiDevice", "backend_instance_id": 1, "method_name": "set_timeouts", "args": {"read_timeout": "500"}, "id": 119, "time_profile": {"id": 118, "arrival_time": "2021:10:22:12:34:23.255056", "departure_time": "2021:10:22:12:34:23.265050"}}, "resp": {"exception": "None", "resp": "None"}, "profile": {"mo": 3, "exec_time_sec": 1.7999991541728377e-05}}}, {"_id": "2021:10:22:12:34:24.050119", "Trace Message Type": "GenericMethodTraceMsg", "Trace Message": {"req": {"backend_type": "DirectFtdiDevice", "backend_instance_id": 1, "method_name": "get_input_size", "args": {}, "id": 120, "time_profile": {"id": 119, "arrival_time": "2021:10:22:12:34:23.265050", "departure_time": "2021:10:22:12:34:23.274044"}}, "resp": {"exception": "None", "resp": "12"}, "profile": {"mo": 3, "exec_time_sec": 3.5500008380040526e-05}}}, {"_id": "2021:10:22:12:34:24.061088", "Trace Message Type": "GenericMethodTraceMsg", "Trace Message": {"req": {"backend_type": "DirectFtdiDevice", "backend_instance_id": 1, "method_name": "set_timeouts", "args": {"read_timeout": "500"}, "id": 121, "time_profile": {"id": 120, "arrival_time": "2021:10:22:12:34:23.274044", "departure_time": "2021:10:22:12:34:23.282040"}}, "resp": {"exception": "None", "resp": "None"}, "profile": {"mo": 3, "exec_time_sec": 2.2199994418770075e-05}}}, {"_id": "2021:10:22:12:34:24.070247", "Trace Message Type": "GenericMethodTraceMsg", "Trace Message": {"req": {"backend_type": "DirectFtdiDevice", "backend_instance_id": 1, "method_name": "read", "args": {"num_bytes": "12", "raw": "True"}, "id": 122, "time_profile": {"id": 121, "arrival_time": "2021:10:22:12:34:23.282040", "departure_time": "2021:10:22:12:34:23.292031"}}, "resp": {"exception": "None", "resp": "b'\\x80\\x03C\\x0c75310 \\r1E12\\rq\\x00.'"}, "profile": {"mo": 3, "exec_time_sec": 6.150000263005495e-05}}}, {"_id": "2021:10:22:12:34:24.081217", "Trace Message Type": "GenericMethodTraceMsg", "Trace Message": {"req": {"backend_type": "DirectFtdiDevice", "backend_instance_id": 1, "method_name": "set_timeouts", "args": {"read_timeout": "500"}, "id": 123, "time_profile": {"id": 122, "arrival_time": "2021:10:22:12:34:23.293031", "departure_time": "2021:10:22:12:34:23.303034"}}, "resp": {"exception": "None", "resp": "None"}, "profile": {"mo": 3, "exec_time_sec": 2.090001362375915e-05}}}, {"_id": "2021:10:22:12:34:24.090196", "Trace Message Type": "GenericMethodTraceMsg", "Trace Message": {"req": {"backend_type": "DirectFtdiDevice", "backend_instance_id": 1, "method_name": "get_input_size", "args": {}, "id": 124, "time_profile": {"id": 123, "arrival_time": "2021:10:22:12:34:23.303034", "departure_time": "2021:10:22:12:34:23.313020"}}, "resp": {"exception": "None", "resp": "1"}, "profile": {"mo": 3, "exec_time_sec": 2.4100008886307478e-05}}}, {"_id": "2021:10:22:12:34:24.101169", "Trace Message Type": "GenericMethodTraceMsg", "Trace Message": {"req": {"backend_type": "DirectFtdiDevice", "backend_instance_id": 1, "method_name": "set_timeouts", "args": {"read_timeout": "500"}, "id": 125, "time_profile": {"id": 124, "arrival_time": "2021:10:22:12:34:23.314020", "departure_time": "2021:10:22:12:34:23.323014"}}, "resp": {"exception": "None", "resp": "None"}, "profile": {"mo": 3, "exec_time_sec": 1.850002445280552e-05}}}, {"_id": "2021:10:22:12:34:24.109143", "Trace Message Type": "GenericMethodTraceMsg", "Trace Message": {"req": {"backend_type": "DirectFtdiDevice", "backend_instance_id": 1, "method_name": "read", "args": {"num_bytes": "1", "raw": "True"}, "id": 126, "time_profile": {"id": 125, "arrival_time": "2021:10:22:12:34:23.323014", "departure_time": "2021:10:22:12:34:23.333008"}}, "resp": {"exception": "None", "resp": "b'\\x80\\x03C\\x01\\nq\\x00.'"}, "profile": {"mo": 3, "exec_time_sec": 2.789997961372137e-05}}}, {"_id": "2021:10:22:12:34:24.120117", "Trace Message Type": "GenericMethodTraceMsg", "Trace Message": {"req": {"backend_type": "DirectFtdiDevice", "backend_instance_id": 1, "method_name": "set_timeouts", "args": {"read_timeout": "500"}, "id": 127, "time_profile": {"id": 126, "arrival_time": "2021:10:22:12:34:23.333008", "departure_time": "2021:10:22:12:34:23.341002"}}, "resp": {"exception": "None", "resp": "None"}, "profile": {"mo": 3, "exec_time_sec": 2.7300004148855805e-05}}}, {"_id": "2021:10:22:12:34:24.133080", "Trace Message Type": "GenericMethodTraceMsg", "Trace Message": {"req": {"backend_type": "DirectFtdiDevice", "backend_instance_id": 1, "method_name": "set_timeouts", "args": {"read_timeout": "500"}, "id": 128, "time_profile": {"id": 127, "arrival_time": "2021:10:22:12:34:23.341002", "departure_time": "2021:10:22:12:34:23.351997"}}, "resp": {"exception": "None", "resp": "None"}, "profile": {"mo": 3, "exec_time_sec": 2.5899993488565087e-05}}}, {"_id": "2021:10:22:12:34:24.141217", "Trace Message Type": "GenericMethodTraceMsg", "Trace Message": {"req": {"backend_type": "DirectFtdiDevice", "backend_instance_id": 1, "method_name": "write", "args": {"data": {"network_address": "@1", "99": "99", "crc": "2109", "sequence_no": "20", "command_name": "POS", "flags": {"units": "1"}, "args": {"axes": "2"}, "command": ""}}, "id": 129, "time_profile": {"id": 128, "arrival_time": "2021:10:22:12:34:23.354995", "departure_time": "2021:10:22:12:34:23.364988"}}, "resp": {"exception": "None", "resp": "None"}, "profile": {"mo": 3, "exec_time_sec": 0.00018820000695995986}}}, {"_id": "2021:10:22:12:34:24.151203", "Trace Message Type": "GenericMethodTraceMsg", "Trace Message": {"req": {"backend_type": "DirectFtdiDevice", "backend_instance_id": 1, "method_name": "set_timeouts", "args": {"read_timeout": "500"}, "id": 130, "time_profile": {"id": 129, "arrival_time": "2021:10:22:12:34:23.364988", "departure_time": "2021:10:22:12:34:23.373983"}}, "resp": {"exception": "None", "resp": "None"}, "profile": {"mo": 3, "exec_time_sec": 1.3899989426136017e-05}}}, {"_id": "2021:10:22:12:34:24.159187", "Trace Message Type": "GenericMethodTraceMsg", "Trace Message": {"req": {"backend_type": "DirectFtdiDevice", "backend_instance_id": 1, "method_name": "get_input_size", "args": {}, "id": 131, "time_profile": {"id": 130, "arrival_time": "2021:10:22:12:34:23.373983", "departure_time": "2021:10:22:12:34:23.382975"}}, "resp": {"exception": "None", "resp": "0"}, "profile": {"mo": 3, "exec_time_sec": 2.759997732937336e-05}}}, {"_id": "2021:10:22:12:34:24.170152", "Trace Message Type": "GenericMethodTraceMsg", "Trace Message": {"req": {"backend_type": "DirectFtdiDevice", "backend_instance_id": 1, "method_name": "set_timeouts", "args": {"read_timeout": "500"}, "id": 132, "time_profile": {"id": 131, "arrival_time": "2021:10:22:12:34:23.382975", "departure_time": "2021:10:22:12:34:23.391973"}}, "resp": {"exception": "None", "resp": "None"}, "profile": {"mo": 3, "exec_time_sec": 2.0400009816512465e-05}}}, {"_id": "2021:10:22:12:34:24.181123", "Trace Message Type": "GenericMethodTraceMsg", "Trace Message": {"req": {"backend_type": "DirectFtdiDevice", "backend_instance_id": 1, "method_name": "read", "args": {"num_bytes": "1", "raw": "True"}, "id": 133, "time_profile": {"id": 132, "arrival_time": "2021:10:22:12:34:23.391973", "departure_time": "2021:10:22:12:34:23.402965"}}, "resp": {"exception": "None", "resp": "b'\\x80\\x03C\\x01-q\\x00.'"}, "profile": {"mo": 3, "exec_time_sec": 0.0005899000097997487}}}, {"_id": "2021:10:22:12:34:24.191096", "Trace Message Type": "GenericMethodTraceMsg", "Trace Message": {"req": {"backend_type": "DirectFtdiDevice", "backend_instance_id": 1, "method_name": "set_timeouts", "args": {"read_timeout": "500"}, "id": 134, "time_profile": {"id": 133, "arrival_time": "2021:10:22:12:34:23.402965", "departure_time": "2021:10:22:12:34:23.412962"}}, "resp": {"exception": "None", "resp": "None"}, "profile": {"mo": 3, "exec_time_sec": 2.0100007532164454e-05}}}, {"_id": "2021:10:22:12:34:24.200072", "Trace Message Type": "GenericMethodTraceMsg", "Trace Message": {"req": {"backend_type": "DirectFtdiDevice", "backend_instance_id": 1, "method_name": "get_input_size", "args": {}, "id": 135, "time_profile": {"id": 134, "arrival_time": "2021:10:22:12:34:23.412962", "departure_time": "2021:10:22:12:34:23.422952"}}, "resp": {"exception": "None", "resp": "13"}, "profile": {"mo": 3, "exec_time_sec": 2.3900007363408804e-05}}}, {"_id": "2021:10:22:12:34:24.210097", "Trace Message Type": "GenericMethodTraceMsg", "Trace Message": {"req": {"backend_type": "DirectFtdiDevice", "backend_instance_id": 1, "method_name": "set_timeouts", "args": {"read_timeout": "500"}, "id": 136, "time_profile": {"id": 135, "arrival_time": "2021:10:22:12:34:23.422952", "departure_time": "2021:10:22:12:34:23.431948"}}, "resp": {"exception": "None", "resp": "None"}, "profile": {"mo": 3, "exec_time_sec": 1.889999839477241e-05}}}, {"_id": "2021:10:22:12:34:24.221116", "Trace Message Type": "GenericMethodTraceMsg", "Trace Message": {"req": {"backend_type": "DirectFtdiDevice", "backend_instance_id": 1, "method_name": "read", "args": {"num_bytes": "13", "raw": "True"}, "id": 137, "time_profile": {"id": 136, "arrival_time": "2021:10:22:12:34:23.431948", "departure_time": "2021:10:22:12:34:23.441943"}}, "resp": {"exception": "None", "resp": "b'\\x80\\x03C\\r26640 \\rE18B\\r\\nq\\x00.'"}, "profile": {"mo": 3, "exec_time_sec": 3.100000321865082e-05}}}, {"_id": "2021:10:22:12:34:24.231086", "Trace Message Type": "GenericMethodTraceMsg", "Trace Message": {"req": {"backend_type": "DirectFtdiDevice", "backend_instance_id": 1, "method_name": "set_timeouts", "args": {"read_timeout": "500"}, "id": 138, "time_profile": {"id": 137, "arrival_time": "2021:10:22:12:34:23.441943", "departure_time": "2021:10:22:12:34:23.452934"}}, "resp": {"exception": "None", "resp": "None"}, "profile": {"mo": 3, "exec_time_sec": 1.7000013031065464e-05}}}, {"_id": "2021:10:22:12:34:24.244055", "Trace Message Type": "GenericMethodTraceMsg", "Trace Message": {"req": {"backend_type": "DirectFtdiDevice", "backend_instance_id": 1, "method_name": "set_timeouts", "args": {"read_timeout": "500"}, "id": 139, "time_profile": {"id": 138, "arrival_time": "2021:10:22:12:34:23.452934", "departure_time": "2021:10:22:12:34:23.462929"}}, "resp": {"exception": "None", "resp": "None"}, "profile": {"mo": 3, "exec_time_sec": 2.0500010577961802e-05}}}, {"_id": "2021:10:22:12:34:24.253031", "Trace Message Type": "GenericMethodTraceMsg", "Trace Message": {"req": {"backend_type": "DirectFtdiDevice", "backend_instance_id": 1, "method_name": "write", "args": {"data": {"network_address": "@1", "99": "99", "crc": "030F", "sequence_no": "22", "command_name": "POS", "flags": {"units": "1"}, "args": {"axes": "0"}, "command": ""}}, "id": 140, "time_profile": {"id": 139, "arrival_time": "2021:10:22:12:34:23.465927", "departure_time": "2021:10:22:12:34:23.475919"}}, "resp": {"exception": "None", "resp": "None"}, "profile": {"mo": 3, "exec_time_sec": 0.0001756999990902841}}}, {"_id": "2021:10:22:12:34:24.263004", "Trace Message Type": "GenericMethodTraceMsg", "Trace Message": {"req": {"backend_type": "DirectFtdiDevice", "backend_instance_id": 1, "method_name": "set_timeouts", "args": {"read_timeout": "500"}, "id": 141, "time_profile": {"id": 140, "arrival_time": "2021:10:22:12:34:23.475919", "departure_time": "2021:10:22:12:34:23.484916"}}, "resp": {"exception": "None", "resp": "None"}, "profile": {"mo": 3, "exec_time_sec": 1.3100012438371778e-05}}}, {"_id": "2021:10:22:12:34:24.271983", "Trace Message Type": "GenericMethodTraceMsg", "Trace Message": {"req": {"backend_type": "DirectFtdiDevice", "backend_instance_id": 1, "method_name": "get_input_size", "args": {}, "id": 142, "time_profile": {"id": 141, "arrival_time": "2021:10:22:12:34:23.484916", "departure_time": "2021:10:22:12:34:23.494908"}}, "resp": {"exception": "None", "resp": "0"}, "profile": {"mo": 3, "exec_time_sec": 5.699999746866524e-05}}}, {"_id": "2021:10:22:12:34:24.283149", "Trace Message Type": "GenericMethodTraceMsg", "Trace Message": {"req": {"backend_type": "DirectFtdiDevice", "backend_instance_id": 1, "method_name": "set_timeouts", "args": {"read_timeout": "500"}, "id": 143, "time_profile": {"id": 142, "arrival_time": "2021:10:22:12:34:23.494908", "departure_time": "2021:10:22:12:34:23.504902"}}, "resp": {"exception": "None", "resp": "None"}, "profile": {"mo": 3, "exec_time_sec": 1.9099999917671084e-05}}}, {"_id": "2021:10:22:12:34:24.293118", "Trace Message Type": "GenericMethodTraceMsg", "Trace Message": {"req": {"backend_type": "DirectFtdiDevice", "backend_instance_id": 1, "method_name": "read", "args": {"num_bytes": "1", "raw": "True"}, "id": 144, "time_profile": {"id": 143, "arrival_time": "2021:10:22:12:34:23.504902", "departure_time": "2021:10:22:12:34:23.515895"}}, "resp": {"exception": "None", "resp": "b'\\x80\\x03C\\x013q\\x00.'"}, "profile": {"mo": 3, "exec_time_sec": 0.0013961000367999077}}}, {"_id": "2021:10:22:12:34:24.302092", "Trace Message Type": "GenericMethodTraceMsg", "Trace Message": {"req": {"backend_type": "DirectFtdiDevice", "backend_instance_id": 1, "method_name": "set_timeouts", "args": {"read_timeout": "500"}, "id": 145, "time_profile": {"id": 144, "arrival_time": "2021:10:22:12:34:23.515895", "departure_time": "2021:10:22:12:34:23.524890"}}, "resp": {"exception": "None", "resp": "None"}, "profile": {"mo": 3, "exec_time_sec": 2.9399991035461426e-05}}}, {"_id": "2021:10:22:12:34:24.313063", "Trace Message Type": "GenericMethodTraceMsg", "Trace Message": {"req": {"backend_type": "DirectFtdiDevice", "backend_instance_id": 1, "method_name": "get_input_size", "args": {}, "id": 146, "time_profile": {"id": 145, "arrival_time": "2021:10:22:12:34:23.524890", "departure_time": "2021:10:22:12:34:23.534883"}}, "resp": {"exception": "None", "resp": "12"}, "profile": {"mo": 3, "exec_time_sec": 2.9000017093494534e-05}}}, {"_id": "2021:10:22:12:34:24.324031", "Trace Message Type": "GenericMethodTraceMsg", "Trace Message": {"req": {"backend_type": "DirectFtdiDevice", "backend_instance_id": 1, "method_name": "set_timeouts", "args": {"read_timeout": "500"}, "id": 147, "time_profile": {"id": 146, "arrival_time": "2021:10:22:12:34:23.534883", "departure_time": "2021:10:22:12:34:23.544878"}}, "resp": {"exception": "None", "resp": "None"}, "profile": {"mo": 3, "exec_time_sec": 4.370001261122525e-05}}}, {"_id": "2021:10:22:12:34:24.334016", "Trace Message Type": "GenericMethodTraceMsg", "Trace Message": {"req": {"backend_type": "DirectFtdiDevice", "backend_instance_id": 1, "method_name": "read", "args": {"num_bytes": "12", "raw": "True"}, "id": 148, "time_profile": {"id": 147, "arrival_time": "2021:10:22:12:34:23.544878", "departure_time": "2021:10:22:12:34:23.555871"}}, "resp": {"exception": "None", "resp": "b'\\x80\\x03C\\x0c8970 \\rC056\\r\\nq\\x00.'"}, "profile": {"mo": 3, "exec_time_sec": 4.9700000090524554e-05}}}, {"_id": "2021:10:22:12:34:24.344976", "Trace Message Type": "GenericMethodTraceMsg", "Trace Message": {"req": {"backend_type": "DirectFtdiDevice", "backend_instance_id": 1, "method_name": "set_timeouts", "args": {"read_timeout": "500"}, "id": 149, "time_profile": {"id": 148, "arrival_time": "2021:10:22:12:34:23.555871", "departure_time": "2021:10:22:12:34:23.565865"}}, "resp": {"exception": "None", "resp": "None"}, "profile": {"mo": 3, "exec_time_sec": 2.0800012862309813e-05}}}, {"_id": "2021:10:22:12:34:24.356947", "Trace Message Type": "GenericMethodTraceMsg", "Trace Message": {"req": {"backend_type": "DirectFtdiDevice", "backend_instance_id": 1, "method_name": "set_timeouts", "args": {"read_timeout": "500"}, "id": 150, "time_profile": {"id": 149, "arrival_time": "2021:10:22:12:34:23.565865", "departure_time": "2021:10:22:12:34:23.576858"}}, "resp": {"exception": "None", "resp": "None"}, "profile": {"mo": 3, "exec_time_sec": 2.780000795610249e-05}}}, {"_id": "2021:10:22:12:34:24.365928", "Trace Message Type": "GenericMethodTraceMsg", "Trace Message": {"req": {"backend_type": "DirectFtdiDevice", "backend_instance_id": 1, "method_name": "write", "args": {"data": {"network_address": "@1", "99": "99", "crc": "14FF", "sequence_no": "24", "command_name": "POS", "flags": {"C": "1"}, "args": {}, "command": ""}}, "id": 151, "time_profile": {"id": 150, "arrival_time": "2021:10:22:12:34:23.579856", "departure_time": "2021:10:22:12:34:23.589850"}}, "resp": {"exception": "None", "resp": "None"}, "profile": {"mo": 3, "exec_time_sec": 0.00016319999122060835}}}, {"_id": "2021:10:22:12:34:24.376899", "Trace Message Type": "GenericMethodTraceMsg", "Trace Message": {"req": {"backend_type": "DirectFtdiDevice", "backend_instance_id": 1, "method_name": "set_timeouts", "args": {"read_timeout": "500"}, "id": 152, "time_profile": {"id": 151, "arrival_time": "2021:10:22:12:34:23.589850", "departure_time": "2021:10:22:12:34:23.598843"}}, "resp": {"exception": "None", "resp": "None"}, "profile": {"mo": 3, "exec_time_sec": 3.029999788850546e-05}}}, {"_id": "2021:10:22:12:34:24.385870", "Trace Message Type": "GenericMethodTraceMsg", "Trace Message": {"req": {"backend_type": "DirectFtdiDevice", "backend_instance_id": 1, "method_name": "get_input_size", "args": {}, "id": 153, "time_profile": {"id": 152, "arrival_time": "2021:10:22:12:34:23.598843", "departure_time": "2021:10:22:12:34:23.608838"}}, "resp": {"exception": "None", "resp": "0"}, "profile": {"mo": 3, "exec_time_sec": 1.960000372491777e-05}}}, {"_id": "2021:10:22:12:34:24.398832", "Trace Message Type": "GenericMethodTraceMsg", "Trace Message": {"req": {"backend_type": "DirectFtdiDevice", "backend_instance_id": 1, "method_name": "set_timeouts", "args": {"read_timeout": "500"}, "id": 154, "time_profile": {"id": 153, "arrival_time": "2021:10:22:12:34:23.608838", "departure_time": "2021:10:22:12:34:23.617833"}}, "resp": {"exception": "None", "resp": "None"}, "profile": {"mo": 3, "exec_time_sec": 2.1599989850074053e-05}}}, {"_id": "2021:10:22:12:34:24.408805", "Trace Message Type": "GenericMethodTraceMsg", "Trace Message": {"req": {"backend_type": "DirectFtdiDevice", "backend_instance_id": 1, "method_name": "read", "args": {"num_bytes": "1", "raw": "True"}, "id": 155, "time_profile": {"id": 154, "arrival_time": "2021:10:22:12:34:23.617833", "departure_time": "2021:10:22:12:34:23.630825"}}, "resp": {"exception": "None", "resp": "b'\\x80\\x03C\\x01-q\\x00.'"}, "profile": {"mo": 3, "exec_time_sec": 3.809999907389283e-05}}}, {"_id": "2021:10:22:12:34:24.417781", "Trace Message Type": "GenericMethodTraceMsg", "Trace Message": {"req": {"backend_type": "DirectFtdiDevice", "backend_instance_id": 1, "method_name": "set_timeouts", "args": {"read_timeout": "500"}, "id": 156, "time_profile": {"id": 155, "arrival_time": "2021:10:22:12:34:23.630825", "departure_time": "2021:10:22:12:34:23.639820"}}, "resp": {"exception": "None", "resp": "None"}, "profile": {"mo": 3, "exec_time_sec": 3.0800001695752144e-05}}}, {"_id": "2021:10:22:12:34:24.431745", "Trace Message Type": "GenericMethodTraceMsg", "Trace Message": {"req": {"backend_type": "DirectFtdiDevice", "backend_instance_id": 1, "method_name": "get_input_size", "args": {}, "id": 157, "time_profile": {"id": 156, "arrival_time": "2021:10:22:12:34:23.639820", "departure_time": "2021:10:22:12:34:23.651811"}}, "resp": {"exception": "None", "resp": "20"}, "profile": {"mo": 3, "exec_time_sec": 2.7000001864507794e-05}}}, {"_id": "2021:10:22:12:34:24.444163", "Trace Message Type": "GenericMethodTraceMsg", "Trace Message": {"req": {"backend_type": "DirectFtdiDevice", "backend_instance_id": 1, "method_name": "set_timeouts", "args": {"read_timeout": "500"}, "id": 158, "time_profile": {"id": 157, "arrival_time": "2021:10:22:12:34:23.651811", "departure_time": "2021:10:22:12:34:23.663803"}}, "resp": {"exception": "None", "resp": "None"}, "profile": {"mo": 3, "exec_time_sec": 1.85999961104244e-05}}}, {"_id": "2021:10:22:12:34:24.454687", "Trace Message Type": "GenericMethodTraceMsg", "Trace Message": {"req": {"backend_type": "DirectFtdiDevice", "backend_instance_id": 1, "method_name": "read", "args": {"num_bytes": "20", "raw": "True"}, "id": 159, "time_profile": {"id": 158, "arrival_time": "2021:10:22:12:34:23.663803", "departure_time": "2021:10:22:12:34:23.675796"}}, "resp": {"exception": "None", "resp": "b'\\x80\\x03C\\x14242900 116900 304780q\\x00.'"}, "profile": {"mo": 3, "exec_time_sec": 5.490001058205962e-05}}}, {"_id": "2021:10:22:12:34:24.474672", "Trace Message Type": "GenericMethodTraceMsg", "Trace Message": {"req": {"backend_type": "DirectFtdiDevice", "backend_instance_id": 1, "method_name": "set_timeouts", "args": {"read_timeout": "500"}, "id": 160, "time_profile": {"id": 159, "arrival_time": "2021:10:22:12:34:23.675796", "departure_time": "2021:10:22:12:34:23.690788"}}, "resp": {"exception": "None", "resp": "None"}, "profile": {"mo": 3, "exec_time_sec": 2.989999484270811e-05}}}, {"_id": "2021:10:22:12:34:24.484648", "Trace Message Type": "GenericMethodTraceMsg", "Trace Message": {"req": {"backend_type": "DirectFtdiDevice", "backend_instance_id": 1, "method_name": "get_input_size", "args": {}, "id": 161, "time_profile": {"id": 160, "arrival_time": "2021:10:22:12:34:23.690788", "departure_time": "2021:10:22:12:34:23.706777"}}, "resp": {"exception": "None", "resp": "8"}, "profile": {"mo": 3, "exec_time_sec": 2.0099978428333998e-05}}}, {"_id": "2021:10:22:12:34:24.496616", "Trace Message Type": "GenericMethodTraceMsg", "Trace Message": {"req": {"backend_type": "DirectFtdiDevice", "backend_instance_id": 1, "method_name": "set_timeouts", "args": {"read_timeout": "500"}, "id": 162, "time_profile": {"id": 161, "arrival_time": "2021:10:22:12:34:23.706777", "departure_time": "2021:10:22:12:34:23.716772"}}, "resp": {"exception": "None", "resp": "None"}, "profile": {"mo": 3, "exec_time_sec": 3.4500000765547156e-05}}}, {"_id": "2021:10:22:12:34:24.505588", "Trace Message Type": "GenericMethodTraceMsg", "Trace Message": {"req": {"backend_type": "DirectFtdiDevice", "backend_instance_id": 1, "method_name": "read", "args": {"num_bytes": "8", "raw": "True"}, "id": 163, "time_profile": {"id": 162, "arrival_time": "2021:10:22:12:34:23.716772", "departure_time": "2021:10:22:12:34:23.728763"}}, "resp": {"exception": "None", "resp": "b'\\x80\\x03C\\x08 \\rACE2\\r\\nq\\x00.'"}, "profile": {"mo": 3, "exec_time_sec": 3.260001540184021e-05}}}, {"_id": "2021:10:22:12:34:24.519551", "Trace Message Type": "GenericMethodTraceMsg", "Trace Message": {"req": {"backend_type": "DirectFtdiDevice", "backend_instance_id": 1, "method_name": "set_timeouts", "args": {"read_timeout": "500"}, "id": 164, "time_profile": {"id": 163, "arrival_time": "2021:10:22:12:34:23.728763", "departure_time": "2021:10:22:12:34:23.738758"}}, "resp": {"exception": "None", "resp": "None"}, "profile": {"mo": 3, "exec_time_sec": 2.479998511262238e-05}}}, {"_id": "2021:10:22:12:34:25.318263", "Trace Message Type": "GenericMethodTraceMsg", "Trace Message": {"req": {"backend_type": "DirectFtdiDevice", "backend_instance_id": 1, "method_name": "set_timeouts", "args": {"read_timeout": "500"}, "id": 165, "time_profile": {"id": 164, "arrival_time": "2021:10:22:12:34:23.738758", "departure_time": "2021:10:22:12:34:23.751752"}}, "resp": {"exception": "None", "resp": "None"}, "profile": {"mo": 3, "exec_time_sec": 1.9899976905435324e-05}}}, {"_id": "2021:10:22:12:34:25.509487", "Trace Message Type": "GenericMethodTraceMsg", "Trace Message": {"req": {"backend_type": "DirectFtdiDevice", "backend_instance_id": 1, "method_name": "write", "args": {"data": {"network_address": "@1", "99": "99", "crc": "AB47", "sequence_no": "26", "command_name": "JLEN", "flags": {}, "args": {"length_offset": "0"}, "command": ""}}, "id": 166, "time_profile": {"id": 165, "arrival_time": "2021:10:22:12:34:24.330394", "departure_time": "2021:10:22:12:34:24.560254"}}, "resp": {"exception": "None", "resp": "None"}, "profile": {"mo": 3, "exec_time_sec": 0.00018590001855045557}}}, {"_id": "2021:10:22:12:34:25.738490", "Trace Message Type": "GenericMethodTraceMsg", "Trace Message": {"req": {"backend_type": "DirectFtdiDevice", "backend_instance_id": 1, "method_name": "set_timeouts", "args": {"read_timeout": "500"}, "id": 167, "time_profile": {"id": 166, "arrival_time": "2021:10:22:12:34:24.560254", "departure_time": "2021:10:22:12:34:24.751137"}}, "resp": {"exception": "None", "resp": "None"}, "profile": {"mo": 3, "exec_time_sec": 6.160000339150429e-05}}}, {"_id": "2021:10:22:12:34:25.946524", "Trace Message Type": "GenericMethodTraceMsg", "Trace Message": {"req": {"backend_type": "DirectFtdiDevice", "backend_instance_id": 1, "method_name": "get_input_size", "args": {}, "id": 168, "time_profile": {"id": 167, "arrival_time": "2021:10:22:12:34:24.751137", "departure_time": "2021:10:22:12:34:24.978997"}}, "resp": {"exception": "None", "resp": "9"}, "profile": {"mo": 3, "exec_time_sec": 2.13000166695565e-05}}}, {"_id": "2021:10:22:12:34:26.192477", "Trace Message Type": "GenericMethodTraceMsg", "Trace Message": {"req": {"backend_type": "DirectFtdiDevice", "backend_instance_id": 1, "method_name": "set_timeouts", "args": {"read_timeout": "500"}, "id": 169, "time_profile": {"id": 168, "arrival_time": "2021:10:22:12:34:24.978997", "departure_time": "2021:10:22:12:34:25.188868"}}, "resp": {"exception": "None", "resp": "None"}, "profile": {"mo": 3, "exec_time_sec": 6.280001252889633e-05}}}, {"_id": "2021:10:22:12:34:26.401669", "Trace Message Type": "GenericMethodTraceMsg", "Trace Message": {"req": {"backend_type": "DirectFtdiDevice", "backend_instance_id": 1, "method_name": "read", "args": {"num_bytes": "9", "raw": "True"}, "id": 170, "time_profile": {"id": 169, "arrival_time": "2021:10:22:12:34:25.188868", "departure_time": "2021:10:22:12:34:25.433717"}}, "resp": {"exception": "None", "resp": "b'\\x80\\x03C\\t0 \\rCAA9\\r\\nq\\x00.'"}, "profile": {"mo": 3, "exec_time_sec": 2.710000262595713e-05}}}, {"_id": "2021:10:22:12:34:26.638640", "Trace Message Type": "GenericMethodTraceMsg", "Trace Message": {"req": {"backend_type": "DirectFtdiDevice", "backend_instance_id": 1, "method_name": "set_timeouts", "args": {"read_timeout": "500"}, "id": 171, "time_profile": {"id": 170, "arrival_time": "2021:10:22:12:34:25.433717", "departure_time": "2021:10:22:12:34:25.643589"}}, "resp": {"exception": "None", "resp": "None"}, "profile": {"mo": 3, "exec_time_sec": 1.85999961104244e-05}}}, {"_id": "2021:10:22:12:34:26.895617", "Trace Message Type": "GenericMethodTraceMsg", "Trace Message": {"req": {"backend_type": "DirectFtdiDevice", "backend_instance_id": 1, "method_name": "set_timeouts", "args": {"read_timeout": "500"}, "id": 172, "time_profile": {"id": 171, "arrival_time": "2021:10:22:12:34:25.643589", "departure_time": "2021:10:22:12:34:25.881035"}}, "resp": {"exception": "None", "resp": "None"}, "profile": {"mo": 3, "exec_time_sec": 6.38000201433897e-05}}}, {"_id": "2021:10:22:12:34:27.104175", "Trace Message Type": "GenericMethodTraceMsg", "Trace Message": {"req": {"backend_type": "DirectFtdiDevice", "backend_instance_id": 1, "method_name": "write", "args": {"data": {"network_address": "@1", "99": "99", "crc": "9916", "sequence_no": "28", "command_name": "POS", "flags": {"units": "1"}, "args": {"axes": "1"}, "command": ""}}, "id": 173, "time_profile": {"id": 172, "arrival_time": "2021:10:22:12:34:25.890031", "departure_time": "2021:10:22:12:34:26.135880"}}, "resp": {"exception": "None", "resp": "None"}, "profile": {"mo": 3, "exec_time_sec": 0.00013269999180920422}}}, {"_id": "2021:10:22:12:34:27.349151", "Trace Message Type": "GenericMethodTraceMsg", "Trace Message": {"req": {"backend_type": "DirectFtdiDevice", "backend_instance_id": 1, "method_name": "set_timeouts", "args": {"read_timeout": "500"}, "id": 174, "time_profile": {"id": 173, "arrival_time": "2021:10:22:12:34:26.135880", "departure_time": "2021:10:22:12:34:26.345751"}}, "resp": {"exception": "None", "resp": "None"}, "profile": {"mo": 3, "exec_time_sec": 2.8699985705316067e-05}}}, {"_id": "2021:10:22:12:34:27.578951", "Trace Message Type": "GenericMethodTraceMsg", "Trace Message": {"req": {"backend_type": "DirectFtdiDevice", "backend_instance_id": 1, "method_name": "get_input_size", "args": {}, "id": 175, "time_profile": {"id": 174, "arrival_time": "2021:10:22:12:34:26.345751", "departure_time": "2021:10:22:12:34:26.591600"}}, "resp": {"exception": "None", "resp": "14"}, "profile": {"mo": 3, "exec_time_sec": 5.810000584460795e-05}}}, {"_id": "2021:10:22:12:34:27.844048", "Trace Message Type": "GenericMethodTraceMsg", "Trace Message": {"req": {"backend_type": "DirectFtdiDevice", "backend_instance_id": 1, "method_name": "set_timeouts", "args": {"read_timeout": "500"}, "id": 176, "time_profile": {"id": 175, "arrival_time": "2021:10:22:12:34:26.591600", "departure_time": "2021:10:22:12:34:26.819781"}}, "resp": {"exception": "None", "resp": "None"}, "profile": {"mo": 3, "exec_time_sec": 3.329999162815511e-05}}}, {"_id": "2021:10:22:12:34:28.069971", "Trace Message Type": "StopServerTraceMsg", "Trace Message": {}}]}