{"Traces": [{"_id": "2021:10:20:13:21:46.978173", "Trace Message Type": "StartServerTraceMsg", "Trace Message": {}}, {"_id": "2021:10:20:13:21:50.225315", "Trace Message Type": "DeleteConnectionTraceMsg", "Trace Message": {"req": {}, "resp": {"exception": "None"}}}, {"_id": "2021:10:20:13:21:50.229304", "Trace Message Type": "InitializeConnectionTraceMsg", "Trace Message": {"req": {}, "resp": {"exception": "None"}}}, {"_id": "2021:10:20:13:21:51.679876", "Trace Message Type": "InitializeTraceMsg", "Trace Message": {"req": {"backend_type": "DirectFtdiDevice", "backend_instance_id": 1, "args": {"ftdi": "None"}, "stacktrace": "[<FrameSummary file C:/Users/User/PycharmProjects/automated_solubility_h1/n9/tests/random_tests.py, line 14 in <module>>, <FrameSummary file <frozen importlib._bootstrap>, line 971 in _find_and_load>, <FrameSummary file <frozen importlib._bootstrap>, line 955 in _find_and_load_unlocked>, <FrameSummary file <frozen importlib._bootstrap>, line 665 in _load_unlocked>, <FrameSummary file <frozen importlib._bootstrap_external>, line 678 in exec_module>, <FrameSummary file <frozen importlib._bootstrap>, line 219 in _call_with_frames_removed>, <FrameSummary file C:\\Users\\User\\PycharmProjects\\automated_solubility_h1\\n9\\experiments\\capping_uncapping.py, line 3 in <module>>, <FrameSummary file <frozen importlib._bootstrap>, line 1023 in _handle_fromlist>, <FrameSummary file <frozen importlib._bootstrap>, line 219 in _call_with_frames_removed>, <FrameSummary file <frozen importlib._bootstrap>, line 971 in _find_and_load>, <FrameSummary file <frozen importlib._bootstrap>, line 955 in _find_and_load_unlocked>, <FrameSummary file <frozen importlib._bootstrap>, line 665 in _load_unlocked>, <FrameSummary file <frozen importlib._bootstrap_external>, line 678 in exec_module>, <FrameSummary file <frozen importlib._bootstrap>, line 219 in _call_with_frames_removed>, <FrameSummary file C:\\Users\\User\\PycharmProjects\\automated_solubility_h1\\n9\\configuration\\deck.py, line 65 in <module>>, <FrameSummary file C:\\Users\\User\\PycharmProjects\\automated_solubility_h1\\venv\\lib\\site-packages\\north_c9\\controller.py, line 208 in __init__>, <FrameSummary file C:\\Users\\User\\PycharmProjects\\automated_solubility_h1\\venv\\lib\\site-packages\\ftdi_serial.py, line 418 in __init__>, <FrameSummary file C:\\Users\\User\\PycharmProjects\\automated_solubility_h1\\venv\\lib\\site-packages\\ftdi_serial.py, line 441 in connect>, <FrameSummary file C:\\Users\\User\\PycharmProjects\\automated_solubility_h1\\venv\\lib\\site-packages\\ftdi_serial.py, line 428 in open_device>, <FrameSummary file C:\\Users\\User\\PycharmProjects\\automated_solubility_h1\\venv\\lib\\site-packages\\niraapad\\backends.py, line 162 in __init__>, <FrameSummary file C:\\Users\\User\\PycharmProjects\\automated_solubility_h1\\venv\\lib\\site-packages\\niraapad\\lab_computer\\niraapad_client.py, line 558 in initialize>]", "id": 1}, "resp": {"exception": "None"}, "profile": {"mo": 3, "exec_time_sec": 0.025731999427080154}}}, {"_id": "2021:10:20:13:21:52.229402", "Trace Message Type": "GenericMethodTraceMsg", "Trace Message": {"req": {"backend_type": "DirectFtdiDevice", "backend_instance_id": 1, "method_name": "reset", "args": {}, "id": 2, "time_profile": {"id": 1, "arrival_time": "2021:10:20:13:21:50.713812", "departure_time": "2021:10:20:13:21:50.748790"}}, "resp": {"exception": "None", "resp": "None"}, "profile": {"mo": 3, "exec_time_sec": 0.27898308634757996}}}, {"_id": "2021:10:20:13:21:52.284259", "Trace Message Type": "GenericMethodTraceMsg", "Trace Message": {"req": {"backend_type": "DirectFtdiDevice", "backend_instance_id": 1, "method_name": "set_baud_rate", "args": {"baudrate": "115200"}, "id": 3, "time_profile": {"id": 2, "arrival_time": "2021:10:20:13:21:50.748790", "departure_time": "2021:10:20:13:21:51.295454"}}, "resp": {"exception": "None", "resp": "None"}, "profile": {"mo": 3, "exec_time_sec": 0.00019690000044647604}}}, {"_id": "2021:10:20:13:21:52.342332", "Trace Message Type": "GenericMethodTraceMsg", "Trace Message": {"req": {"backend_type": "DirectFtdiDevice", "backend_instance_id": 1, "method_name": "set_parameters", "args": {"data_bits": "0"}, "id": 4, "time_profile": {"id": 3, "arrival_time": "2021:10:20:13:21:51.296454", "departure_time": "2021:10:20:13:21:51.350421"}}, "resp": {"exception": "None", "resp": "None"}, "profile": {"mo": 3, "exec_time_sec": 0.00023160000273492187}}}, {"_id": "2021:10:20:13:21:52.401175", "Trace Message Type": "GenericMethodTraceMsg", "Trace Message": {"req": {"backend_type": "DirectFtdiDevice", "backend_instance_id": 1, "method_name": "set_timeouts", "args": {"read_timeout": "500"}, "id": 5, "time_profile": {"id": 4, "arrival_time": "2021:10:20:13:21:51.350421", "departure_time": "2021:10:20:13:21:51.409385"}}, "resp": {"exception": "None", "resp": "None"}, "profile": {"mo": 3, "exec_time_sec": 1.8000000636675395e-05}}}, {"_id": "2021:10:20:13:21:52.457026", "Trace Message Type": "GenericMethodTraceMsg", "Trace Message": {"req": {"backend_type": "DirectFtdiDevice", "backend_instance_id": 1, "method_name": "set_timeouts", "args": {"read_timeout": "500"}, "id": 6, "time_profile": {"id": 5, "arrival_time": "2021:10:20:13:21:51.409385", "departure_time": "2021:10:20:13:21:51.467349"}}, "resp": {"exception": "None", "resp": "None"}, "profile": {"mo": 3, "exec_time_sec": 1.920000067912042e-05}}}, {"_id": "2021:10:20:13:21:52.538807", "Trace Message Type": "GenericMethodTraceMsg", "Trace Message": {"req": {"backend_type": "DirectFtdiDevice", "backend_instance_id": 1, "method_name": "write", "args": {"data": {"network_address": "@1", "99": "99", "crc": "A8A8", "sequence_no": "89", "command_name": "PING", "flags": {}, "args": {}, "command": ""}}, "id": 7, "time_profile": {"id": 6, "arrival_time": "2021:10:20:13:21:51.469348", "departure_time": "2021:10:20:13:21:51.530311"}}, "resp": {"exception": "None", "resp": "None"}, "profile": {"mo": 3, "exec_time_sec": 0.0002111999929184094}}}, {"_id": "2021:10:20:13:21:52.598782", "Trace Message Type": "GenericMethodTraceMsg", "Trace Message": {"req": {"backend_type": "DirectFtdiDevice", "backend_instance_id": 1, "method_name": "set_timeouts", "args": {"read_timeout": "500"}, "id": 8, "time_profile": {"id": 7, "arrival_time": "2021:10:20:13:21:51.530311", "departure_time": "2021:10:20:13:21:51.608268"}}, "resp": {"exception": "None", "resp": "None"}, "profile": {"mo": 3, "exec_time_sec": 6.030000076862052e-05}}}, {"_id": "2021:10:20:13:21:52.664653", "Trace Message Type": "GenericMethodTraceMsg", "Trace Message": {"req": {"backend_type": "DirectFtdiDevice", "backend_instance_id": 1, "method_name": "get_input_size", "args": {}, "id": 9, "time_profile": {"id": 8, "arrival_time": "2021:10:20:13:21:51.608268", "departure_time": "2021:10:20:13:21:51.669226"}}, "resp": {"exception": "None", "resp": "8"}, "profile": {"mo": 3, "exec_time_sec": 7.77000022935681e-05}}}, {"_id": "2021:10:20:13:21:52.726440", "Trace Message Type": "GenericMethodTraceMsg", "Trace Message": {"req": {"backend_type": "DirectFtdiDevice", "backend_instance_id": 1, "method_name": "set_timeouts", "args": {"read_timeout": "500"}, "id": 10, "time_profile": {"id": 9, "arrival_time": "2021:10:20:13:21:51.669226", "departure_time": "2021:10:20:13:21:51.732186"}}, "resp": {"exception": "None", "resp": "None"}, "profile": {"mo": 3, "exec_time_sec": 8.420000085607171e-05}}}, {"_id": "2021:10:20:13:21:52.788831", "Trace Message Type": "GenericMethodTraceMsg", "Trace Message": {"req": {"backend_type": "DirectFtdiDevice", "backend_instance_id": 1, "method_name": "read", "args": {"num_bytes": "8", "raw": "True"}, "id": 11, "time_profile": {"id": 10, "arrival_time": "2021:10:20:13:21:51.732186", "departure_time": "2021:10:20:13:21:51.793155"}}, "resp": {"exception": "None", "resp": "b'\\x80\\x03C\\x08\\x00\\r857E\\r\\nq\\x00.'"}, "profile": {"mo": 3, "exec_time_sec": 5.210000017541461e-05}}}, {"_id": "2021:10:20:13:21:52.850673", "Trace Message Type": "GenericMethodTraceMsg", "Trace Message": {"req": {"backend_type": "DirectFtdiDevice", "backend_instance_id": 1, "method_name": "set_timeouts", "args": {"read_timeout": "500"}, "id": 12, "time_profile": {"id": 11, "arrival_time": "2021:10:20:13:21:51.793155", "departure_time": "2021:10:20:13:21:51.857110"}}, "resp": {"exception": "None", "resp": "None"}, "profile": {"mo": 3, "exec_time_sec": 3.8800000766059384e-05}}}, {"_id": "2021:10:20:13:21:52.994282", "Trace Message Type": "GenericMethodTraceMsg", "Trace Message": {"req": {"backend_type": "DirectFtdiDevice", "backend_instance_id": 1, "method_name": "set_timeouts", "args": {"read_timeout": "500"}, "id": 13, "time_profile": {"id": 12, "arrival_time": "2021:10:20:13:21:51.857110", "departure_time": "2021:10:20:13:21:51.918073"}}, "resp": {"exception": "None", "resp": "None"}, "profile": {"mo": 3, "exec_time_sec": 1.779999911377672e-05}}}, {"_id": "2021:10:20:13:21:53.059112", "Trace Message Type": "GenericMethodTraceMsg", "Trace Message": {"req": {"backend_type": "DirectFtdiDevice", "backend_instance_id": 1, "method_name": "write", "args": {"data": {"network_address": "@1", "99": "99", "crc": "1B6E", "sequence_no": "39", "command_name": "BIAS", "flags": {}, "args": {}, "command": ""}}, "id": 14, "time_profile": {"id": 13, "arrival_time": "2021:10:20:13:21:51.990028", "departure_time": "2021:10:20:13:21:52.061983"}}, "resp": {"exception": "None", "resp": "None"}, "profile": {"mo": 3, "exec_time_sec": 0.00014689999807160348}}}, {"_id": "2021:10:20:13:21:53.126927", "Trace Message Type": "GenericMethodTraceMsg", "Trace Message": {"req": {"backend_type": "DirectFtdiDevice", "backend_instance_id": 1, "method_name": "set_timeouts", "args": {"read_timeout": "500"}, "id": 15, "time_profile": {"id": 14, "arrival_time": "2021:10:20:13:21:52.061983", "departure_time": "2021:10:20:13:21:52.129942"}}, "resp": {"exception": "None", "resp": "None"}, "profile": {"mo": 3, "exec_time_sec": 3.680000008898787e-05}}}, {"_id": "2021:10:20:13:21:53.184841", "Trace Message Type": "GenericMethodTraceMsg", "Trace Message": {"req": {"backend_type": "DirectFtdiDevice", "backend_instance_id": 1, "method_name": "get_input_size", "args": {}, "id": 16, "time_profile": {"id": 15, "arrival_time": "2021:10:20:13:21:52.129942", "departure_time": "2021:10:20:13:21:52.193902"}}, "resp": {"exception": "None", "resp": "9"}, "profile": {"mo": 3, "exec_time_sec": 2.049999966402538e-05}}}, {"_id": "2021:10:20:13:21:53.243230", "Trace Message Type": "GenericMethodTraceMsg", "Trace Message": {"req": {"backend_type": "DirectFtdiDevice", "backend_instance_id": 1, "method_name": "set_timeouts", "args": {"read_timeout": "500"}, "id": 17, "time_profile": {"id": 16, "arrival_time": "2021:10:20:13:21:52.193902", "departure_time": "2021:10:20:13:21:52.251867"}}, "resp": {"exception": "None", "resp": "None"}, "profile": {"mo": 3, "exec_time_sec": 1.82999992830446e-05}}}, {"_id": "2021:10:20:13:21:53.294100", "Trace Message Type": "GenericMethodTraceMsg", "Trace Message": {"req": {"backend_type": "DirectFtdiDevice", "backend_instance_id": 1, "method_name": "read", "args": {"num_bytes": "9", "raw": "True"}, "id": 18, "time_profile": {"id": 17, "arrival_time": "2021:10:20:13:21:52.251867", "departure_time": "2021:10:20:13:21:52.309831"}}, "resp": {"exception": "None", "resp": "b'\\x80\\x03C\\t0 \\rCAA9\\r\\nq\\x00.'"}, "profile": {"mo": 3, "exec_time_sec": 6.769999890821055e-05}}}, {"_id": "2021:10:20:13:21:53.361523", "Trace Message Type": "GenericMethodTraceMsg", "Trace Message": {"req": {"backend_type": "DirectFtdiDevice", "backend_instance_id": 1, "method_name": "set_timeouts", "args": {"read_timeout": "500"}, "id": 19, "time_profile": {"id": 18, "arrival_time": "2021:10:20:13:21:52.309831", "departure_time": "2021:10:20:13:21:52.361800"}}, "resp": {"exception": "None", "resp": "None"}, "profile": {"mo": 3, "exec_time_sec": 2.069999936793465e-05}}}, {"_id": "2021:10:20:13:21:53.449286", "Trace Message Type": "GenericMethodTraceMsg", "Trace Message": {"req": {"backend_type": "DirectFtdiDevice", "backend_instance_id": 1, "method_name": "set_timeouts", "args": {"read_timeout": "500"}, "id": 20, "time_profile": {"id": 19, "arrival_time": "2021:10:20:13:21:52.361800", "departure_time": "2021:10:20:13:21:52.429758"}}, "resp": {"exception": "None", "resp": "None"}, "profile": {"mo": 3, "exec_time_sec": 2.8399999791872688e-05}}}, {"_id": "2021:10:20:13:21:53.507135", "Trace Message Type": "GenericMethodTraceMsg", "Trace Message": {"req": {"backend_type": "DirectFtdiDevice", "backend_instance_id": 1, "method_name": "write", "args": {"data": {"network_address": "@1", "99": "99", "crc": "FC24", "sequence_no": "91", "command_name": "SPED", "flags": {}, "args": {"velocity": "20000", "acceleration": "20000"}, "command": ""}}, "id": 21, "time_profile": {"id": 20, "arrival_time": "2021:10:20:13:21:52.449746", "departure_time": "2021:10:20:13:21:52.516703"}}, "resp": {"exception": "None", "resp": "None"}, "profile": {"mo": 3, "exec_time_sec": 0.00011800000356743112}}}, {"_id": "2021:10:20:13:21:53.564983", "Trace Message Type": "GenericMethodTraceMsg", "Trace Message": {"req": {"backend_type": "DirectFtdiDevice", "backend_instance_id": 1, "method_name": "set_timeouts", "args": {"read_timeout": "500"}, "id": 22, "time_profile": {"id": 21, "arrival_time": "2021:10:20:13:21:52.516703", "departure_time": "2021:10:20:13:21:52.573670"}}, "resp": {"exception": "None", "resp": "None"}, "profile": {"mo": 3, "exec_time_sec": 2.1800000467919745e-05}}}, {"_id": "2021:10:20:13:21:53.622512", "Trace Message Type": "GenericMethodTraceMsg", "Trace Message": {"req": {"backend_type": "DirectFtdiDevice", "backend_instance_id": 1, "method_name": "get_input_size", "args": {}, "id": 23, "time_profile": {"id": 22, "arrival_time": "2021:10:20:13:21:52.574669", "departure_time": "2021:10:20:13:21:52.632634"}}, "resp": {"exception": "None", "resp": "19"}, "profile": {"mo": 3, "exec_time_sec": 2.2399999579647556e-05}}}, {"_id": "2021:10:20:13:21:53.699538", "Trace Message Type": "GenericMethodTraceMsg", "Trace Message": {"req": {"backend_type": "DirectFtdiDevice", "backend_instance_id": 1, "method_name": "set_timeouts", "args": {"read_timeout": "500"}, "id": 24, "time_profile": {"id": 23, "arrival_time": "2021:10:20:13:21:52.632634", "departure_time": "2021:10:20:13:21:52.689599"}}, "resp": {"exception": "None", "resp": "None"}, "profile": {"mo": 3, "exec_time_sec": 1.8999999156221747e-05}}}, {"_id": "2021:10:20:13:21:53.761368", "Trace Message Type": "GenericMethodTraceMsg", "Trace Message": {"req": {"backend_type": "DirectFtdiDevice", "backend_instance_id": 1, "method_name": "read", "args": {"num_bytes": "19", "raw": "True"}, "id": 25, "time_profile": {"id": 24, "arrival_time": "2021:10:20:13:21:52.689599", "departure_time": "2021:10:20:13:21:52.767551"}}, "resp": {"exception": "None", "resp": "b'\\x80\\x03C\\x1320000 20000 \\rC22D\\r\\nq\\x00.'"}, "profile": {"mo": 3, "exec_time_sec": 7.899999764049426e-05}}}, {"_id": "2021:10:20:13:21:53.819463", "Trace Message Type": "GenericMethodTraceMsg", "Trace Message": {"req": {"backend_type": "DirectFtdiDevice", "backend_instance_id": 1, "method_name": "set_timeouts", "args": {"read_timeout": "500"}, "id": 26, "time_profile": {"id": 25, "arrival_time": "2021:10:20:13:21:52.767551", "departure_time": "2021:10:20:13:21:52.827515"}}, "resp": {"exception": "None", "resp": "None"}, "profile": {"mo": 3, "exec_time_sec": 1.8700000509852543e-05}}}, {"_id": "2021:10:20:13:21:53.882295", "Trace Message Type": "GenericMethodTraceMsg", "Trace Message": {"req": {"backend_type": "DirectFtdiDevice", "backend_instance_id": 1, "method_name": "set_timeouts", "args": {"read_timeout": "500"}, "id": 27, "time_profile": {"id": 26, "arrival_time": "2021:10:20:13:21:52.827515", "departure_time": "2021:10:20:13:21:52.886476"}}, "resp": {"exception": "None", "resp": "None"}, "profile": {"mo": 3, "exec_time_sec": 1.97000008483883e-05}}}, {"_id": "2021:10:20:13:21:53.940647", "Trace Message Type": "GenericMethodTraceMsg", "Trace Message": {"req": {"backend_type": "DirectFtdiDevice", "backend_instance_id": 1, "method_name": "write", "args": {"data": {"network_address": "@1", "99": "99", "crc": "2777", "sequence_no": "93", "command_name": "BIAS", "flags": {}, "args": {"bias": "0"}, "command": ""}}, "id": 28, "time_profile": {"id": 27, "arrival_time": "2021:10:20:13:21:52.889475", "departure_time": "2021:10:20:13:21:52.949437"}}, "resp": {"exception": "None", "resp": "None"}, "profile": {"mo": 3, "exec_time_sec": 0.0003153000143356621}}}, {"_id": "2021:10:20:13:21:54.002210", "Trace Message Type": "GenericMethodTraceMsg", "Trace Message": {"req": {"backend_type": "DirectFtdiDevice", "backend_instance_id": 1, "method_name": "set_timeouts", "args": {"read_timeout": "500"}, "id": 29, "time_profile": {"id": 28, "arrival_time": "2021:10:20:13:21:52.949437", "departure_time": "2021:10:20:13:21:53.008402"}}, "resp": {"exception": "None", "resp": "None"}, "profile": {"mo": 3, "exec_time_sec": 1.8700000509852543e-05}}}, {"_id": "2021:10:20:13:21:54.069194", "Trace Message Type": "GenericMethodTraceMsg", "Trace Message": {"req": {"backend_type": "DirectFtdiDevice", "backend_instance_id": 1, "method_name": "get_input_size", "args": {}, "id": 30, "time_profile": {"id": 29, "arrival_time": "2021:10:20:13:21:53.008402", "departure_time": "2021:10:20:13:21:53.073362"}}, "resp": {"exception": "None", "resp": "9"}, "profile": {"mo": 3, "exec_time_sec": 4.059999992023222e-05}}}, {"_id": "2021:10:20:13:21:54.130005", "Trace Message Type": "GenericMethodTraceMsg", "Trace Message": {"req": {"backend_type": "DirectFtdiDevice", "backend_instance_id": 1, "method_name": "set_timeouts", "args": {"read_timeout": "500"}, "id": 31, "time_profile": {"id": 30, "arrival_time": "2021:10:20:13:21:53.073362", "departure_time": "2021:10:20:13:21:53.136323"}}, "resp": {"exception": "None", "resp": "None"}, "profile": {"mo": 3, "exec_time_sec": 1.6199999663513154e-05}}}, {"_id": "2021:10:20:13:21:54.184855", "Trace Message Type": "GenericMethodTraceMsg", "Trace Message": {"req": {"backend_type": "DirectFtdiDevice", "backend_instance_id": 1, "method_name": "read", "args": {"num_bytes": "9", "raw": "True"}, "id": 32, "time_profile": {"id": 31, "arrival_time": "2021:10:20:13:21:53.137323", "departure_time": "2021:10:20:13:21:53.199285"}}, "resp": {"exception": "None", "resp": "b'\\x80\\x03C\\t0 \\rCAA9\\r\\nq\\x00.'"}, "profile": {"mo": 3, "exec_time_sec": 2.5400000595254824e-05}}}, {"_id": "2021:10:20:13:21:54.249685", "Trace Message Type": "GenericMethodTraceMsg", "Trace Message": {"req": {"backend_type": "DirectFtdiDevice", "backend_instance_id": 1, "method_name": "set_timeouts", "args": {"read_timeout": "500"}, "id": 33, "time_profile": {"id": 32, "arrival_time": "2021:10:20:13:21:53.199285", "departure_time": "2021:10:20:13:21:53.251253"}}, "resp": {"exception": "None", "resp": "None"}, "profile": {"mo": 3, "exec_time_sec": 1.759999940986745e-05}}}, {"_id": "2021:10:20:13:21:54.313511", "Trace Message Type": "GenericMethodTraceMsg", "Trace Message": {"req": {"backend_type": "DirectFtdiDevice", "backend_instance_id": 1, "method_name": "set_timeouts", "args": {"read_timeout": "500"}, "id": 34, "time_profile": {"id": 33, "arrival_time": "2021:10:20:13:21:53.251253", "departure_time": "2021:10:20:13:21:53.320212"}}, "resp": {"exception": "None", "resp": "None"}, "profile": {"mo": 3, "exec_time_sec": 3.2899999496294186e-05}}}, {"_id": "2021:10:20:13:21:54.372360", "Trace Message Type": "GenericMethodTraceMsg", "Trace Message": {"req": {"backend_type": "DirectFtdiDevice", "backend_instance_id": 1, "method_name": "write", "args": {"data": {"network_address": "@1", "99": "99", "crc": "8388", "sequence_no": "95", "command_name": "HOME", "flags": {"if_needed": "1"}, "args": {}, "command": ""}}, "id": 35, "time_profile": {"id": 34, "arrival_time": "2021:10:20:13:21:53.323209", "departure_time": "2021:10:20:13:21:53.381175"}}, "resp": {"exception": "None", "resp": "None"}, "profile": {"mo": 3, "exec_time_sec": 0.00020249999943189323}}}, {"_id": "2021:10:20:13:21:54.431315", "Trace Message Type": "GenericMethodTraceMsg", "Trace Message": {"req": {"backend_type": "DirectFtdiDevice", "backend_instance_id": 1, "method_name": "set_timeouts", "args": {"read_timeout": "500"}, "id": 36, "time_profile": {"id": 35, "arrival_time": "2021:10:20:13:21:53.381175", "departure_time": "2021:10:20:13:21:53.440139"}}, "resp": {"exception": "None", "resp": "None"}, "profile": {"mo": 3, "exec_time_sec": 2.700000004551839e-05}}}, {"_id": "2021:10:20:13:21:54.488815", "Trace Message Type": "GenericMethodTraceMsg", "Trace Message": {"req": {"backend_type": "DirectFtdiDevice", "backend_instance_id": 1, "method_name": "get_input_size", "args": {}, "id": 37, "time_profile": {"id": 36, "arrival_time": "2021:10:20:13:21:53.440139", "departure_time": "2021:10:20:13:21:53.498102"}}, "resp": {"exception": "None", "resp": "28"}, "profile": {"mo": 3, "exec_time_sec": 3.619999915827066e-05}}}, {"_id": "2021:10:20:13:21:54.552769", "Trace Message Type": "GenericMethodTraceMsg", "Trace Message": {"req": {"backend_type": "DirectFtdiDevice", "backend_instance_id": 1, "method_name": "set_timeouts", "args": {"read_timeout": "500"}, "id": 38, "time_profile": {"id": 37, "arrival_time": "2021:10:20:13:21:53.498102", "departure_time": "2021:10:20:13:21:53.556069"}}, "resp": {"exception": "None", "resp": "None"}, "profile": {"mo": 3, "exec_time_sec": 2.9200000426499173e-05}}}, {"_id": "2021:10:20:13:21:54.618577", "Trace Message Type": "GenericMethodTraceMsg", "Trace Message": {"req": {"backend_type": "DirectFtdiDevice", "backend_instance_id": 1, "method_name": "read", "args": {"num_bytes": "28", "raw": "True"}, "id": 39, "time_profile": {"id": 38, "arrival_time": "2021:10:20:13:21:53.556069", "departure_time": "2021:10:20:13:21:53.620027"}}, "resp": {"exception": "None", "resp": "b'\\x80\\x03C\\x1c2433 10331 40824 522 \\r8ABB\\r\\nq\\x00.'"}, "profile": {"mo": 3, "exec_time_sec": 7.110000296961516e-05}}}, {"_id": "2021:10:20:13:21:54.683405", "Trace Message Type": "GenericMethodTraceMsg", "Trace Message": {"req": {"backend_type": "DirectFtdiDevice", "backend_instance_id": 1, "method_name": "set_timeouts", "args": {"read_timeout": "500"}, "id": 40, "time_profile": {"id": 39, "arrival_time": "2021:10:20:13:21:53.620027", "departure_time": "2021:10:20:13:21:53.684987"}}, "resp": {"exception": "None", "resp": "None"}, "profile": {"mo": 3, "exec_time_sec": 8.05000017862767e-05}}}, {"_id": "2021:10:20:13:21:54.750721", "Trace Message Type": "GenericMethodTraceMsg", "Trace Message": {"req": {"backend_type": "DirectFtdiDevice", "backend_instance_id": 1, "method_name": "set_timeouts", "args": {"read_timeout": "500"}, "id": 41, "time_profile": {"id": 40, "arrival_time": "2021:10:20:13:21:53.684987", "departure_time": "2021:10:20:13:21:53.750946"}}, "resp": {"exception": "None", "resp": "None"}, "profile": {"mo": 3, "exec_time_sec": 1.779999911377672e-05}}}, {"_id": "2021:10:20:13:21:54.806568", "Trace Message Type": "GenericMethodTraceMsg", "Trace Message": {"req": {"backend_type": "DirectFtdiDevice", "backend_instance_id": 1, "method_name": "write", "args": {"data": {"network_address": "@1", "99": "99", "crc": "44D3", "sequence_no": "97", "command_name": "CURR", "flags": {}, "args": {"axis": "0"}, "command": ""}}, "id": 42, "time_profile": {"id": 41, "arrival_time": "2021:10:20:13:21:53.752946", "departure_time": "2021:10:20:13:21:53.817905"}}, "resp": {"exception": "None", "resp": "None"}, "profile": {"mo": 3, "exec_time_sec": 0.00017749999824445695}}}, {"_id": "2021:10:20:13:21:54.865416", "Trace Message Type": "GenericMethodTraceMsg", "Trace Message": {"req": {"backend_type": "DirectFtdiDevice", "backend_instance_id": 1, "method_name": "set_timeouts", "args": {"read_timeout": "500"}, "id": 43, "time_profile": {"id": 42, "arrival_time": "2021:10:20:13:21:53.817905", "departure_time": "2021:10:20:13:21:53.873871"}}, "resp": {"exception": "None", "resp": "None"}, "profile": {"mo": 3, "exec_time_sec": 2.990000029967632e-05}}}, {"_id": "2021:10:20:13:21:54.923256", "Trace Message Type": "GenericMethodTraceMsg", "Trace Message": {"req": {"backend_type": "DirectFtdiDevice", "backend_instance_id": 1, "method_name": "get_input_size", "args": {}, "id": 44, "time_profile": {"id": 43, "arrival_time": "2021:10:20:13:21:53.873871", "departure_time": "2021:10:20:13:21:53.936835"}}, "resp": {"exception": "None", "resp": "11"}, "profile": {"mo": 3, "exec_time_sec": 3.300000025774352e-05}}}, {"_id": "2021:10:20:13:21:54.983100", "Trace Message Type": "GenericMethodTraceMsg", "Trace Message": {"req": {"backend_type": "DirectFtdiDevice", "backend_instance_id": 1, "method_name": "set_timeouts", "args": {"read_timeout": "500"}, "id": 45, "time_profile": {"id": 44, "arrival_time": "2021:10:20:13:21:53.936835", "departure_time": "2021:10:20:13:21:53.990799"}}, "resp": {"exception": "None", "resp": "None"}, "profile": {"mo": 3, "exec_time_sec": 1.779999911377672e-05}}}, {"_id": "2021:10:20:13:21:55.043938", "Trace Message Type": "GenericMethodTraceMsg", "Trace Message": {"req": {"backend_type": "DirectFtdiDevice", "backend_instance_id": 1, "method_name": "read", "args": {"num_bytes": "11", "raw": "True"}, "id": 46, "time_profile": {"id": 45, "arrival_time": "2021:10:20:13:21:53.990799", "departure_time": "2021:10:20:13:21:54.049763"}}, "resp": {"exception": "None", "resp": "b'\\x80\\x03C\\x0b341 \\rFEA7\\r\\nq\\x00.'"}, "profile": {"mo": 3, "exec_time_sec": 6.510000093840063e-05}}}, {"_id": "2021:10:20:13:21:55.108760", "Trace Message Type": "GenericMethodTraceMsg", "Trace Message": {"req": {"backend_type": "DirectFtdiDevice", "backend_instance_id": 1, "method_name": "set_timeouts", "args": {"read_timeout": "500"}, "id": 47, "time_profile": {"id": 46, "arrival_time": "2021:10:20:13:21:54.049763", "departure_time": "2021:10:20:13:21:54.111723"}}, "resp": {"exception": "None", "resp": "None"}, "profile": {"mo": 3, "exec_time_sec": 1.8599999748403206e-05}}}, {"_id": "2021:10:20:13:21:55.170605", "Trace Message Type": "GenericMethodTraceMsg", "Trace Message": {"req": {"backend_type": "DirectFtdiDevice", "backend_instance_id": 1, "method_name": "set_timeouts", "args": {"read_timeout": "500"}, "id": 48, "time_profile": {"id": 47, "arrival_time": "2021:10:20:13:21:54.111723", "departure_time": "2021:10:20:13:21:54.175685"}}, "resp": {"exception": "None", "resp": "None"}, "profile": {"mo": 3, "exec_time_sec": 4.5900000259280205e-05}}}, {"_id": "2021:10:20:13:21:55.223679", "Trace Message Type": "GenericMethodTraceMsg", "Trace Message": {"req": {"backend_type": "DirectFtdiDevice", "backend_instance_id": 1, "method_name": "write", "args": {"data": {"network_address": "@1", "99": "99", "crc": "C352", "sequence_no": "1", "command_name": "CURR", "flags": {}, "args": {"axis": "0"}, "command": ""}}, "id": 49, "time_profile": {"id": 48, "arrival_time": "2021:10:20:13:21:54.178685", "departure_time": "2021:10:20:13:21:54.237646"}}, "resp": {"exception": "None", "resp": "None"}, "profile": {"mo": 3, "exec_time_sec": 0.00013359999866224825}}}, {"_id": "2021:10:20:13:21:55.282522", "Trace Message Type": "GenericMethodTraceMsg", "Trace Message": {"req": {"backend_type": "DirectFtdiDevice", "backend_instance_id": 1, "method_name": "set_timeouts", "args": {"read_timeout": "500"}, "id": 50, "time_profile": {"id": 49, "arrival_time": "2021:10:20:13:21:54.237646", "departure_time": "2021:10:20:13:21:54.289617"}}, "resp": {"exception": "None", "resp": "None"}, "profile": {"mo": 3, "exec_time_sec": 2.0199999198666774e-05}}}, {"_id": "2021:10:20:13:21:55.344358", "Trace Message Type": "GenericMethodTraceMsg", "Trace Message": {"req": {"backend_type": "DirectFtdiDevice", "backend_instance_id": 1, "method_name": "get_input_size", "args": {}, "id": 51, "time_profile": {"id": 50, "arrival_time": "2021:10:20:13:21:54.289617", "departure_time": "2021:10:20:13:21:54.349578"}}, "resp": {"exception": "None", "resp": "11"}, "profile": {"mo": 3, "exec_time_sec": 3.51999988197349e-05}}}, {"_id": "2021:10:20:13:21:55.404196", "Trace Message Type": "GenericMethodTraceMsg", "Trace Message": {"req": {"backend_type": "DirectFtdiDevice", "backend_instance_id": 1, "method_name": "set_timeouts", "args": {"read_timeout": "500"}, "id": 52, "time_profile": {"id": 51, "arrival_time": "2021:10:20:13:21:54.349578", "departure_time": "2021:10:20:13:21:54.410542"}}, "resp": {"exception": "None", "resp": "None"}, "profile": {"mo": 3, "exec_time_sec": 3.229999856557697e-05}}}, {"_id": "2021:10:20:13:21:55.461140", "Trace Message Type": "GenericMethodTraceMsg", "Trace Message": {"req": {"backend_type": "DirectFtdiDevice", "backend_instance_id": 1, "method_name": "read", "args": {"num_bytes": "11", "raw": "True"}, "id": 53, "time_profile": {"id": 52, "arrival_time": "2021:10:20:13:21:54.411542", "departure_time": "2021:10:20:13:21:54.470505"}}, "resp": {"exception": "None", "resp": "b'\\x80\\x03C\\x0b331 \\r8AA6\\r\\nq\\x00.'"}, "profile": {"mo": 3, "exec_time_sec": 9.4600000011269e-05}}}, {"_id": "2021:10:20:13:21:55.519971", "Trace Message Type": "GenericMethodTraceMsg", "Trace Message": {"req": {"backend_type": "DirectFtdiDevice", "backend_instance_id": 1, "method_name": "set_timeouts", "args": {"read_timeout": "500"}, "id": 54, "time_profile": {"id": 53, "arrival_time": "2021:10:20:13:21:54.470505", "departure_time": "2021:10:20:13:21:54.529469"}}, "resp": {"exception": "None", "resp": "None"}, "profile": {"mo": 3, "exec_time_sec": 2.5699999241624027e-05}}}, {"_id": "2021:10:20:13:21:55.585796", "Trace Message Type": "GenericMethodTraceMsg", "Trace Message": {"req": {"backend_type": "DirectFtdiDevice", "backend_instance_id": 1, "method_name": "set_timeouts", "args": {"read_timeout": "500"}, "id": 55, "time_profile": {"id": 54, "arrival_time": "2021:10:20:13:21:54.529469", "departure_time": "2021:10:20:13:21:54.588432"}}, "resp": {"exception": "None", "resp": "None"}, "profile": {"mo": 3, "exec_time_sec": 5.4299998737405986e-05}}}, {"_id": "2021:10:20:13:21:55.647654", "Trace Message Type": "GenericMethodTraceMsg", "Trace Message": {"req": {"backend_type": "DirectFtdiDevice", "backend_instance_id": 1, "method_name": "write", "args": {"data": {"network_address": "@1", "99": "99", "crc": "A34B", "sequence_no": "3", "command_name": "CURR", "flags": {}, "args": {"axis": "0"}, "command": ""}}, "id": 56, "time_profile": {"id": 55, "arrival_time": "2021:10:20:13:21:54.591431", "departure_time": "2021:10:20:13:21:54.654397"}}, "resp": {"exception": "None", "resp": "None"}, "profile": {"mo": 3, "exec_time_sec": 0.00017559999832883477}}}, {"_id": "2021:10:20:13:21:55.704507", "Trace Message Type": "GenericMethodTraceMsg", "Trace Message": {"req": {"backend_type": "DirectFtdiDevice", "backend_instance_id": 1, "method_name": "set_timeouts", "args": {"read_timeout": "500"}, "id": 57, "time_profile": {"id": 56, "arrival_time": "2021:10:20:13:21:54.654397", "departure_time": "2021:10:20:13:21:54.714355"}}, "resp": {"exception": "None", "resp": "None"}, "profile": {"mo": 3, "exec_time_sec": 2.4599999960628338e-05}}}, {"_id": "2021:10:20:13:21:55.762377", "Trace Message Type": "GenericMethodTraceMsg", "Trace Message": {"req": {"backend_type": "DirectFtdiDevice", "backend_instance_id": 1, "method_name": "get_input_size", "args": {}, "id": 58, "time_profile": {"id": 57, "arrival_time": "2021:10:20:13:21:54.714355", "departure_time": "2021:10:20:13:21:54.772320"}}, "resp": {"exception": "None", "resp": "11"}, "profile": {"mo": 3, "exec_time_sec": 2.2500000341096893e-05}}}, {"_id": "2021:10:20:13:21:55.819222", "Trace Message Type": "GenericMethodTraceMsg", "Trace Message": {"req": {"backend_type": "DirectFtdiDevice", "backend_instance_id": 1, "method_name": "set_timeouts", "args": {"read_timeout": "500"}, "id": 59, "time_profile": {"id": 58, "arrival_time": "2021:10:20:13:21:54.772320", "departure_time": "2021:10:20:13:21:54.828285"}}, "resp": {"exception": "None", "resp": "None"}, "profile": {"mo": 3, "exec_time_sec": 2.7100000806967728e-05}}}, {"_id": "2021:10:20:13:21:55.884049", "Trace Message Type": "GenericMethodTraceMsg", "Trace Message": {"req": {"backend_type": "DirectFtdiDevice", "backend_instance_id": 1, "method_name": "read", "args": {"num_bytes": "11", "raw": "True"}, "id": 60, "time_profile": {"id": 59, "arrival_time": "2021:10:20:13:21:54.829285", "departure_time": "2021:10:20:13:21:54.886249"}}, "resp": {"exception": "None", "resp": "b'\\x80\\x03C\\x0b335 \\r4BE7\\r\\nq\\x00.'"}, "profile": {"mo": 3, "exec_time_sec": 3.870000000461005e-05}}}, {"_id": "2021:10:20:13:21:55.941894", "Trace Message Type": "GenericMethodTraceMsg", "Trace Message": {"req": {"backend_type": "DirectFtdiDevice", "backend_instance_id": 1, "method_name": "set_timeouts", "args": {"read_timeout": "500"}, "id": 61, "time_profile": {"id": 60, "arrival_time": "2021:10:20:13:21:54.887249", "departure_time": "2021:10:20:13:21:54.953208"}}, "resp": {"exception": "None", "resp": "None"}, "profile": {"mo": 3, "exec_time_sec": 1.700000029813964e-05}}}, {"_id": "2021:10:20:13:21:56.001735", "Trace Message Type": "GenericMethodTraceMsg", "Trace Message": {"req": {"backend_type": "DirectFtdiDevice", "backend_instance_id": 1, "method_name": "set_timeouts", "args": {"read_timeout": "500"}, "id": 62, "time_profile": {"id": 61, "arrival_time": "2021:10:20:13:21:54.953208", "departure_time": "2021:10:20:13:21:55.009175"}}, "resp": {"exception": "None", "resp": "None"}, "profile": {"mo": 3, "exec_time_sec": 2.1699999706470408e-05}}}, {"_id": "2021:10:20:13:21:56.063573", "Trace Message Type": "GenericMethodTraceMsg", "Trace Message": {"req": {"backend_type": "DirectFtdiDevice", "backend_instance_id": 1, "method_name": "write", "args": {"data": {"network_address": "@1", "99": "99", "crc": "0360", "sequence_no": "5", "command_name": "CURR", "flags": {}, "args": {"axis": "0"}, "command": ""}}, "id": 63, "time_profile": {"id": 62, "arrival_time": "2021:10:20:13:21:55.012173", "departure_time": "2021:10:20:13:21:55.069137"}}, "resp": {"exception": "None", "resp": "None"}, "profile": {"mo": 3, "exec_time_sec": 0.0002432000037515536}}}, {"_id": "2021:10:20:13:21:56.128098", "Trace Message Type": "GenericMethodTraceMsg", "Trace Message": {"req": {"backend_type": "DirectFtdiDevice", "backend_instance_id": 1, "method_name": "set_timeouts", "args": {"read_timeout": "500"}, "id": 64, "time_profile": {"id": 63, "arrival_time": "2021:10:20:13:21:55.069137", "departure_time": "2021:10:20:13:21:55.132098"}}, "resp": {"exception": "None", "resp": "None"}, "profile": {"mo": 3, "exec_time_sec": 3.389999983482994e-05}}}, {"_id": "2021:10:20:13:21:56.186993", "Trace Message Type": "GenericMethodTraceMsg", "Trace Message": {"req": {"backend_type": "DirectFtdiDevice", "backend_instance_id": 1, "method_name": "get_input_size", "args": {}, "id": 65, "time_profile": {"id": 64, "arrival_time": "2021:10:20:13:21:55.132098", "departure_time": "2021:10:20:13:21:55.195060"}}, "resp": {"exception": "None", "resp": "11"}, "profile": {"mo": 3, "exec_time_sec": 6.009999924572185e-05}}}, {"_id": "2021:10:20:13:21:56.247201", "Trace Message Type": "GenericMethodTraceMsg", "Trace Message": {"req": {"backend_type": "DirectFtdiDevice", "backend_instance_id": 1, "method_name": "set_timeouts", "args": {"read_timeout": "500"}, "id": 66, "time_profile": {"id": 65, "arrival_time": "2021:10:20:13:21:55.195060", "departure_time": "2021:10:20:13:21:55.254024"}}, "resp": {"exception": "None", "resp": "None"}, "profile": {"mo": 3, "exec_time_sec": 2.5800000003073364e-05}}}, {"_id": "2021:10:20:13:21:56.309040", "Trace Message Type": "GenericMethodTraceMsg", "Trace Message": {"req": {"backend_type": "DirectFtdiDevice", "backend_instance_id": 1, "method_name": "read", "args": {"num_bytes": "11", "raw": "True"}, "id": 67, "time_profile": {"id": 66, "arrival_time": "2021:10:20:13:21:55.254024", "departure_time": "2021:10:20:13:21:55.313987"}}, "resp": {"exception": "None", "resp": "b'\\x80\\x03C\\x0b319 \\rF026\\r\\nq\\x00.'"}, "profile": {"mo": 3, "exec_time_sec": 7.660000119358301e-05}}}, {"_id": "2021:10:20:13:21:56.365926", "Trace Message Type": "GenericMethodTraceMsg", "Trace Message": {"req": {"backend_type": "DirectFtdiDevice", "backend_instance_id": 1, "method_name": "set_timeouts", "args": {"read_timeout": "500"}, "id": 68, "time_profile": {"id": 67, "arrival_time": "2021:10:20:13:21:55.313987", "departure_time": "2021:10:20:13:21:55.375948"}}, "resp": {"exception": "None", "resp": "None"}, "profile": {"mo": 3, "exec_time_sec": 7.270000060088933e-05}}}, {"_id": "2021:10:20:13:21:56.428719", "Trace Message Type": "GenericMethodTraceMsg", "Trace Message": {"req": {"backend_type": "DirectFtdiDevice", "backend_instance_id": 1, "method_name": "set_timeouts", "args": {"read_timeout": "500"}, "id": 69, "time_profile": {"id": 68, "arrival_time": "2021:10:20:13:21:55.375948", "departure_time": "2021:10:20:13:21:55.433914"}}, "resp": {"exception": "None", "resp": "None"}, "profile": {"mo": 3, "exec_time_sec": 2.4499999199179e-05}}}, {"_id": "2021:10:20:13:21:56.489556", "Trace Message Type": "GenericMethodTraceMsg", "Trace Message": {"req": {"backend_type": "DirectFtdiDevice", "backend_instance_id": 1, "method_name": "write", "args": {"data": {"network_address": "@1", "99": "99", "crc": "6379", "sequence_no": "7", "command_name": "CURR", "flags": {}, "args": {"axis": "0"}, "command": ""}}, "id": 70, "time_profile": {"id": 69, "arrival_time": "2021:10:20:13:21:55.436910", "departure_time": "2021:10:20:13:21:55.494874"}}, "resp": {"exception": "None", "resp": "None"}, "profile": {"mo": 3, "exec_time_sec": 0.00017129999469034374}}}, {"_id": "2021:10:20:13:21:56.551586", "Trace Message Type": "GenericMethodTraceMsg", "Trace Message": {"req": {"backend_type": "DirectFtdiDevice", "backend_instance_id": 1, "method_name": "set_timeouts", "args": {"read_timeout": "500"}, "id": 71, "time_profile": {"id": 70, "arrival_time": "2021:10:20:13:21:55.495876", "departure_time": "2021:10:20:13:21:55.556838"}}, "resp": {"exception": "None", "resp": "None"}, "profile": {"mo": 3, "exec_time_sec": 2.8700000257231295e-05}}}, {"_id": "2021:10:20:13:21:56.614418", "Trace Message Type": "GenericMethodTraceMsg", "Trace Message": {"req": {"backend_type": "DirectFtdiDevice", "backend_instance_id": 1, "method_name": "get_input_size", "args": {}, "id": 72, "time_profile": {"id": 71, "arrival_time": "2021:10:20:13:21:55.556838", "departure_time": "2021:10:20:13:21:55.618800"}}, "resp": {"exception": "None", "resp": "11"}, "profile": {"mo": 3, "exec_time_sec": 2.390000008745119e-05}}}, {"_id": "2021:10:20:13:21:56.685231", "Trace Message Type": "GenericMethodTraceMsg", "Trace Message": {"req": {"backend_type": "DirectFtdiDevice", "backend_instance_id": 1, "method_name": "set_timeouts", "args": {"read_timeout": "500"}, "id": 73, "time_profile": {"id": 72, "arrival_time": "2021:10:20:13:21:55.618800", "departure_time": "2021:10:20:13:21:55.681760"}}, "resp": {"exception": "None", "resp": "None"}, "profile": {"mo": 3, "exec_time_sec": 3.3799999073380604e-05}}}, {"_id": "2021:10:20:13:21:56.745072", "Trace Message Type": "GenericMethodTraceMsg", "Trace Message": {"req": {"backend_type": "DirectFtdiDevice", "backend_instance_id": 1, "method_name": "read", "args": {"num_bytes": "11", "raw": "True"}, "id": 74, "time_profile": {"id": 73, "arrival_time": "2021:10:20:13:21:55.681760", "departure_time": "2021:10:20:13:21:55.752718"}}, "resp": {"exception": "None", "resp": "b'\\x80\\x03C\\x0b340 \\r3EF6\\r\\nq\\x00.'"}, "profile": {"mo": 3, "exec_time_sec": 3.769999966607429e-05}}}, {"_id": "2021:10:20:13:21:56.806903", "Trace Message Type": "GenericMethodTraceMsg", "Trace Message": {"req": {"backend_type": "DirectFtdiDevice", "backend_instance_id": 1, "method_name": "set_timeouts", "args": {"read_timeout": "500"}, "id": 75, "time_profile": {"id": 74, "arrival_time": "2021:10:20:13:21:55.752718", "departure_time": "2021:10:20:13:21:55.812679"}}, "resp": {"exception": "None", "resp": "None"}, "profile": {"mo": 3, "exec_time_sec": 1.82999992830446e-05}}}, {"_id": "2021:10:20:13:21:56.863067", "Trace Message Type": "GenericMethodTraceMsg", "Trace Message": {"req": {"backend_type": "DirectFtdiDevice", "backend_instance_id": 1, "method_name": "set_timeouts", "args": {"read_timeout": "500"}, "id": 76, "time_profile": {"id": 75, "arrival_time": "2021:10:20:13:21:55.812679", "departure_time": "2021:10:20:13:21:55.873643"}}, "resp": {"exception": "None", "resp": "None"}, "profile": {"mo": 3, "exec_time_sec": 1.8799999452312477e-05}}}, {"_id": "2021:10:20:13:21:56.922074", "Trace Message Type": "GenericMethodTraceMsg", "Trace Message": {"req": {"backend_type": "DirectFtdiDevice", "backend_instance_id": 1, "method_name": "write", "args": {"data": {"network_address": "@1", "99": "99", "crc": "0335", "sequence_no": "9", "command_name": "CURR", "flags": {}, "args": {"axis": "0"}, "command": ""}}, "id": 77, "time_profile": {"id": 76, "arrival_time": "2021:10:20:13:21:55.876641", "departure_time": "2021:10:20:13:21:55.930607"}}, "resp": {"exception": "None", "resp": "None"}, "profile": {"mo": 3, "exec_time_sec": 0.0001517000055173412}}}, {"_id": "2021:10:20:13:21:56.978916", "Trace Message Type": "GenericMethodTraceMsg", "Trace Message": {"req": {"backend_type": "DirectFtdiDevice", "backend_instance_id": 1, "method_name": "set_timeouts", "args": {"read_timeout": "500"}, "id": 78, "time_profile": {"id": 77, "arrival_time": "2021:10:20:13:21:55.930607", "departure_time": "2021:10:20:13:21:55.989573"}}, "resp": {"exception": "None", "resp": "None"}, "profile": {"mo": 3, "exec_time_sec": 2.13999992411118e-05}}}, {"_id": "2021:10:20:13:21:57.034029", "Trace Message Type": "GenericMethodTraceMsg", "Trace Message": {"req": {"backend_type": "DirectFtdiDevice", "backend_instance_id": 1, "method_name": "get_input_size", "args": {}, "id": 79, "time_profile": {"id": 78, "arrival_time": "2021:10:20:13:21:55.989573", "departure_time": "2021:10:20:13:21:56.046537"}}, "resp": {"exception": "None", "resp": "11"}, "profile": {"mo": 3, "exec_time_sec": 3.139999898849055e-05}}}, {"_id": "2021:10:20:13:21:57.095549", "Trace Message Type": "GenericMethodTraceMsg", "Trace Message": {"req": {"backend_type": "DirectFtdiDevice", "backend_instance_id": 1, "method_name": "set_timeouts", "args": {"read_timeout": "500"}, "id": 80, "time_profile": {"id": 79, "arrival_time": "2021:10:20:13:21:56.046537", "departure_time": "2021:10:20:13:21:56.102507"}}, "resp": {"exception": "None", "resp": "None"}, "profile": {"mo": 3, "exec_time_sec": 1.8000000636675395e-05}}}, {"_id": "2021:10:20:13:21:57.163359", "Trace Message Type": "GenericMethodTraceMsg", "Trace Message": {"req": {"backend_type": "DirectFtdiDevice", "backend_instance_id": 1, "method_name": "read", "args": {"num_bytes": "11", "raw": "True"}, "id": 81, "time_profile": {"id": 80, "arrival_time": "2021:10:20:13:21:56.102507", "departure_time": "2021:10:20:13:21:56.163466"}}, "resp": {"exception": "None", "resp": "b'\\x80\\x03C\\x0b336 \\r4B17\\r\\nq\\x00.'"}, "profile": {"mo": 3, "exec_time_sec": 3.239999932702631e-05}}}, {"_id": "2021:10:20:13:21:57.221208", "Trace Message Type": "GenericMethodTraceMsg", "Trace Message": {"req": {"backend_type": "DirectFtdiDevice", "backend_instance_id": 1, "method_name": "set_timeouts", "args": {"read_timeout": "500"}, "id": 82, "time_profile": {"id": 81, "arrival_time": "2021:10:20:13:21:56.163466", "departure_time": "2021:10:20:13:21:56.229427"}}, "resp": {"exception": "None", "resp": "None"}, "profile": {"mo": 3, "exec_time_sec": 1.7700000171316788e-05}}}, {"_id": "2021:10:20:13:21:57.289029", "Trace Message Type": "GenericMethodTraceMsg", "Trace Message": {"req": {"backend_type": "DirectFtdiDevice", "backend_instance_id": 1, "method_name": "set_timeouts", "args": {"read_timeout": "500"}, "id": 83, "time_profile": {"id": 82, "arrival_time": "2021:10:20:13:21:56.229427", "departure_time": "2021:10:20:13:21:56.289388"}}, "resp": {"exception": "None", "resp": "None"}, "profile": {"mo": 3, "exec_time_sec": 2.209999911428895e-05}}}, {"_id": "2021:10:20:13:21:57.348863", "Trace Message Type": "GenericMethodTraceMsg", "Trace Message": {"req": {"backend_type": "DirectFtdiDevice", "backend_instance_id": 1, "method_name": "write", "args": {"data": {"network_address": "@1", "99": "99", "crc": "0E79", "sequence_no": "11", "command_name": "CURR", "flags": {}, "args": {"axis": "0"}, "command": ""}}, "id": 84, "time_profile": {"id": 83, "arrival_time": "2021:10:20:13:21:56.292386", "departure_time": "2021:10:20:13:21:56.356346"}}, "resp": {"exception": "None", "resp": "None"}, "profile": {"mo": 3, "exec_time_sec": 8.859999798005447e-05}}}, {"_id": "2021:10:20:13:21:57.407693", "Trace Message Type": "GenericMethodTraceMsg", "Trace Message": {"req": {"backend_type": "DirectFtdiDevice", "backend_instance_id": 1, "method_name": "set_timeouts", "args": {"read_timeout": "500"}, "id": 85, "time_profile": {"id": 84, "arrival_time": "2021:10:20:13:21:56.356346", "departure_time": "2021:10:20:13:21:56.416309"}}, "resp": {"exception": "None", "resp": "None"}, "profile": {"mo": 3, "exec_time_sec": 1.8799999452312477e-05}}}, {"_id": "2021:10:20:13:21:57.462557", "Trace Message Type": "GenericMethodTraceMsg", "Trace Message": {"req": {"backend_type": "DirectFtdiDevice", "backend_instance_id": 1, "method_name": "get_input_size", "args": {}, "id": 86, "time_profile": {"id": 85, "arrival_time": "2021:10:20:13:21:56.416309", "departure_time": "2021:10:20:13:21:56.474275"}}, "resp": {"exception": "None", "resp": "11"}, "profile": {"mo": 3, "exec_time_sec": 2.4700000722077675e-05}}}, {"_id": "2021:10:20:13:21:57.528381", "Trace Message Type": "GenericMethodTraceMsg", "Trace Message": {"req": {"backend_type": "DirectFtdiDevice", "backend_instance_id": 1, "method_name": "set_timeouts", "args": {"read_timeout": "500"}, "id": 87, "time_profile": {"id": 86, "arrival_time": "2021:10:20:13:21:56.474275", "departure_time": "2021:10:20:13:21:56.529240"}}, "resp": {"exception": "None", "resp": "None"}, "profile": {"mo": 3, "exec_time_sec": 1.9099999917671084e-05}}}, {"_id": "2021:10:20:13:21:57.587268", "Trace Message Type": "GenericMethodTraceMsg", "Trace Message": {"req": {"backend_type": "DirectFtdiDevice", "backend_instance_id": 1, "method_name": "read", "args": {"num_bytes": "11", "raw": "True"}, "id": 88, "time_profile": {"id": 87, "arrival_time": "2021:10:20:13:21:56.529240", "departure_time": "2021:10:20:13:21:56.597199"}}, "resp": {"exception": "None", "resp": "b'\\x80\\x03C\\x0b333 \\r4A07\\r\\nq\\x00.'"}, "profile": {"mo": 3, "exec_time_sec": 9.429999772692099e-05}}}, {"_id": "2021:10:20:13:21:57.651579", "Trace Message Type": "GenericMethodTraceMsg", "Trace Message": {"req": {"backend_type": "DirectFtdiDevice", "backend_instance_id": 1, "method_name": "set_timeouts", "args": {"read_timeout": "500"}, "id": 89, "time_profile": {"id": 88, "arrival_time": "2021:10:20:13:21:56.597199", "departure_time": "2021:10:20:13:21:56.656162"}}, "resp": {"exception": "None", "resp": "None"}, "profile": {"mo": 3, "exec_time_sec": 6.269999721553177e-05}}}, {"_id": "2021:10:20:13:21:57.710266", "Trace Message Type": "GenericMethodTraceMsg", "Trace Message": {"req": {"backend_type": "DirectFtdiDevice", "backend_instance_id": 1, "method_name": "set_timeouts", "args": {"read_timeout": "500"}, "id": 90, "time_profile": {"id": 89, "arrival_time": "2021:10:20:13:21:56.656162", "departure_time": "2021:10:20:13:21:56.719124"}}, "resp": {"exception": "None", "resp": "None"}, "profile": {"mo": 3, "exec_time_sec": 3.04000004689442e-05}}}, {"_id": "2021:10:20:13:21:57.768111", "Trace Message Type": "GenericMethodTraceMsg", "Trace Message": {"req": {"backend_type": "DirectFtdiDevice", "backend_instance_id": 1, "method_name": "write", "args": {"data": {"network_address": "@1", "99": "99", "crc": "6E60", "sequence_no": "13", "command_name": "CURR", "flags": {}, "args": {"axis": "0"}, "command": ""}}, "id": 91, "time_profile": {"id": 90, "arrival_time": "2021:10:20:13:21:56.722122", "departure_time": "2021:10:20:13:21:56.777090"}}, "resp": {"exception": "None", "resp": "None"}, "profile": {"mo": 3, "exec_time_sec": 0.00015799999528098851}}}, {"_id": "2021:10:20:13:21:57.832938", "Trace Message Type": "GenericMethodTraceMsg", "Trace Message": {"req": {"backend_type": "DirectFtdiDevice", "backend_instance_id": 1, "method_name": "set_timeouts", "args": {"read_timeout": "500"}, "id": 92, "time_profile": {"id": 91, "arrival_time": "2021:10:20:13:21:56.777090", "departure_time": "2021:10:20:13:21:56.837051"}}, "resp": {"exception": "None", "resp": "None"}, "profile": {"mo": 3, "exec_time_sec": 1.990000055229757e-05}}}, {"_id": "2021:10:20:13:21:57.896705", "Trace Message Type": "GenericMethodTraceMsg", "Trace Message": {"req": {"backend_type": "DirectFtdiDevice", "backend_instance_id": 1, "method_name": "get_input_size", "args": {}, "id": 93, "time_profile": {"id": 92, "arrival_time": "2021:10:20:13:21:56.837051", "departure_time": "2021:10:20:13:21:56.901015"}}, "resp": {"exception": "None", "resp": "11"}, "profile": {"mo": 3, "exec_time_sec": 5.089999831398018e-05}}}, {"_id": "2021:10:20:13:21:57.955545", "Trace Message Type": "GenericMethodTraceMsg", "Trace Message": {"req": {"backend_type": "DirectFtdiDevice", "backend_instance_id": 1, "method_name": "set_timeouts", "args": {"read_timeout": "500"}, "id": 94, "time_profile": {"id": 93, "arrival_time": "2021:10:20:13:21:56.901015", "departure_time": "2021:10:20:13:21:56.963972"}}, "resp": {"exception": "None", "resp": "None"}, "profile": {"mo": 3, "exec_time_sec": 4.0499999158782884e-05}}}, {"_id": "2021:10:20:13:21:58.012402", "Trace Message Type": "GenericMethodTraceMsg", "Trace Message": {"req": {"backend_type": "DirectFtdiDevice", "backend_instance_id": 1, "method_name": "read", "args": {"num_bytes": "11", "raw": "True"}, "id": 95, "time_profile": {"id": 94, "arrival_time": "2021:10:20:13:21:56.963972", "departure_time": "2021:10:20:13:21:57.022937"}}, "resp": {"exception": "None", "resp": "b'\\x80\\x03C\\x0b316 \\rF316\\r\\nq\\x00.'"}, "profile": {"mo": 3, "exec_time_sec": 2.8000000384054147e-05}}}, {"_id": "2021:10:20:13:21:58.073342", "Trace Message Type": "GenericMethodTraceMsg", "Trace Message": {"req": {"backend_type": "DirectFtdiDevice", "backend_instance_id": 1, "method_name": "set_timeouts", "args": {"read_timeout": "500"}, "id": 96, "time_profile": {"id": 95, "arrival_time": "2021:10:20:13:21:57.022937", "departure_time": "2021:10:20:13:21:57.078901"}}, "resp": {"exception": "None", "resp": "None"}, "profile": {"mo": 3, "exec_time_sec": 1.8900000213761814e-05}}}, {"_id": "2021:10:20:13:21:58.145574", "Trace Message Type": "GenericMethodTraceMsg", "Trace Message": {"req": {"backend_type": "DirectFtdiDevice", "backend_instance_id": 1, "method_name": "set_timeouts", "args": {"read_timeout": "500"}, "id": 97, "time_profile": {"id": 96, "arrival_time": "2021:10:20:13:21:57.078901", "departure_time": "2021:10:20:13:21:57.141865"}}, "resp": {"exception": "None", "resp": "None"}, "profile": {"mo": 3, "exec_time_sec": 1.9999999494757503e-05}}}, {"_id": "2021:10:20:13:21:58.203629", "Trace Message Type": "GenericMethodTraceMsg", "Trace Message": {"req": {"backend_type": "DirectFtdiDevice", "backend_instance_id": 1, "method_name": "write", "args": {"data": {"network_address": "@1", "99": "99", "crc": "CE4B", "sequence_no": "15", "command_name": "CURR", "flags": {}, "args": {"axis": "0"}, "command": ""}}, "id": 98, "time_profile": {"id": 97, "arrival_time": "2021:10:20:13:21:57.144864", "departure_time": "2021:10:20:13:21:57.212822"}}, "resp": {"exception": "None", "resp": "None"}, "profile": {"mo": 3, "exec_time_sec": 0.00020029999723192304}}}, {"_id": "2021:10:20:13:21:58.257883", "Trace Message Type": "GenericMethodTraceMsg", "Trace Message": {"req": {"backend_type": "DirectFtdiDevice", "backend_instance_id": 1, "method_name": "set_timeouts", "args": {"read_timeout": "500"}, "id": 99, "time_profile": {"id": 98, "arrival_time": "2021:10:20:13:21:57.212822", "departure_time": "2021:10:20:13:21:57.269785"}}, "resp": {"exception": "None", "resp": "None"}, "profile": {"mo": 3, "exec_time_sec": 1.809999957913533e-05}}}, {"_id": "2021:10:20:13:21:58.319269", "Trace Message Type": "GenericMethodTraceMsg", "Trace Message": {"req": {"backend_type": "DirectFtdiDevice", "backend_instance_id": 1, "method_name": "get_input_size", "args": {}, "id": 100, "time_profile": {"id": 99, "arrival_time": "2021:10:20:13:21:57.269785", "departure_time": "2021:10:20:13:21:57.324751"}}, "resp": {"exception": "None", "resp": "11"}, "profile": {"mo": 3, "exec_time_sec": 2.9400000130408444e-05}}}, {"_id": "2021:10:20:13:21:58.385097", "Trace Message Type": "GenericMethodTraceMsg", "Trace Message": {"req": {"backend_type": "DirectFtdiDevice", "backend_instance_id": 1, "method_name": "set_timeouts", "args": {"read_timeout": "500"}, "id": 101, "time_profile": {"id": 100, "arrival_time": "2021:10:20:13:21:57.324751", "departure_time": "2021:10:20:13:21:57.386714"}}, "resp": {"exception": "None", "resp": "None"}, "profile": {"mo": 3, "exec_time_sec": 3.600000127335079e-05}}}, {"_id": "2021:10:20:13:21:58.443947", "Trace Message Type": "GenericMethodTraceMsg", "Trace Message": {"req": {"backend_type": "DirectFtdiDevice", "backend_instance_id": 1, "method_name": "read", "args": {"num_bytes": "11", "raw": "True"}, "id": 102, "time_profile": {"id": 101, "arrival_time": "2021:10:20:13:21:57.386714", "departure_time": "2021:10:20:13:21:57.452674"}}, "resp": {"exception": "None", "resp": "b'\\x80\\x03C\\x0b312 \\r3257\\r\\nq\\x00.'"}, "profile": {"mo": 3, "exec_time_sec": 5.5900000006658956e-05}}}, {"_id": "2021:10:20:13:21:58.501240", "Trace Message Type": "GenericMethodTraceMsg", "Trace Message": {"req": {"backend_type": "DirectFtdiDevice", "backend_instance_id": 1, "method_name": "set_timeouts", "args": {"read_timeout": "500"}, "id": 103, "time_profile": {"id": 102, "arrival_time": "2021:10:20:13:21:57.452674", "departure_time": "2021:10:20:13:21:57.510638"}}, "resp": {"exception": "None", "resp": "None"}, "profile": {"mo": 3, "exec_time_sec": 2.6899999284069054e-05}}}, {"_id": "2021:10:20:13:21:58.566382", "Trace Message Type": "GenericMethodTraceMsg", "Trace Message": {"req": {"backend_type": "DirectFtdiDevice", "backend_instance_id": 1, "method_name": "set_timeouts", "args": {"read_timeout": "500"}, "id": 104, "time_profile": {"id": 103, "arrival_time": "2021:10:20:13:21:57.510638", "departure_time": "2021:10:20:13:21:57.569603"}}, "resp": {"exception": "None", "resp": "None"}, "profile": {"mo": 3, "exec_time_sec": 1.759999940986745e-05}}}, {"_id": "2021:10:20:13:21:58.618491", "Trace Message Type": "GenericMethodTraceMsg", "Trace Message": {"req": {"backend_type": "DirectFtdiDevice", "backend_instance_id": 1, "method_name": "write", "args": {"data": {"network_address": "@1", "99": "99", "crc": "AE52", "sequence_no": "17", "command_name": "CURR", "flags": {}, "args": {"axis": "0"}, "command": ""}}, "id": 105, "time_profile": {"id": 104, "arrival_time": "2021:10:20:13:21:57.572601", "departure_time": "2021:10:20:13:21:57.633562"}}, "resp": {"exception": "None", "resp": "None"}, "profile": {"mo": 3, "exec_time_sec": 0.00017549999756738544}}}, {"_id": "2021:10:20:13:21:58.684323", "Trace Message Type": "GenericMethodTraceMsg", "Trace Message": {"req": {"backend_type": "DirectFtdiDevice", "backend_instance_id": 1, "method_name": "set_timeouts", "args": {"read_timeout": "500"}, "id": 106, "time_profile": {"id": 105, "arrival_time": "2021:10:20:13:21:57.633562", "departure_time": "2021:10:20:13:21:57.685531"}}, "resp": {"exception": "None", "resp": "None"}, "profile": {"mo": 3, "exec_time_sec": 1.82999992830446e-05}}}, {"_id": "2021:10:20:13:21:58.754137", "Trace Message Type": "GenericMethodTraceMsg", "Trace Message": {"req": {"backend_type": "DirectFtdiDevice", "backend_instance_id": 1, "method_name": "get_input_size", "args": {}, "id": 107, "time_profile": {"id": 106, "arrival_time": "2021:10:20:13:21:57.685531", "departure_time": "2021:10:20:13:21:57.751490"}}, "resp": {"exception": "None", "resp": "11"}, "profile": {"mo": 3, "exec_time_sec": 2.2000000171829015e-05}}}, {"_id": "2021:10:20:13:21:58.810989", "Trace Message Type": "GenericMethodTraceMsg", "Trace Message": {"req": {"backend_type": "DirectFtdiDevice", "backend_instance_id": 1, "method_name": "set_timeouts", "args": {"read_timeout": "500"}, "id": 108, "time_profile": {"id": 107, "arrival_time": "2021:10:20:13:21:57.751490", "departure_time": "2021:10:20:13:21:57.821448"}}, "resp": {"exception": "None", "resp": "None"}, "profile": {"mo": 3, "exec_time_sec": 4.8999998398358e-05}}}, {"_id": "2021:10:20:13:21:58.867836", "Trace Message Type": "GenericMethodTraceMsg", "Trace Message": {"req": {"backend_type": "DirectFtdiDevice", "backend_instance_id": 1, "method_name": "read", "args": {"num_bytes": "11", "raw": "True"}, "id": 109, "time_profile": {"id": 108, "arrival_time": "2021:10:20:13:21:57.821448", "departure_time": "2021:10:20:13:21:57.877412"}}, "resp": {"exception": "None", "resp": "b'\\x80\\x03C\\x0b336 \\r4B17\\r\\nq\\x00.'"}, "profile": {"mo": 3, "exec_time_sec": 2.789999962260481e-05}}}, {"_id": "2021:10:20:13:21:58.923275", "Trace Message Type": "GenericMethodTraceMsg", "Trace Message": {"req": {"backend_type": "DirectFtdiDevice", "backend_instance_id": 1, "method_name": "set_timeouts", "args": {"read_timeout": "500"}, "id": 110, "time_profile": {"id": 109, "arrival_time": "2021:10:20:13:21:57.877412", "departure_time": "2021:10:20:13:21:57.935377"}}, "resp": {"exception": "None", "resp": "None"}, "profile": {"mo": 3, "exec_time_sec": 1.700000029813964e-05}}}, {"_id": "2021:10:20:13:21:58.936237", "Trace Message Type": "InitializeTraceMsg", "Trace Message": {"req": {"backend_type": "DirectFtdiDevice", "backend_instance_id": 2, "args": {"ftdi": "None"}, "stacktrace": "[<FrameSummary file C:/Users/User/PycharmProjects/automated_solubility_h1/n9/tests/random_tests.py, line 14 in <module>>, <FrameSummary file <frozen importlib._bootstrap>, line 971 in _find_and_load>, <FrameSummary file <frozen importlib._bootstrap>, line 955 in _find_and_load_unlocked>, <FrameSummary file <frozen importlib._bootstrap>, line 665 in _load_unlocked>, <FrameSummary file <frozen importlib._bootstrap_external>, line 678 in exec_module>, <FrameSummary file <frozen importlib._bootstrap>, line 219 in _call_with_frames_removed>, <FrameSummary file C:\\Users\\User\\PycharmProjects\\automated_solubility_h1\\n9\\experiments\\capping_uncapping.py, line 3 in <module>>, <FrameSummary file <frozen importlib._bootstrap>, line 1023 in _handle_fromlist>, <FrameSummary file <frozen importlib._bootstrap>, line 219 in _call_with_frames_removed>, <FrameSummary file <frozen importlib._bootstrap>, line 971 in _find_and_load>, <FrameSummary file <frozen importlib._bootstrap>, line 955 in _find_and_load_unlocked>, <FrameSummary file <frozen importlib._bootstrap>, line 665 in _load_unlocked>, <FrameSummary file <frozen importlib._bootstrap_external>, line 678 in exec_module>, <FrameSummary file <frozen importlib._bootstrap>, line 219 in _call_with_frames_removed>, <FrameSummary file C:\\Users\\User\\PycharmProjects\\automated_solubility_h1\\n9\\configuration\\deck.py, line 97 in <module>>, <FrameSummary file C:\\Users\\User\\PycharmProjects\\automated_solubility_h1\\venv\\lib\\site-packages\\ftdi_serial.py, line 418 in __init__>, <FrameSummary file C:\\Users\\User\\PycharmProjects\\automated_solubility_h1\\venv\\lib\\site-packages\\ftdi_serial.py, line 441 in connect>, <FrameSummary file C:\\Users\\User\\PycharmProjects\\automated_solubility_h1\\venv\\lib\\site-packages\\ftdi_serial.py, line 428 in open_device>, <FrameSummary file C:\\Users\\User\\PycharmProjects\\automated_solubility_h1\\venv\\lib\\site-packages\\niraapad\\backends.py, line 162 in __init__>, <FrameSummary file C:\\Users\\User\\PycharmProjects\\automated_solubility_h1\\venv\\lib\\site-packages\\niraapad\\lab_computer\\niraapad_client.py, line 558 in initialize>]", "id": 111, "time_profile": {"id": 110, "arrival_time": "2021:10:20:13:21:57.935377", "departure_time": "2021:10:20:13:21:57.989344"}}, "resp": {"exception": "None"}, "profile": {"mo": 3, "exec_time_sec": 0.004524900112301111}}}, {"_id": "2021:10:20:13:21:59.282308", "Trace Message Type": "GenericMethodTraceMsg", "Trace Message": {"req": {"backend_type": "DirectFtdiDevice", "backend_instance_id": 2, "method_name": "reset", "args": {}, "id": 112, "time_profile": {"id": 111, "arrival_time": "2021:10:20:13:21:57.994341", "departure_time": "2021:10:20:13:21:58.005335"}}, "resp": {"exception": "None", "resp": "None"}, "profile": {"mo": 3, "exec_time_sec": 0.28173360228538513}}}, {"_id": "2021:10:20:13:21:59.342148", "Trace Message Type": "GenericMethodTraceMsg", "Trace Message": {"req": {"backend_type": "DirectFtdiDevice", "backend_instance_id": 2, "method_name": "set_baud_rate", "args": {"baudrate": "9600"}, "id": 113, "time_profile": {"id": 112, "arrival_time": "2021:10:20:13:21:58.005335", "departure_time": "2021:10:20:13:21:58.349123"}}, "resp": {"exception": "None", "resp": "None"}, "profile": {"mo": 3, "exec_time_sec": 0.00015609999536536634}}}, {"_id": "2021:10:20:13:21:59.404198", "Trace Message Type": "GenericMethodTraceMsg", "Trace Message": {"req": {"backend_type": "DirectFtdiDevice", "backend_instance_id": 2, "method_name": "set_parameters", "args": {"data_bits": "0"}, "id": 114, "time_profile": {"id": 113, "arrival_time": "2021:10:20:13:21:58.350123", "departure_time": "2021:10:20:13:21:58.408088"}}, "resp": {"exception": "None", "resp": "None"}, "profile": {"mo": 3, "exec_time_sec": 0.0001500000071246177}}}, {"_id": "2021:10:20:13:21:59.458880", "Trace Message Type": "GenericMethodTraceMsg", "Trace Message": {"req": {"backend_type": "DirectFtdiDevice", "backend_instance_id": 2, "method_name": "set_timeouts", "args": {"read_timeout": "5000"}, "id": 115, "time_profile": {"id": 114, "arrival_time": "2021:10:20:13:21:58.409087", "departure_time": "2021:10:20:13:21:58.470049"}}, "resp": {"exception": "None", "resp": "None"}, "profile": {"mo": 3, "exec_time_sec": 2.13999992411118e-05}}}, {"_id": "2021:10:20:13:21:59.466561", "Trace Message Type": "InitializeTraceMsg", "Trace Message": {"req": {"backend_type": "DirectPySerialDevice", "backend_instance_id": 3, "args": {"serial": "COM9"}, "stacktrace": "[<FrameSummary file C:/Users/User/PycharmProjects/automated_solubility_h1/n9/tests/random_tests.py, line 14 in <module>>, <FrameSummary file <frozen importlib._bootstrap>, line 971 in _find_and_load>, <FrameSummary file <frozen importlib._bootstrap>, line 955 in _find_and_load_unlocked>, <FrameSummary file <frozen importlib._bootstrap>, line 665 in _load_unlocked>, <FrameSummary file <frozen importlib._bootstrap_external>, line 678 in exec_module>, <FrameSummary file <frozen importlib._bootstrap>, line 219 in _call_with_frames_removed>, <FrameSummary file C:\\Users\\User\\PycharmProjects\\automated_solubility_h1\\n9\\experiments\\capping_uncapping.py, line 3 in <module>>, <FrameSummary file <frozen importlib._bootstrap>, line 1023 in _handle_fromlist>, <FrameSummary file <frozen importlib._bootstrap>, line 219 in _call_with_frames_removed>, <FrameSummary file <frozen importlib._bootstrap>, line 971 in _find_and_load>, <FrameSummary file <frozen importlib._bootstrap>, line 955 in _find_and_load_unlocked>, <FrameSummary file <frozen importlib._bootstrap>, line 665 in _load_unlocked>, <FrameSummary file <frozen importlib._bootstrap_external>, line 678 in exec_module>, <FrameSummary file <frozen importlib._bootstrap>, line 219 in _call_with_frames_removed>, <FrameSummary file C:\\Users\\User\\PycharmProjects\\automated_solubility_h1\\n9\\configuration\\deck.py, line 113 in <module>>, <FrameSummary file C:\\Users\\User\\PycharmProjects\\automated_solubility_h1\\venv\\lib\\site-packages\\ika\\magnetic_stirrer.py, line 152 in __init__>, <FrameSummary file C:\\Users\\User\\PycharmProjects\\automated_solubility_h1\\venv\\lib\\site-packages\\ika\\magnetic_stirrer.py, line 452 in connect>, <FrameSummary file C:\\Users\\User\\PycharmProjects\\automated_solubility_h1\\venv\\lib\\site-packages\\ftdi_serial.py, line 418 in __init__>, <FrameSummary file C:\\Users\\User\\PycharmProjects\\automated_solubility_h1\\venv\\lib\\site-packages\\ftdi_serial.py, line 441 in connect>, <FrameSummary file C:\\Users\\User\\PycharmProjects\\automated_solubility_h1\\venv\\lib\\site-packages\\ftdi_serial.py, line 426 in open_device>, <FrameSummary file C:\\Users\\User\\PycharmProjects\\automated_solubility_h1\\venv\\lib\\site-packages\\niraapad\\backends.py, line 224 in __init__>, <FrameSummary file C:\\Users\\User\\PycharmProjects\\automated_solubility_h1\\venv\\lib\\site-packages\\niraapad\\lab_computer\\niraapad_client.py, line 558 in initialize>]", "id": 116, "time_profile": {"id": 115, "arrival_time": "2021:10:20:13:21:58.471049", "departure_time": "2021:10:20:13:21:58.526015"}}, "resp": {"exception": "None"}, "profile": {"mo": 3, "exec_time_sec": 0.004006700124591589}}}, {"_id": "2021:10:20:13:21:59.522481", "Trace Message Type": "GenericMethodTraceMsg", "Trace Message": {"req": {"backend_type": "DirectPySerialDevice", "backend_instance_id": 3, "method_name": "reset", "args": {}, "id": 117, "time_profile": {"id": 116, "arrival_time": "2021:10:20:13:21:58.526015", "departure_time": "2021:10:20:13:21:58.534008"}}, "resp": {"exception": "None", "resp": "None"}, "profile": {"mo": 3, "exec_time_sec": 4.300000000512227e-06}}}, {"_id": "2021:10:20:13:21:59.585789", "Trace Message Type": "GenericMethodTraceMsg", "Trace Message": {"req": {"backend_type": "DirectPySerialDevice", "backend_instance_id": 3, "method_name": "set_baud_rate", "args": {"baudrate": "9600"}, "id": 118, "time_profile": {"id": 117, "arrival_time": "2021:10:20:13:21:58.534008", "departure_time": "2021:10:20:13:21:58.588977"}}, "resp": {"exception": "None", "resp": "None"}, "profile": {"mo": 3, "exec_time_sec": 0.002042599953711033}}}, {"_id": "2021:10:20:13:21:59.650613", "Trace Message Type": "GenericMethodTraceMsg", "Trace Message": {"req": {"backend_type": "DirectPySerialDevice", "backend_instance_id": 3, "method_name": "set_parameters", "args": {"data_bits": "2"}, "id": 119, "time_profile": {"id": 118, "arrival_time": "2021:10:20:13:21:58.588977", "departure_time": "2021:10:20:13:21:58.651937"}}, "resp": {"exception": "None", "resp": "None"}, "profile": {"mo": 3, "exec_time_sec": 0.006643199827522039}}}, {"_id": "2021:10:20:13:21:59.727429", "Trace Message Type": "GenericMethodTraceMsg", "Trace Message": {"req": {"backend_type": "DirectPySerialDevice", "backend_instance_id": 3, "method_name": "set_timeouts", "args": {"read_timeout": "5000"}, "id": 120, "time_profile": {"id": 119, "arrival_time": "2021:10:20:13:21:58.651937", "departure_time": "2021:10:20:13:21:58.716896"}}, "resp": {"exception": "None", "resp": "None"}, "profile": {"mo": 3, "exec_time_sec": 0.00305530009791255}}}, {"_id": "2021:10:20:13:21:59.788791", "Trace Message Type": "GenericMethodTraceMsg", "Trace Message": {"req": {"backend_type": "DirectPySerialDevice", "backend_instance_id": 3, "method_name": "write", "args": {"data": {"command_name": "IN_NAME", "value": null}}, "id": 121, "time_profile": {"id": 120, "arrival_time": "2021:10:20:13:21:58.716896", "departure_time": "2021:10:20:13:21:58.794849"}}, "resp": {"exception": "None", "resp": "None"}, "profile": {"mo": 3, "exec_time_sec": 0.00016769999638199806}}}, {"_id": "2021:10:20:13:21:59.846641", "Trace Message Type": "GenericMethodTraceMsg", "Trace Message": {"req": {"backend_type": "DirectPySerialDevice", "backend_instance_id": 3, "method_name": "get_input_size", "args": {}, "id": 122, "time_profile": {"id": 121, "arrival_time": "2021:10:20:13:21:58.794849", "departure_time": "2021:10:20:13:21:58.855811"}}, "resp": {"exception": "None", "resp": "13"}, "profile": {"mo": 3, "exec_time_sec": 3.179999839630909e-05}}}, {"_id": "2021:10:20:13:21:59.903485", "Trace Message Type": "GenericMethodTraceMsg", "Trace Message": {"req": {"backend_type": "DirectPySerialDevice", "backend_instance_id": 3, "method_name": "read", "args": {"num_bytes": "13", "raw": "True"}, "id": 123, "time_profile": {"id": 122, "arrival_time": "2021:10:20:13:21:58.855811", "departure_time": "2021:10:20:13:21:58.914777"}}, "resp": {"exception": "None", "resp": {"device_name": "RCT"}}, "profile": {"mo": 3, "exec_time_sec": 0.00014869999722577631}}}, {"_id": "2021:10:20:13:21:59.975529", "Trace Message Type": "GenericMethodTraceMsg", "Trace Message": {"req": {"backend_type": "DirectPySerialDevice", "backend_instance_id": 3, "method_name": "write", "args": {"data": {"command_name": "IN_PV_1", "value": null}}, "id": 124, "time_profile": {"id": 123, "arrival_time": "2021:10:20:13:21:58.914777", "departure_time": "2021:10:20:13:21:58.970742"}}, "resp": {"exception": "None", "resp": "None"}, "profile": {"mo": 3, "exec_time_sec": 0.0001328999933321029}}}, {"_id": "2021:10:20:13:22:00.040352", "Trace Message Type": "GenericMethodTraceMsg", "Trace Message": {"req": {"backend_type": "DirectPySerialDevice", "backend_instance_id": 3, "method_name": "get_input_size", "args": {}, "id": 125, "time_profile": {"id": 124, "arrival_time": "2021:10:20:13:21:58.978737", "departure_time": "2021:10:20:13:21:59.042698"}}, "resp": {"exception": "None", "resp": "8"}, "profile": {"mo": 3, "exec_time_sec": 5.18000015290454e-05}}}, {"_id": "2021:10:20:13:22:00.100846", "Trace Message Type": "GenericMethodTraceMsg", "Trace Message": {"req": {"backend_type": "DirectPySerialDevice", "backend_instance_id": 3, "method_name": "read", "args": {"num_bytes": "8", "raw": "True"}, "id": 126, "time_profile": {"id": 125, "arrival_time": "2021:10:20:13:21:59.042698", "departure_time": "2021:10:20:13:21:59.107658"}}, "resp": {"exception": "None", "resp": {"external_sensor_value": "25.9"}}, "profile": {"mo": 3, "exec_time_sec": 7.960000220919028e-05}}}, {"_id": "2021:10:20:13:22:00.161158", "Trace Message Type": "GenericMethodTraceMsg", "Trace Message": {"req": {"backend_type": "DirectPySerialDevice", "backend_instance_id": 3, "method_name": "write", "args": {"data": {"command_name": "IN_PV_2", "value": null}}, "id": 127, "time_profile": {"id": 126, "arrival_time": "2021:10:20:13:21:59.107658", "departure_time": "2021:10:20:13:21:59.167623"}}, "resp": {"exception": "None", "resp": "None"}, "profile": {"mo": 3, "exec_time_sec": 0.00016169999435078353}}}, {"_id": "2021:10:20:13:22:00.219005", "Trace Message Type": "GenericMethodTraceMsg", "Trace Message": {"req": {"backend_type": "DirectPySerialDevice", "backend_instance_id": 3, "method_name": "get_input_size", "args": {}, "id": 128, "time_profile": {"id": 127, "arrival_time": "2021:10:20:13:21:59.168621", "departure_time": "2021:10:20:13:21:59.229583"}}, "resp": {"exception": "None", "resp": "8"}, "profile": {"mo": 3, "exec_time_sec": 3.9200000173877925e-05}}}, {"_id": "2021:10:20:13:22:00.277853", "Trace Message Type": "GenericMethodTraceMsg", "Trace Message": {"req": {"backend_type": "DirectPySerialDevice", "backend_instance_id": 3, "method_name": "read", "args": {"num_bytes": "8", "raw": "True"}, "id": 129, "time_profile": {"id": 128, "arrival_time": "2021:10:20:13:21:59.229583", "departure_time": "2021:10:20:13:21:59.286548"}}, "resp": {"exception": "None", "resp": {"hotplate_sensor_value": "28.0"}}, "profile": {"mo": 3, "exec_time_sec": 0.00011919999815290794}}}, {"_id": "2021:10:20:13:22:00.335942", "Trace Message Type": "GenericMethodTraceMsg", "Trace Message": {"req": {"backend_type": "DirectPySerialDevice", "backend_instance_id": 3, "method_name": "write", "args": {"data": {"command_name": "IN_SP_1", "value": null}}, "id": 130, "time_profile": {"id": 129, "arrival_time": "2021:10:20:13:21:59.286548", "departure_time": "2021:10:20:13:21:59.344512"}}, "resp": {"exception": "None", "resp": "None"}, "profile": {"mo": 3, "exec_time_sec": 0.00014370000280905515}}}, {"_id": "2021:10:20:13:22:00.396695", "Trace Message Type": "GenericMethodTraceMsg", "Trace Message": {"req": {"backend_type": "DirectPySerialDevice", "backend_instance_id": 3, "method_name": "get_input_size", "args": {}, "id": 131, "time_profile": {"id": 130, "arrival_time": "2021:10:20:13:21:59.344512", "departure_time": "2021:10:20:13:21:59.402477"}}, "resp": {"exception": "None", "resp": "8"}, "profile": {"mo": 3, "exec_time_sec": 4.189999890513718e-05}}}, {"_id": "2021:10:20:13:22:00.455538", "Trace Message Type": "GenericMethodTraceMsg", "Trace Message": {"req": {"backend_type": "DirectPySerialDevice", "backend_instance_id": 3, "method_name": "read", "args": {"num_bytes": "8", "raw": "True"}, "id": 132, "time_profile": {"id": 131, "arrival_time": "2021:10:20:13:21:59.402477", "departure_time": "2021:10:20:13:21:59.464438"}}, "resp": {"exception": "None", "resp": {"rated_temperature_value": "22.0"}}, "profile": {"mo": 3, "exec_time_sec": 5.0099999498343095e-05}}}, {"_id": "2021:10:20:13:22:00.518590", "Trace Message Type": "GenericMethodTraceMsg", "Trace Message": {"req": {"backend_type": "DirectPySerialDevice", "backend_instance_id": 3, "method_name": "write", "args": {"data": {"command_name": "IN_PV_4", "value": null}}, "id": 133, "time_profile": {"id": 132, "arrival_time": "2021:10:20:13:21:59.464438", "departure_time": "2021:10:20:13:21:59.523402"}}, "resp": {"exception": "None", "resp": "None"}, "profile": {"mo": 3, "exec_time_sec": 0.00025519999326206744}}}, {"_id": "2021:10:20:13:22:00.579318", "Trace Message Type": "GenericMethodTraceMsg", "Trace Message": {"req": {"backend_type": "DirectPySerialDevice", "backend_instance_id": 3, "method_name": "get_input_size", "args": {}, "id": 134, "time_profile": {"id": 133, "arrival_time": "2021:10:20:13:21:59.523402", "departure_time": "2021:10:20:13:21:59.585364"}}, "resp": {"exception": "None", "resp": "7"}, "profile": {"mo": 3, "exec_time_sec": 6.500000017695129e-05}}}, {"_id": "2021:10:20:13:22:00.644939", "Trace Message Type": "GenericMethodTraceMsg", "Trace Message": {"req": {"backend_type": "DirectPySerialDevice", "backend_instance_id": 3, "method_name": "read", "args": {"num_bytes": "7", "raw": "True"}, "id": 135, "time_profile": {"id": 134, "arrival_time": "2021:10:20:13:21:59.585364", "departure_time": "2021:10:20:13:21:59.647327"}}, "resp": {"exception": "None", "resp": {"stirring_speed_value": "0.0"}}, "profile": {"mo": 3, "exec_time_sec": 7.709999772487208e-05}}}, {"_id": "2021:10:20:13:22:00.701900", "Trace Message Type": "GenericMethodTraceMsg", "Trace Message": {"req": {"backend_type": "DirectPySerialDevice", "backend_instance_id": 3, "method_name": "write", "args": {"data": {"command_name": "IN_SP_4", "value": null}}, "id": 136, "time_profile": {"id": 135, "arrival_time": "2021:10:20:13:21:59.647327", "departure_time": "2021:10:20:13:21:59.713287"}}, "resp": {"exception": "None", "resp": "None"}, "profile": {"mo": 3, "exec_time_sec": 0.000189200000022538}}}, {"_id": "2021:10:20:13:22:00.773708", "Trace Message Type": "GenericMethodTraceMsg", "Trace Message": {"req": {"backend_type": "DirectPySerialDevice", "backend_instance_id": 3, "method_name": "get_input_size", "args": {}, "id": 137, "time_profile": {"id": 136, "arrival_time": "2021:10:20:13:21:59.713287", "departure_time": "2021:10:20:13:21:59.769252"}}, "resp": {"exception": "None", "resp": "10"}, "profile": {"mo": 3, "exec_time_sec": 3.139999898849055e-05}}}, {"_id": "2021:10:20:13:22:00.836540", "Trace Message Type": "GenericMethodTraceMsg", "Trace Message": {"req": {"backend_type": "DirectPySerialDevice", "backend_instance_id": 3, "method_name": "read", "args": {"num_bytes": "10", "raw": "True"}, "id": 138, "time_profile": {"id": 137, "arrival_time": "2021:10:20:13:21:59.769252", "departure_time": "2021:10:20:13:21:59.840207"}}, "resp": {"exception": "None", "resp": {"speed_value": "1500.0"}}, "profile": {"mo": 3, "exec_time_sec": 9.370000043418258e-05}}}, {"_id": "2021:10:20:13:22:00.905356", "Trace Message Type": "GenericMethodTraceMsg", "Trace Message": {"req": {"backend_type": "DirectPySerialDevice", "backend_instance_id": 3, "method_name": "write", "args": {"data": {"command_name": "STOP_4", "value": null}}, "id": 139, "time_profile": {"id": 138, "arrival_time": "2021:10:20:13:21:59.840207", "departure_time": "2021:10:20:13:21:59.903169"}}, "resp": {"exception": "None", "resp": "None"}, "profile": {"mo": 3, "exec_time_sec": 0.00020959999528713524}}}, {"_id": "2021:10:20:13:22:00.997464", "Trace Message Type": "GenericMethodTraceMsg", "Trace Message": {"req": {"backend_type": "DirectPySerialDevice", "backend_instance_id": 3, "method_name": "write", "args": {"data": {"command_name": "STOP_1", "value": null}}, "id": 140, "time_profile": {"id": 139, "arrival_time": "2021:10:20:13:21:59.916159", "departure_time": "2021:10:20:13:21:59.972127"}}, "resp": {"exception": "None", "resp": "None"}, "profile": {"mo": 3, "exec_time_sec": 0.00012170000263722613}}}, {"_id": "2021:10:20:13:22:14.706150", "Trace Message Type": "InitializeTraceMsg", "Trace Message": {"req": {"backend_type": "DirectArduinoAugmentedQuantos", "backend_instance_id": 4, "args": {"logging_level": "10", "address": "13", "serial_port": "None", "tcp_port": "None", "perfect_counts": "8700"}, "stacktrace": "[<FrameSummary file C:/Users/User/PycharmProjects/automated_solubility_h1/n9/tests/random_tests.py, line 14 in <module>>, <FrameSummary file <frozen importlib._bootstrap>, line 971 in _find_and_load>, <FrameSummary file <frozen importlib._bootstrap>, line 955 in _find_and_load_unlocked>, <FrameSummary file <frozen importlib._bootstrap>, line 665 in _load_unlocked>, <FrameSummary file <frozen importlib._bootstrap_external>, line 678 in exec_module>, <FrameSummary file <frozen importlib._bootstrap>, line 219 in _call_with_frames_removed>, <FrameSummary file C:\\Users\\User\\PycharmProjects\\automated_solubility_h1\\n9\\experiments\\capping_uncapping.py, line 3 in <module>>, <FrameSummary file <frozen importlib._bootstrap>, line 1023 in _handle_fromlist>, <FrameSummary file <frozen importlib._bootstrap>, line 219 in _call_with_frames_removed>, <FrameSummary file <frozen importlib._bootstrap>, line 971 in _find_and_load>, <FrameSummary file <frozen importlib._bootstrap>, line 955 in _find_and_load_unlocked>, <FrameSummary file <frozen importlib._bootstrap>, line 665 in _load_unlocked>, <FrameSummary file <frozen importlib._bootstrap_external>, line 678 in exec_module>, <FrameSummary file <frozen importlib._bootstrap>, line 219 in _call_with_frames_removed>, <FrameSummary file C:\\Users\\User\\PycharmProjects\\automated_solubility_h1\\n9\\configuration\\deck.py, line 116 in <module>>, <FrameSummary file C:\\Users\\User\\PycharmProjects\\automated_solubility_h1\\venv\\lib\\site-packages\\niraapad\\backends.py, line 668 in __init__>, <FrameSummary file C:\\Users\\User\\PycharmProjects\\automated_solubility_h1\\venv\\lib\\site-packages\\niraapad\\lab_computer\\niraapad_client.py, line 558 in initialize>]", "id": 141, "time_profile": {"id": 140, "arrival_time": "2021:10:20:13:21:59.987118", "departure_time": "2021:10:20:13:22:00.064069"}}, "resp": {"exception": "None"}, "profile": {"mo": 2, "exec_time_sec": 13.694605827331543}}}, {"_id": "2021:10:20:13:22:14.770981", "Trace Message Type": "GenericMethodTraceMsg", "Trace Message": {"req": {"backend_type": "DirectArduinoAugmentedQuantos", "backend_instance_id": 4, "method_name": "set_home_direction", "args": {"direction": "0"}, "id": 142, "time_profile": {"id": 141, "arrival_time": "2021:10:20:13:22:00.074065", "departure_time": "2021:10:20:13:22:13.772652"}}, "resp": {"exception": "None", "resp": "None"}, "profile": {"mo": 2, "exec_time_sec": 0.00972789991647005}}}, {"_id": "2021:10:20:13:22:15.890924", "Trace Message Type": "InitializeTraceMsg", "Trace Message": {"req": {"backend_type": "DirectUR3Arm", "backend_instance_id": 5, "args": {"host": "192.168.254.88", "default_velocity": "250", "max_velocity": "500", "position_units": "Units.MILLIMETERS", "default_joint_velocity": "20.0", "max_joint_velocity": "180.0", "gripper_default_velocity": "0.5", "gripper_default_force": "0.5", "gripper_id": "1", "gripper_base_port": "63352", "gripper_connect": "True", "connect": "True"}, "stacktrace": "[<FrameSummary file C:/Users/User/PycharmProjects/automated_solubility_h1/n9/tests/random_tests.py, line 15 in <module>>, <FrameSummary file <frozen importlib._bootstrap>, line 971 in _find_and_load>, <FrameSummary file <frozen importlib._bootstrap>, line 955 in _find_and_load_unlocked>, <FrameSummary file <frozen importlib._bootstrap>, line 665 in _load_unlocked>, <FrameSummary file <frozen importlib._bootstrap_external>, line 678 in exec_module>, <FrameSummary file <frozen importlib._bootstrap>, line 219 in _call_with_frames_removed>, <FrameSummary file C:\\Users\\User\\PycharmProjects\\automated_solubility_h1\\n9\\experiments\\crystal_solubility_profiling\\crystal_profiling_preparation_A.py, line 7 in <module>>, <FrameSummary file <frozen importlib._bootstrap>, line 1023 in _handle_fromlist>, <FrameSummary file <frozen importlib._bootstrap>, line 219 in _call_with_frames_removed>, <FrameSummary file <frozen importlib._bootstrap>, line 971 in _find_and_load>, <FrameSummary file <frozen importlib._bootstrap>, line 955 in _find_and_load_unlocked>, <FrameSummary file <frozen importlib._bootstrap>, line 665 in _load_unlocked>, <FrameSummary file <frozen importlib._bootstrap_external>, line 678 in exec_module>, <FrameSummary file <frozen importlib._bootstrap>, line 219 in _call_with_frames_removed>, <FrameSummary file C:\\Users\\User\\PycharmProjects\\automated_solubility_h1\\ur\\configuration\\ur_deck.py, line 2 in <module>>, <FrameSummary file C:\\Users\\User\\PycharmProjects\\automated_solubility_h1\\venv\\lib\\site-packages\\niraapad\\backends.py, line 365 in __init__>, <FrameSummary file C:\\Users\\User\\PycharmProjects\\automated_solubility_h1\\venv\\lib\\site-packages\\niraapad\\lab_computer\\niraapad_client.py, line 558 in initialize>]", "id": 143, "time_profile": {"id": 142, "arrival_time": "2021:10:20:13:22:13.772652", "departure_time": "2021:10:20:13:22:13.837612"}}, "resp": {"exception": "None"}, "profile": {"mo": 3, "exec_time_sec": 0.1966104954481125}}}, {"_id": "2021:10:20:13:22:16.090398", "Trace Message Type": "GenericMethodTraceMsg", "Trace Message": {"req": {"backend_type": "DirectPySerialDevice", "backend_instance_id": 3, "method_name": "write", "args": {"data": {"command_name": "OUT_SP_4", "value": "2000"}}, "id": 144, "time_profile": {"id": 143, "arrival_time": "2021:10:20:13:22:14.756049", "departure_time": "2021:10:20:13:22:14.957925"}}, "resp": {"exception": "None", "resp": "None"}, "profile": {"mo": 3, "exec_time_sec": 0.0003525000065565109}}}, {"_id": "2021:10:20:13:22:16.108343", "Trace Message Type": "GenericMethodTraceMsg", "Trace Message": {"req": {"backend_type": "DirectPySerialDevice", "backend_instance_id": 3, "method_name": "write", "args": {"data": {"command_name": "START_4", "value": null}}, "id": 145, "time_profile": {"id": 144, "arrival_time": "2021:10:20:13:22:15.148807", "departure_time": "2021:10:20:13:22:15.157803"}}, "resp": {"exception": "None", "resp": "None"}, "profile": {"mo": 3, "exec_time_sec": 0.0002077999961329624}}}, {"_id": "2021:10:20:13:23:16.121931", "Trace Message Type": "GenericMethodTraceMsg", "Trace Message": {"req": {"backend_type": "DirectPySerialDevice", "backend_instance_id": 3, "method_name": "write", "args": {"data": {"command_name": "STOP_4", "value": null}}, "id": 146, "time_profile": {"id": 145, "arrival_time": "2021:10:20:13:22:15.167795", "departure_time": "2021:10:20:13:22:15.174792"}}, "resp": {"exception": "None", "resp": "None"}, "profile": {"mo": 3, "exec_time_sec": 0.0003473999968264252}}}, {"_id": "2021:10:20:13:24:44.620487", "Trace Message Type": "StopServerTraceMsg", "Trace Message": {}}]}