{"Traces": [{"_id": "2021:09:17:12:26:46.579090", "Trace Message Type": "StartServerTraceMsg", "Trace Message": {}}, {"_id": "2021:09:17:12:26:52.950918", "Trace Message Type": "InitializeTraceMsg", "Trace Message": {"req": {"backend_type": "DirectFtdiDevice", "backend_instance_id": 1, "args": {"ftdi": "None"}, "stacktrace": "[<FrameSummary file C:\\Program Files\\JetBrains\\PyCharm Community Edition 2020.2.2\\plugins\\python-ce\\helpers\\pydev\\pydevd.py, line 2141 in <module>>, <FrameSummary file C:\\Program Files\\JetBrains\\PyCharm Community Edition 2020.2.2\\plugins\\python-ce\\helpers\\pydev\\pydevd.py, line 2132 in main>, <FrameSummary file C:\\Program Files\\JetBrains\\PyCharm Community Edition 2020.2.2\\plugins\\python-ce\\helpers\\pydev\\pydevd.py, line 1441 in run>, <FrameSummary file C:\\Program Files\\JetBrains\\PyCharm Community Edition 2020.2.2\\plugins\\python-ce\\helpers\\pydev\\pydevd.py, line 1448 in _exec>, <FrameSummary file C:\\Program Files\\JetBrains\\PyCharm Community Edition 2020.2.2\\plugins\\python-ce\\helpers\\pydev\\_pydev_imps\\_pydev_execfile.py, line 18 in execfile>, <FrameSummary file C:/Users/User/PycharmProjects/automated_solubility_h1/n9/experiments/main_solubility_duplicate.py, line 20 in <module>>, <FrameSummary file <frozen importlib._bootstrap>, line 1023 in _handle_fromlist>, <FrameSummary file <frozen importlib._bootstrap>, line 219 in _call_with_frames_removed>, <FrameSummary file <frozen importlib._bootstrap>, line 971 in _find_and_load>, <FrameSummary file <frozen importlib._bootstrap>, line 955 in _find_and_load_unlocked>, <FrameSummary file <frozen importlib._bootstrap>, line 665 in _load_unlocked>, <FrameSummary file <frozen importlib._bootstrap_external>, line 678 in exec_module>, <FrameSummary file <frozen importlib._bootstrap>, line 219 in _call_with_frames_removed>, <FrameSummary file C:\\Users\\User\\PycharmProjects\\automated_solubility_h1\\n9\\configuration\\deck.py, line 64 in <module>>, <FrameSummary file C:\\Users\\User\\PycharmProjects\\automated_solubility_h1\\venv\\lib\\site-packages\\north_c9\\controller.py, line 208 in __init__>, <FrameSummary file C:\\Users\\User\\PycharmProjects\\automated_solubility_h1\\venv\\lib\\site-packages\\ftdi_serial.py, line 418 in __init__>, <FrameSummary file C:\\Users\\User\\PycharmProjects\\automated_solubility_h1\\venv\\lib\\site-packages\\ftdi_serial.py, line 441 in connect>, <FrameSummary file C:\\Users\\User\\PycharmProjects\\automated_solubility_h1\\venv\\lib\\site-packages\\ftdi_serial.py, line 428 in open_device>, <FrameSummary file C:\\Users\\User\\PycharmProjects\\automated_solubility_h1\\venv\\lib\\site-packages\\niraapad\\backends.py, line 244 in __init__>, <FrameSummary file C:\\Users\\User\\PycharmProjects\\automated_solubility_h1\\venv\\lib\\site-packages\\niraapad\\lab_computer\\niraapad_client.py, line 340 in initialize>]"}, "resp": {"exception": "None"}}}, {"_id": "2021:09:17:12:27:01.774066", "Trace Message Type": "DeleteConnectionTraceMsg", "Trace Message": {"req": {}, "resp": {"exception": "None"}}}, {"_id": "2021:09:17:12:27:01.776052", "Trace Message Type": "InitializeConnectionTraceMsg", "Trace Message": {"req": {}, "resp": {"exception": "None"}}}, {"_id": "2021:09:17:13:00:37.095910", "Trace Message Type": "DeleteConnectionTraceMsg", "Trace Message": {"req": {}, "resp": {"exception": "None"}}}, {"_id": "2021:09:17:13:00:37.098900", "Trace Message Type": "InitializeConnectionTraceMsg", "Trace Message": {"req": {}, "resp": {"exception": "None"}}}, {"_id": "2021:09:17:13:00:40.021063", "Trace Message Type": "InitializeTraceMsg", "Trace Message": {"req": {"backend_type": "DirectFtdiDevice", "backend_instance_id": 1, "args": {"ftdi": "None"}, "stacktrace": "[<FrameSummary file C:\\Program Files\\JetBrains\\PyCharm Community Edition 2020.2.2\\plugins\\python-ce\\helpers\\pydev\\pydevd.py, line 2141 in <module>>, <FrameSummary file C:\\Program Files\\JetBrains\\PyCharm Community Edition 2020.2.2\\plugins\\python-ce\\helpers\\pydev\\pydevd.py, line 2132 in main>, <FrameSummary file C:\\Program Files\\JetBrains\\PyCharm Community Edition 2020.2.2\\plugins\\python-ce\\helpers\\pydev\\pydevd.py, line 1441 in run>, <FrameSummary file C:\\Program Files\\JetBrains\\PyCharm Community Edition 2020.2.2\\plugins\\python-ce\\helpers\\pydev\\pydevd.py, line 1448 in _exec>, <FrameSummary file C:\\Program Files\\JetBrains\\PyCharm Community Edition 2020.2.2\\plugins\\python-ce\\helpers\\pydev\\_pydev_imps\\_pydev_execfile.py, line 18 in execfile>, <FrameSummary file C:/Users/User/PycharmProjects/automated_solubility_h1/n9/experiments/main_solubility_duplicate.py, line 20 in <module>>, <FrameSummary file <frozen importlib._bootstrap>, line 1023 in _handle_fromlist>, <FrameSummary file <frozen importlib._bootstrap>, line 219 in _call_with_frames_removed>, <FrameSummary file <frozen importlib._bootstrap>, line 971 in _find_and_load>, <FrameSummary file <frozen importlib._bootstrap>, line 955 in _find_and_load_unlocked>, <FrameSummary file <frozen importlib._bootstrap>, line 665 in _load_unlocked>, <FrameSummary file <frozen importlib._bootstrap_external>, line 678 in exec_module>, <FrameSummary file <frozen importlib._bootstrap>, line 219 in _call_with_frames_removed>, <FrameSummary file C:\\Users\\User\\PycharmProjects\\automated_solubility_h1\\n9\\configuration\\deck.py, line 64 in <module>>, <FrameSummary file C:\\Users\\User\\PycharmProjects\\automated_solubility_h1\\venv\\lib\\site-packages\\north_c9\\controller.py, line 208 in __init__>, <FrameSummary file C:\\Users\\User\\PycharmProjects\\automated_solubility_h1\\venv\\lib\\site-packages\\ftdi_serial.py, line 418 in __init__>, <FrameSummary file C:\\Users\\User\\PycharmProjects\\automated_solubility_h1\\venv\\lib\\site-packages\\ftdi_serial.py, line 441 in connect>, <FrameSummary file C:\\Users\\User\\PycharmProjects\\automated_solubility_h1\\venv\\lib\\site-packages\\ftdi_serial.py, line 428 in open_device>, <FrameSummary file C:\\Users\\User\\PycharmProjects\\automated_solubility_h1\\venv\\lib\\site-packages\\niraapad\\backends.py, line 244 in __init__>, <FrameSummary file C:\\Users\\User\\PycharmProjects\\automated_solubility_h1\\venv\\lib\\site-packages\\niraapad\\lab_computer\\niraapad_client.py, line 340 in initialize>]"}, "resp": {"exception": "None"}}}, {"_id": "2021:09:17:13:00:40.730532", "Trace Message Type": "GenericMethodTraceMsg", "Trace Message": {"req": {"backend_type": "DirectFtdiDevice", "backend_instance_id": 1, "method_name": "reset", "args": {}}, "resp": {"exception": "None", "resp": "None"}}}, {"_id": "2021:09:17:13:00:40.862177", "Trace Message Type": "GenericMethodTraceMsg", "Trace Message": {"req": {"backend_type": "DirectFtdiDevice", "backend_instance_id": 1, "method_name": "set_baud_rate", "args": {"baudrate": "115200"}}, "resp": {"exception": "None", "resp": "None"}}}, {"_id": "2021:09:17:13:00:40.984849", "Trace Message Type": "GenericMethodTraceMsg", "Trace Message": {"req": {"backend_type": "DirectFtdiDevice", "backend_instance_id": 1, "method_name": "set_parameters", "args": {"data_bits": "0"}}, "resp": {"exception": "None", "resp": "None"}}}, {"_id": "2021:09:17:13:00:41.106160", "Trace Message Type": "GenericMethodTraceMsg", "Trace Message": {"req": {"backend_type": "DirectFtdiDevice", "backend_instance_id": 1, "method_name": "set_timeouts", "args": {"read_timeout": "500"}}, "resp": {"exception": "None", "resp": "None"}}}, {"_id": "2021:09:17:13:00:41.237845", "Trace Message Type": "GenericMethodTraceMsg", "Trace Message": {"req": {"backend_type": "DirectFtdiDevice", "backend_instance_id": 1, "method_name": "set_timeouts", "args": {"read_timeout": "500"}}, "resp": {"exception": "None", "resp": "None"}}}, {"_id": "2021:09:17:13:00:41.363467", "Trace Message Type": "GenericMethodTraceMsg", "Trace Message": {"req": {"backend_type": "DirectFtdiDevice", "backend_instance_id": 1, "method_name": "write", "args": {"data": {"network_address": "@1", "99": "99", "crc": "6821", "sequence_no": "81", "command_name": "PING", "flags": {}, "args": {}, "command": ""}}}, "resp": {"exception": "None", "resp": "None"}}}, {"_id": "2021:09:17:13:00:41.486133", "Trace Message Type": "GenericMethodTraceMsg", "Trace Message": {"req": {"backend_type": "DirectFtdiDevice", "backend_instance_id": 1, "method_name": "set_timeouts", "args": {"read_timeout": "500"}}, "resp": {"exception": "None", "resp": "None"}}}, {"_id": "2021:09:17:13:00:41.604815", "Trace Message Type": "GenericMethodTraceMsg", "Trace Message": {"req": {"backend_type": "DirectFtdiDevice", "backend_instance_id": 1, "method_name": "get_input_size", "args": {}}, "resp": {"exception": "None", "resp": "0"}}}, {"_id": "2021:09:17:13:00:41.737467", "Trace Message Type": "GenericMethodTraceMsg", "Trace Message": {"req": {"backend_type": "DirectFtdiDevice", "backend_instance_id": 1, "method_name": "set_timeouts", "args": {"read_timeout": "500"}}, "resp": {"exception": "None", "resp": "None"}}}, {"_id": "2021:09:17:13:00:42.859166", "Trace Message Type": "GenericMethodTraceMsg", "Trace Message": {"req": {"backend_type": "DirectFtdiDevice", "backend_instance_id": 1, "method_name": "read", "args": {"num_bytes": "1", "raw": "True"}}, "resp": {"exception": "None", "resp": "b'\\x80\\x03C\\x00q\\x00.'"}}}, {"_id": "2021:09:17:13:00:42.984790", "Trace Message Type": "GenericMethodTraceMsg", "Trace Message": {"req": {"backend_type": "DirectFtdiDevice", "backend_instance_id": 1, "method_name": "set_timeouts", "args": {"read_timeout": "500"}}, "resp": {"exception": "None", "resp": "None"}}}, {"_id": "2021:09:17:13:00:44.562027", "Trace Message Type": "GenericMethodTraceMsg", "Trace Message": {"req": {"backend_type": "DirectFtdiDevice", "backend_instance_id": 1, "method_name": "set_timeouts", "args": {"read_timeout": "500"}}, "resp": {"exception": "None", "resp": "None"}}}, {"_id": "2021:09:17:13:00:44.704600", "Trace Message Type": "GenericMethodTraceMsg", "Trace Message": {"req": {"backend_type": "DirectFtdiDevice", "backend_instance_id": 1, "method_name": "write", "args": {"data": {"network_address": "@1", "99": "99", "crc": "A802", "sequence_no": "83", "command_name": "PING", "flags": {}, "args": {}, "command": ""}}}, "resp": {"exception": "None", "resp": "None"}}}, {"_id": "2021:09:17:13:00:44.840237", "Trace Message Type": "GenericMethodTraceMsg", "Trace Message": {"req": {"backend_type": "DirectFtdiDevice", "backend_instance_id": 1, "method_name": "set_timeouts", "args": {"read_timeout": "500"}}, "resp": {"exception": "None", "resp": "None"}}}, {"_id": "2021:09:17:13:00:44.976980", "Trace Message Type": "GenericMethodTraceMsg", "Trace Message": {"req": {"backend_type": "DirectFtdiDevice", "backend_instance_id": 1, "method_name": "get_input_size", "args": {}}, "resp": {"exception": "None", "resp": "0"}}}, {"_id": "2021:09:17:13:00:45.101008", "Trace Message Type": "GenericMethodTraceMsg", "Trace Message": {"req": {"backend_type": "DirectFtdiDevice", "backend_instance_id": 1, "method_name": "set_timeouts", "args": {"read_timeout": "500"}}, "resp": {"exception": "None", "resp": "None"}}}, {"_id": "2021:09:17:13:00:46.639868", "Trace Message Type": "GenericMethodTraceMsg", "Trace Message": {"req": {"backend_type": "DirectFtdiDevice", "backend_instance_id": 1, "method_name": "read", "args": {"num_bytes": "1", "raw": "True"}}, "resp": {"exception": "None", "resp": "b'\\x80\\x03C\\x00q\\x00.'"}}}, {"_id": "2021:09:17:13:00:46.767961", "Trace Message Type": "GenericMethodTraceMsg", "Trace Message": {"req": {"backend_type": "DirectFtdiDevice", "backend_instance_id": 1, "method_name": "set_timeouts", "args": {"read_timeout": "500"}}, "resp": {"exception": "None", "resp": "None"}}}, {"_id": "2021:09:17:13:00:48.644018", "Trace Message Type": "GenericMethodTraceMsg", "Trace Message": {"req": {"backend_type": "DirectFtdiDevice", "backend_instance_id": 1, "method_name": "set_timeouts", "args": {"read_timeout": "500"}}, "resp": {"exception": "None", "resp": "None"}}}, {"_id": "2021:09:17:13:00:48.765697", "Trace Message Type": "GenericMethodTraceMsg", "Trace Message": {"req": {"backend_type": "DirectFtdiDevice", "backend_instance_id": 1, "method_name": "write", "args": {"data": {"network_address": "@1", "99": "99", "crc": "A864", "sequence_no": "85", "command_name": "PING", "flags": {}, "args": {}, "command": ""}}}, "resp": {"exception": "None", "resp": "None"}}}, {"_id": "2021:09:17:13:00:48.885373", "Trace Message Type": "GenericMethodTraceMsg", "Trace Message": {"req": {"backend_type": "DirectFtdiDevice", "backend_instance_id": 1, "method_name": "set_timeouts", "args": {"read_timeout": "500"}}, "resp": {"exception": "None", "resp": "None"}}}, {"_id": "2021:09:17:13:00:49.010235", "Trace Message Type": "GenericMethodTraceMsg", "Trace Message": {"req": {"backend_type": "DirectFtdiDevice", "backend_instance_id": 1, "method_name": "get_input_size", "args": {}}, "resp": {"exception": "None", "resp": "0"}}}, {"_id": "2021:09:17:13:00:49.140955", "Trace Message Type": "GenericMethodTraceMsg", "Trace Message": {"req": {"backend_type": "DirectFtdiDevice", "backend_instance_id": 1, "method_name": "set_timeouts", "args": {"read_timeout": "500"}}, "resp": {"exception": "None", "resp": "None"}}}, {"_id": "2021:09:17:13:00:51.020041", "Trace Message Type": "GenericMethodTraceMsg", "Trace Message": {"req": {"backend_type": "DirectFtdiDevice", "backend_instance_id": 1, "method_name": "read", "args": {"num_bytes": "1", "raw": "True"}}, "resp": {"exception": "None", "resp": "b'\\x80\\x03C\\x00q\\x00.'"}}}, {"_id": "2021:09:17:13:00:51.136836", "Trace Message Type": "GenericMethodTraceMsg", "Trace Message": {"req": {"backend_type": "DirectFtdiDevice", "backend_instance_id": 1, "method_name": "set_timeouts", "args": {"read_timeout": "500"}}, "resp": {"exception": "None", "resp": "None"}}}, {"_id": "2021:09:17:13:00:53.420914", "Trace Message Type": "GenericMethodTraceMsg", "Trace Message": {"req": {"backend_type": "DirectFtdiDevice", "backend_instance_id": 1, "method_name": "set_timeouts", "args": {"read_timeout": "500"}}, "resp": {"exception": "None", "resp": "None"}}}, {"_id": "2021:09:17:13:00:53.551688", "Trace Message Type": "GenericMethodTraceMsg", "Trace Message": {"req": {"backend_type": "DirectFtdiDevice", "backend_instance_id": 1, "method_name": "write", "args": {"data": {"network_address": "@1", "99": "99", "crc": "6847", "sequence_no": "87", "command_name": "PING", "flags": {}, "args": {}, "command": ""}}}, "resp": {"exception": "None", "resp": "None"}}}, {"_id": "2021:09:17:13:00:53.675327", "Trace Message Type": "GenericMethodTraceMsg", "Trace Message": {"req": {"backend_type": "DirectFtdiDevice", "backend_instance_id": 1, "method_name": "set_timeouts", "args": {"read_timeout": "500"}}, "resp": {"exception": "None", "resp": "None"}}}, {"_id": "2021:09:17:13:00:53.800982", "Trace Message Type": "GenericMethodTraceMsg", "Trace Message": {"req": {"backend_type": "DirectFtdiDevice", "backend_instance_id": 1, "method_name": "get_input_size", "args": {}}, "resp": {"exception": "None", "resp": "0"}}}, {"_id": "2021:09:17:13:00:53.920663", "Trace Message Type": "GenericMethodTraceMsg", "Trace Message": {"req": {"backend_type": "DirectFtdiDevice", "backend_instance_id": 1, "method_name": "set_timeouts", "args": {"read_timeout": "500"}}, "resp": {"exception": "None", "resp": "None"}}}, {"_id": "2021:09:17:13:00:56.212579", "Trace Message Type": "GenericMethodTraceMsg", "Trace Message": {"req": {"backend_type": "DirectFtdiDevice", "backend_instance_id": 1, "method_name": "read", "args": {"num_bytes": "1", "raw": "True"}}, "resp": {"exception": "None", "resp": "b'\\x80\\x03C\\x00q\\x00.'"}}}, {"_id": "2021:09:17:13:00:56.341684", "Trace Message Type": "GenericMethodTraceMsg", "Trace Message": {"req": {"backend_type": "DirectFtdiDevice", "backend_instance_id": 1, "method_name": "set_timeouts", "args": {"read_timeout": "500"}}, "resp": {"exception": "None", "resp": "None"}}}, {"_id": "2021:09:17:13:00:59.113918", "Trace Message Type": "GenericMethodTraceMsg", "Trace Message": {"req": {"backend_type": "DirectFtdiDevice", "backend_instance_id": 1, "method_name": "set_timeouts", "args": {"read_timeout": "500"}}, "resp": {"exception": "None", "resp": "None"}}}, {"_id": "2021:09:17:13:00:59.240620", "Trace Message Type": "GenericMethodTraceMsg", "Trace Message": {"req": {"backend_type": "DirectFtdiDevice", "backend_instance_id": 1, "method_name": "write", "args": {"data": {"network_address": "@1", "99": "99", "crc": "A8A8", "sequence_no": "89", "command_name": "PING", "flags": {}, "args": {}, "command": ""}}}, "resp": {"exception": "None", "resp": "None"}}}, {"_id": "2021:09:17:13:00:59.371230", "Trace Message Type": "GenericMethodTraceMsg", "Trace Message": {"req": {"backend_type": "DirectFtdiDevice", "backend_instance_id": 1, "method_name": "set_timeouts", "args": {"read_timeout": "500"}}, "resp": {"exception": "None", "resp": "None"}}}, {"_id": "2021:09:17:13:00:59.505867", "Trace Message Type": "GenericMethodTraceMsg", "Trace Message": {"req": {"backend_type": "DirectFtdiDevice", "backend_instance_id": 1, "method_name": "get_input_size", "args": {}}, "resp": {"exception": "None", "resp": "0"}}}, {"_id": "2021:09:17:13:00:59.663447", "Trace Message Type": "GenericMethodTraceMsg", "Trace Message": {"req": {"backend_type": "DirectFtdiDevice", "backend_instance_id": 1, "method_name": "set_timeouts", "args": {"read_timeout": "500"}}, "resp": {"exception": "None", "resp": "None"}}}, {"_id": "2021:09:17:13:01:02.427011", "Trace Message Type": "GenericMethodTraceMsg", "Trace Message": {"req": {"backend_type": "DirectFtdiDevice", "backend_instance_id": 1, "method_name": "read", "args": {"num_bytes": "1", "raw": "True"}}, "resp": {"exception": "None", "resp": "b'\\x80\\x03C\\x00q\\x00.'"}}}, {"_id": "2021:09:17:13:01:02.558659", "Trace Message Type": "GenericMethodTraceMsg", "Trace Message": {"req": {"backend_type": "DirectFtdiDevice", "backend_instance_id": 1, "method_name": "set_timeouts", "args": {"read_timeout": "500"}}, "resp": {"exception": "None", "resp": "None"}}}, {"_id": "2021:09:17:13:01:05.954094", "Trace Message Type": "GenericMethodTraceMsg", "Trace Message": {"req": {"backend_type": "DirectFtdiDevice", "backend_instance_id": 1, "method_name": "set_timeouts", "args": {"read_timeout": "500"}}, "resp": {"exception": "None", "resp": "None"}}}, {"_id": "2021:09:17:13:01:06.077763", "Trace Message Type": "GenericMethodTraceMsg", "Trace Message": {"req": {"backend_type": "DirectFtdiDevice", "backend_instance_id": 1, "method_name": "write", "args": {"data": {"network_address": "@1", "99": "99", "crc": "A4E0", "sequence_no": "91", "command_name": "PING", "flags": {}, "args": {}, "command": ""}}}, "resp": {"exception": "None", "resp": "None"}}}, {"_id": "2021:09:17:13:01:06.197492", "Trace Message Type": "GenericMethodTraceMsg", "Trace Message": {"req": {"backend_type": "DirectFtdiDevice", "backend_instance_id": 1, "method_name": "set_timeouts", "args": {"read_timeout": "500"}}, "resp": {"exception": "None", "resp": "None"}}}, {"_id": "2021:09:17:13:01:06.327132", "Trace Message Type": "GenericMethodTraceMsg", "Trace Message": {"req": {"backend_type": "DirectFtdiDevice", "backend_instance_id": 1, "method_name": "get_input_size", "args": {}}, "resp": {"exception": "None", "resp": "8"}}}, {"_id": "2021:09:17:13:01:06.458818", "Trace Message Type": "GenericMethodTraceMsg", "Trace Message": {"req": {"backend_type": "DirectFtdiDevice", "backend_instance_id": 1, "method_name": "set_timeouts", "args": {"read_timeout": "500"}}, "resp": {"exception": "None", "resp": "None"}}}, {"_id": "2021:09:17:13:01:06.587436", "Trace Message Type": "GenericMethodTraceMsg", "Trace Message": {"req": {"backend_type": "DirectFtdiDevice", "backend_instance_id": 1, "method_name": "read", "args": {"num_bytes": "8", "raw": "True"}}, "resp": {"exception": "None", "resp": "b'\\x80\\x03C\\x08\\xfe\\r857E\\r\\nq\\x00.'"}}}, {"_id": "2021:09:17:13:01:06.720118", "Trace Message Type": "GenericMethodTraceMsg", "Trace Message": {"req": {"backend_type": "DirectFtdiDevice", "backend_instance_id": 1, "method_name": "set_timeouts", "args": {"read_timeout": "500"}}, "resp": {"exception": "None", "resp": "None"}}}, {"_id": "2021:09:17:13:01:06.856715", "Trace Message Type": "GenericMethodTraceMsg", "Trace Message": {"req": {"backend_type": "DirectFtdiDevice", "backend_instance_id": 1, "method_name": "set_timeouts", "args": {"read_timeout": "500"}}, "resp": {"exception": "None", "resp": "None"}}}, {"_id": "2021:09:17:13:01:06.978387", "Trace Message Type": "GenericMethodTraceMsg", "Trace Message": {"req": {"backend_type": "DirectFtdiDevice", "backend_instance_id": 1, "method_name": "write", "args": {"data": {"command_name": "PING"}}}, "resp": {"exception": "None", "resp": "None"}}}, {"_id": "2021:09:17:13:01:07.108081", "Trace Message Type": "GenericMethodTraceMsg", "Trace Message": {"req": {"backend_type": "DirectFtdiDevice", "backend_instance_id": 1, "method_name": "set_timeouts", "args": {"read_timeout": "500"}}, "resp": {"exception": "None", "resp": "None"}}}, {"_id": "2021:09:17:13:01:07.232364", "Trace Message Type": "GenericMethodTraceMsg", "Trace Message": {"req": {"backend_type": "DirectFtdiDevice", "backend_instance_id": 1, "method_name": "get_input_size", "args": {}}, "resp": {"exception": "None", "resp": "0"}}}, {"_id": "2021:09:17:13:01:07.356038", "Trace Message Type": "GenericMethodTraceMsg", "Trace Message": {"req": {"backend_type": "DirectFtdiDevice", "backend_instance_id": 1, "method_name": "set_timeouts", "args": {"read_timeout": "500"}}, "resp": {"exception": "None", "resp": "None"}}}, {"_id": "2021:09:17:13:01:08.487448", "Trace Message Type": "GenericMethodTraceMsg", "Trace Message": {"req": {"backend_type": "DirectFtdiDevice", "backend_instance_id": 1, "method_name": "read", "args": {"num_bytes": "1", "raw": "True"}}, "resp": {"exception": "None", "resp": "b'\\x80\\x03C\\x00q\\x00.'"}}}, {"_id": "2021:09:17:13:01:08.618058", "Trace Message Type": "GenericMethodTraceMsg", "Trace Message": {"req": {"backend_type": "DirectFtdiDevice", "backend_instance_id": 1, "method_name": "set_timeouts", "args": {"read_timeout": "500"}}, "resp": {"exception": "None", "resp": "None"}}}, {"_id": "2021:09:17:13:01:15.529120", "Trace Message Type": "DeleteConnectionTraceMsg", "Trace Message": {"req": {}, "resp": {"exception": "None"}}}, {"_id": "2021:09:17:13:01:15.531103", "Trace Message Type": "InitializeConnectionTraceMsg", "Trace Message": {"req": {}, "resp": {"exception": "None"}}}, {"_id": "2021:09:17:13:01:18.537286", "Trace Message Type": "InitializeTraceMsg", "Trace Message": {"req": {"backend_type": "DirectFtdiDevice", "backend_instance_id": 1, "args": {"ftdi": "None"}, "stacktrace": "[<FrameSummary file C:\\Program Files\\JetBrains\\PyCharm Community Edition 2020.2.2\\plugins\\python-ce\\helpers\\pydev\\pydevd.py, line 2141 in <module>>, <FrameSummary file C:\\Program Files\\JetBrains\\PyCharm Community Edition 2020.2.2\\plugins\\python-ce\\helpers\\pydev\\pydevd.py, line 2132 in main>, <FrameSummary file C:\\Program Files\\JetBrains\\PyCharm Community Edition 2020.2.2\\plugins\\python-ce\\helpers\\pydev\\pydevd.py, line 1441 in run>, <FrameSummary file C:\\Program Files\\JetBrains\\PyCharm Community Edition 2020.2.2\\plugins\\python-ce\\helpers\\pydev\\pydevd.py, line 1448 in _exec>, <FrameSummary file C:\\Program Files\\JetBrains\\PyCharm Community Edition 2020.2.2\\plugins\\python-ce\\helpers\\pydev\\_pydev_imps\\_pydev_execfile.py, line 18 in execfile>, <FrameSummary file C:/Users/User/PycharmProjects/automated_solubility_h1/n9/experiments/main_solubility_duplicate.py, line 20 in <module>>, <FrameSummary file <frozen importlib._bootstrap>, line 1023 in _handle_fromlist>, <FrameSummary file <frozen importlib._bootstrap>, line 219 in _call_with_frames_removed>, <FrameSummary file <frozen importlib._bootstrap>, line 971 in _find_and_load>, <FrameSummary file <frozen importlib._bootstrap>, line 955 in _find_and_load_unlocked>, <FrameSummary file <frozen importlib._bootstrap>, line 665 in _load_unlocked>, <FrameSummary file <frozen importlib._bootstrap_external>, line 678 in exec_module>, <FrameSummary file <frozen importlib._bootstrap>, line 219 in _call_with_frames_removed>, <FrameSummary file C:\\Users\\User\\PycharmProjects\\automated_solubility_h1\\n9\\configuration\\deck.py, line 64 in <module>>, <FrameSummary file C:\\Users\\User\\PycharmProjects\\automated_solubility_h1\\venv\\lib\\site-packages\\north_c9\\controller.py, line 208 in __init__>, <FrameSummary file C:\\Users\\User\\PycharmProjects\\automated_solubility_h1\\venv\\lib\\site-packages\\ftdi_serial.py, line 418 in __init__>, <FrameSummary file C:\\Users\\User\\PycharmProjects\\automated_solubility_h1\\venv\\lib\\site-packages\\ftdi_serial.py, line 441 in connect>, <FrameSummary file C:\\Users\\User\\PycharmProjects\\automated_solubility_h1\\venv\\lib\\site-packages\\ftdi_serial.py, line 428 in open_device>, <FrameSummary file C:\\Users\\User\\PycharmProjects\\automated_solubility_h1\\venv\\lib\\site-packages\\niraapad\\backends.py, line 244 in __init__>, <FrameSummary file C:\\Users\\User\\PycharmProjects\\automated_solubility_h1\\venv\\lib\\site-packages\\niraapad\\lab_computer\\niraapad_client.py, line 340 in initialize>]"}, "resp": {"exception": "None"}}}, {"_id": "2021:09:17:13:01:19.261114", "Trace Message Type": "GenericMethodTraceMsg", "Trace Message": {"req": {"backend_type": "DirectFtdiDevice", "backend_instance_id": 1, "method_name": "reset", "args": {}}, "resp": {"exception": "None", "resp": "None"}}}, {"_id": "2021:09:17:13:01:19.395245", "Trace Message Type": "GenericMethodTraceMsg", "Trace Message": {"req": {"backend_type": "DirectFtdiDevice", "backend_instance_id": 1, "method_name": "set_baud_rate", "args": {"baudrate": "115200"}}, "resp": {"exception": "None", "resp": "None"}}}, {"_id": "2021:09:17:13:01:19.528925", "Trace Message Type": "GenericMethodTraceMsg", "Trace Message": {"req": {"backend_type": "DirectFtdiDevice", "backend_instance_id": 1, "method_name": "set_parameters", "args": {"data_bits": "0"}}, "resp": {"exception": "None", "resp": "None"}}}, {"_id": "2021:09:17:13:01:19.672499", "Trace Message Type": "GenericMethodTraceMsg", "Trace Message": {"req": {"backend_type": "DirectFtdiDevice", "backend_instance_id": 1, "method_name": "set_timeouts", "args": {"read_timeout": "500"}}, "resp": {"exception": "None", "resp": "None"}}}, {"_id": "2021:09:17:13:01:19.806142", "Trace Message Type": "GenericMethodTraceMsg", "Trace Message": {"req": {"backend_type": "DirectFtdiDevice", "backend_instance_id": 1, "method_name": "set_timeouts", "args": {"read_timeout": "500"}}, "resp": {"exception": "None", "resp": "None"}}}, {"_id": "2021:09:17:13:01:19.935791", "Trace Message Type": "GenericMethodTraceMsg", "Trace Message": {"req": {"backend_type": "DirectFtdiDevice", "backend_instance_id": 1, "method_name": "write", "args": {"data": {"network_address": "@1", "99": "99", "crc": "64A5", "sequence_no": "95", "command_name": "PING", "flags": {}, "args": {}, "command": ""}}}, "resp": {"exception": "None", "resp": "None"}}}, {"_id": "2021:09:17:13:01:20.097438", "Trace Message Type": "GenericMethodTraceMsg", "Trace Message": {"req": {"backend_type": "DirectFtdiDevice", "backend_instance_id": 1, "method_name": "set_timeouts", "args": {"read_timeout": "500"}}, "resp": {"exception": "None", "resp": "None"}}}, {"_id": "2021:09:17:13:01:20.231111", "Trace Message Type": "GenericMethodTraceMsg", "Trace Message": {"req": {"backend_type": "DirectFtdiDevice", "backend_instance_id": 1, "method_name": "get_input_size", "args": {}}, "resp": {"exception": "None", "resp": "8"}}}, {"_id": "2021:09:17:13:01:20.350750", "Trace Message Type": "GenericMethodTraceMsg", "Trace Message": {"req": {"backend_type": "DirectFtdiDevice", "backend_instance_id": 1, "method_name": "set_timeouts", "args": {"read_timeout": "500"}}, "resp": {"exception": "None", "resp": "None"}}}, {"_id": "2021:09:17:13:01:20.490417", "Trace Message Type": "GenericMethodTraceMsg", "Trace Message": {"req": {"backend_type": "DirectFtdiDevice", "backend_instance_id": 1, "method_name": "read", "args": {"num_bytes": "8", "raw": "True"}}, "resp": {"exception": "None", "resp": "b'\\x80\\x03C\\x08\\x00\\r857E\\r\\nq\\x00.'"}}}, {"_id": "2021:09:17:13:01:20.637211", "Trace Message Type": "GenericMethodTraceMsg", "Trace Message": {"req": {"backend_type": "DirectFtdiDevice", "backend_instance_id": 1, "method_name": "set_timeouts", "args": {"read_timeout": "500"}}, "resp": {"exception": "None", "resp": "None"}}}, {"_id": "2021:09:17:13:01:20.939626", "Trace Message Type": "GenericMethodTraceMsg", "Trace Message": {"req": {"backend_type": "DirectFtdiDevice", "backend_instance_id": 1, "method_name": "set_timeouts", "args": {"read_timeout": "500"}}, "resp": {"exception": "None", "resp": "None"}}}, {"_id": "2021:09:17:13:01:21.101233", "Trace Message Type": "GenericMethodTraceMsg", "Trace Message": {"req": {"backend_type": "DirectFtdiDevice", "backend_instance_id": 1, "method_name": "write", "args": {"data": {"network_address": "@1", "99": "99", "crc": "1740", "sequence_no": "27", "command_name": "BIAS", "flags": {}, "args": {}, "command": ""}}}, "resp": {"exception": "None", "resp": "None"}}}, {"_id": "2021:09:17:13:01:21.218174", "Trace Message Type": "GenericMethodTraceMsg", "Trace Message": {"req": {"backend_type": "DirectFtdiDevice", "backend_instance_id": 1, "method_name": "set_timeouts", "args": {"read_timeout": "500"}}, "resp": {"exception": "None", "resp": "None"}}}, {"_id": "2021:09:17:13:01:21.343841", "Trace Message Type": "GenericMethodTraceMsg", "Trace Message": {"req": {"backend_type": "DirectFtdiDevice", "backend_instance_id": 1, "method_name": "get_input_size", "args": {}}, "resp": {"exception": "None", "resp": "9"}}}, {"_id": "2021:09:17:13:01:21.507606", "Trace Message Type": "GenericMethodTraceMsg", "Trace Message": {"req": {"backend_type": "DirectFtdiDevice", "backend_instance_id": 1, "method_name": "set_timeouts", "args": {"read_timeout": "500"}}, "resp": {"exception": "None", "resp": "None"}}}, {"_id": "2021:09:17:13:01:21.634230", "Trace Message Type": "GenericMethodTraceMsg", "Trace Message": {"req": {"backend_type": "DirectFtdiDevice", "backend_instance_id": 1, "method_name": "read", "args": {"num_bytes": "9", "raw": "True"}}, "resp": {"exception": "None", "resp": "b'\\x80\\x03C\\t0 \\rCAA9\\r\\nq\\x00.'"}}}, {"_id": "2021:09:17:13:01:21.762886", "Trace Message Type": "GenericMethodTraceMsg", "Trace Message": {"req": {"backend_type": "DirectFtdiDevice", "backend_instance_id": 1, "method_name": "set_timeouts", "args": {"read_timeout": "500"}}, "resp": {"exception": "None", "resp": "None"}}}, {"_id": "2021:09:17:13:01:21.935410", "Trace Message Type": "GenericMethodTraceMsg", "Trace Message": {"req": {"backend_type": "DirectFtdiDevice", "backend_instance_id": 1, "method_name": "set_timeouts", "args": {"read_timeout": "500"}}, "resp": {"exception": "None", "resp": "None"}}}, {"_id": "2021:09:17:13:01:22.062071", "Trace Message Type": "GenericMethodTraceMsg", "Trace Message": {"req": {"backend_type": "DirectFtdiDevice", "backend_instance_id": 1, "method_name": "write", "args": {"data": {"network_address": "@1", "99": "99", "crc": "74AC", "sequence_no": "97", "command_name": "SPED", "flags": {}, "args": {"velocity": "20000", "acceleration": "20000"}, "command": ""}}}, "resp": {"exception": "None", "resp": "None"}}}, {"_id": "2021:09:17:13:01:22.193031", "Trace Message Type": "GenericMethodTraceMsg", "Trace Message": {"req": {"backend_type": "DirectFtdiDevice", "backend_instance_id": 1, "method_name": "set_timeouts", "args": {"read_timeout": "500"}}, "resp": {"exception": "None", "resp": "None"}}}, {"_id": "2021:09:17:13:01:22.316380", "Trace Message Type": "GenericMethodTraceMsg", "Trace Message": {"req": {"backend_type": "DirectFtdiDevice", "backend_instance_id": 1, "method_name": "get_input_size", "args": {}}, "resp": {"exception": "None", "resp": "19"}}}, {"_id": "2021:09:17:13:01:22.450021", "Trace Message Type": "GenericMethodTraceMsg", "Trace Message": {"req": {"backend_type": "DirectFtdiDevice", "backend_instance_id": 1, "method_name": "set_timeouts", "args": {"read_timeout": "500"}}, "resp": {"exception": "None", "resp": "None"}}}, {"_id": "2021:09:17:13:01:22.586877", "Trace Message Type": "GenericMethodTraceMsg", "Trace Message": {"req": {"backend_type": "DirectFtdiDevice", "backend_instance_id": 1, "method_name": "read", "args": {"num_bytes": "19", "raw": "True"}}, "resp": {"exception": "None", "resp": "b'\\x80\\x03C\\x1320000 20000 \\rC22D\\r\\nq\\x00.'"}}}, {"_id": "2021:09:17:13:01:22.710508", "Trace Message Type": "GenericMethodTraceMsg", "Trace Message": {"req": {"backend_type": "DirectFtdiDevice", "backend_instance_id": 1, "method_name": "set_timeouts", "args": {"read_timeout": "500"}}, "resp": {"exception": "None", "resp": "None"}}}, {"_id": "2021:09:17:13:01:22.844152", "Trace Message Type": "GenericMethodTraceMsg", "Trace Message": {"req": {"backend_type": "DirectFtdiDevice", "backend_instance_id": 1, "method_name": "set_timeouts", "args": {"read_timeout": "500"}}, "resp": {"exception": "None", "resp": "None"}}}, {"_id": "2021:09:17:13:01:22.968824", "Trace Message Type": "GenericMethodTraceMsg", "Trace Message": {"req": {"backend_type": "DirectFtdiDevice", "backend_instance_id": 1, "method_name": "write", "args": {"data": {"network_address": "@1", "99": "99", "crc": "60C4", "sequence_no": "1", "command_name": "BIAS", "flags": {}, "args": {"bias": "0"}, "command": ""}}}, "resp": {"exception": "None", "resp": "None"}}}, {"_id": "2021:09:17:13:01:23.104951", "Trace Message Type": "GenericMethodTraceMsg", "Trace Message": {"req": {"backend_type": "DirectFtdiDevice", "backend_instance_id": 1, "method_name": "set_timeouts", "args": {"read_timeout": "500"}}, "resp": {"exception": "None", "resp": "None"}}}, {"_id": "2021:09:17:13:01:23.234008", "Trace Message Type": "GenericMethodTraceMsg", "Trace Message": {"req": {"backend_type": "DirectFtdiDevice", "backend_instance_id": 1, "method_name": "get_input_size", "args": {}}, "resp": {"exception": "None", "resp": "9"}}}, {"_id": "2021:09:17:13:01:23.359839", "Trace Message Type": "GenericMethodTraceMsg", "Trace Message": {"req": {"backend_type": "DirectFtdiDevice", "backend_instance_id": 1, "method_name": "set_timeouts", "args": {"read_timeout": "500"}}, "resp": {"exception": "None", "resp": "None"}}}, {"_id": "2021:09:17:13:01:23.487693", "Trace Message Type": "GenericMethodTraceMsg", "Trace Message": {"req": {"backend_type": "DirectFtdiDevice", "backend_instance_id": 1, "method_name": "read", "args": {"num_bytes": "9", "raw": "True"}}, "resp": {"exception": "None", "resp": "b'\\x80\\x03C\\t0 \\rCAA9\\r\\nq\\x00.'"}}}, {"_id": "2021:09:17:13:01:23.619304", "Trace Message Type": "GenericMethodTraceMsg", "Trace Message": {"req": {"backend_type": "DirectFtdiDevice", "backend_instance_id": 1, "method_name": "set_timeouts", "args": {"read_timeout": "500"}}, "resp": {"exception": "None", "resp": "None"}}}, {"_id": "2021:09:17:13:01:23.746007", "Trace Message Type": "GenericMethodTraceMsg", "Trace Message": {"req": {"backend_type": "DirectFtdiDevice", "backend_instance_id": 1, "method_name": "set_timeouts", "args": {"read_timeout": "500"}}, "resp": {"exception": "None", "resp": "None"}}}, {"_id": "2021:09:17:13:01:23.880600", "Trace Message Type": "GenericMethodTraceMsg", "Trace Message": {"req": {"backend_type": "DirectFtdiDevice", "backend_instance_id": 1, "method_name": "write", "args": {"data": {"network_address": "@1", "99": "99", "crc": "5BBB", "sequence_no": "3", "command_name": "HOME", "flags": {"if_needed": "1"}, "args": {}, "command": ""}}}, "resp": {"exception": "None", "resp": "None"}}}, {"_id": "2021:09:17:13:01:24.005267", "Trace Message Type": "GenericMethodTraceMsg", "Trace Message": {"req": {"backend_type": "DirectFtdiDevice", "backend_instance_id": 1, "method_name": "set_timeouts", "args": {"read_timeout": "500"}}, "resp": {"exception": "None", "resp": "None"}}}, {"_id": "2021:09:17:13:01:24.165831", "Trace Message Type": "GenericMethodTraceMsg", "Trace Message": {"req": {"backend_type": "DirectFtdiDevice", "backend_instance_id": 1, "method_name": "get_input_size", "args": {}}, "resp": {"exception": "None", "resp": "0"}}}, {"_id": "2021:09:17:13:01:24.298536", "Trace Message Type": "GenericMethodTraceMsg", "Trace Message": {"req": {"backend_type": "DirectFtdiDevice", "backend_instance_id": 1, "method_name": "set_timeouts", "args": {"read_timeout": "500"}}, "resp": {"exception": "None", "resp": "None"}}}, {"_id": "2021:09:17:13:03:36.377844", "Trace Message Type": "StopServerTraceMsg", "Trace Message": {}}]}