{"Traces": [{"_id": "2021:10:08:10:51:44.893556", "Trace Message Type": "StartServerTraceMsg", "Trace Message": {}}, {"_id": "2021:10:08:10:53:58.184969", "Trace Message Type": "DeleteConnectionTraceMsg", "Trace Message": {"req": {}, "resp": {"exception": "None"}}}, {"_id": "2021:10:08:10:53:58.186957", "Trace Message Type": "InitializeConnectionTraceMsg", "Trace Message": {"req": {}, "resp": {"exception": "None"}}}, {"_id": "2021:10:08:10:54:00.613055", "Trace Message Type": "InitializeTraceMsg", "Trace Message": {"req": {"backend_type": "DirectFtdiDevice", "backend_instance_id": 1, "args": {"ftdi": "None"}, "stacktrace": "[<FrameSummary file C:\\Program Files\\JetBrains\\PyCharm Community Edition 2020.2.2\\plugins\\python-ce\\helpers\\pydev\\pydevd.py, line 2141 in <module>>, <FrameSummary file C:\\Program Files\\JetBrains\\PyCharm Community Edition 2020.2.2\\plugins\\python-ce\\helpers\\pydev\\pydevd.py, line 2132 in main>, <FrameSummary file C:\\Program Files\\JetBrains\\PyCharm Community Edition 2020.2.2\\plugins\\python-ce\\helpers\\pydev\\pydevd.py, line 1441 in run>, <FrameSummary file C:\\Program Files\\JetBrains\\PyCharm Community Edition 2020.2.2\\plugins\\python-ce\\helpers\\pydev\\pydevd.py, line 1448 in _exec>, <FrameSummary file C:\\Program Files\\JetBrains\\PyCharm Community Edition 2020.2.2\\plugins\\python-ce\\helpers\\pydev\\_pydev_imps\\_pydev_execfile.py, line 18 in execfile>, <FrameSummary file C:/Users/User/PycharmProjects/automated_solubility_h1/n9/experiments/main_solubility_duplicate.py, line 22 in <module>>, <FrameSummary file <frozen importlib._bootstrap>, line 1023 in _handle_fromlist>, <FrameSummary file <frozen importlib._bootstrap>, line 219 in _call_with_frames_removed>, <FrameSummary file <frozen importlib._bootstrap>, line 971 in _find_and_load>, <FrameSummary file <frozen importlib._bootstrap>, line 955 in _find_and_load_unlocked>, <FrameSummary file <frozen importlib._bootstrap>, line 665 in _load_unlocked>, <FrameSummary file <frozen importlib._bootstrap_external>, line 678 in exec_module>, <FrameSummary file <frozen importlib._bootstrap>, line 219 in _call_with_frames_removed>, <FrameSummary file C:\\Users\\User\\PycharmProjects\\automated_solubility_h1\\n9\\configuration\\deck.py, line 64 in <module>>, <FrameSummary file C:\\Users\\User\\PycharmProjects\\automated_solubility_h1\\venv\\lib\\site-packages\\north_c9\\controller.py, line 208 in __init__>, <FrameSummary file C:\\Users\\User\\PycharmProjects\\automated_solubility_h1\\venv\\lib\\site-packages\\ftdi_serial.py, line 418 in __init__>, <FrameSummary file C:\\Users\\User\\PycharmProjects\\automated_solubility_h1\\venv\\lib\\site-packages\\ftdi_serial.py, line 441 in connect>, <FrameSummary file C:\\Users\\User\\PycharmProjects\\automated_solubility_h1\\venv\\lib\\site-packages\\ftdi_serial.py, line 428 in open_device>, <FrameSummary file C:\\Users\\User\\PycharmProjects\\automated_solubility_h1\\venv\\lib\\site-packages\\niraapad\\backends.py, line 162 in __init__>, <FrameSummary file C:\\Users\\User\\PycharmProjects\\automated_solubility_h1\\venv\\lib\\site-packages\\niraapad\\lab_computer\\niraapad_client.py, line 399 in initialize>]"}, "resp": {"exception": "None"}}}, {"_id": "2021:10:08:10:54:01.307198", "Trace Message Type": "GenericMethodTraceMsg", "Trace Message": {"req": {"backend_type": "DirectFtdiDevice", "backend_instance_id": 1, "method_name": "reset", "args": {}}, "resp": {"exception": "None", "resp": "None"}}}, {"_id": "2021:10:08:10:54:01.424886", "Trace Message Type": "GenericMethodTraceMsg", "Trace Message": {"req": {"backend_type": "DirectFtdiDevice", "backend_instance_id": 1, "method_name": "set_baud_rate", "args": {"baudrate": "115200"}}, "resp": {"exception": "None", "resp": "None"}}}, {"_id": "2021:10:08:10:54:01.555529", "Trace Message Type": "GenericMethodTraceMsg", "Trace Message": {"req": {"backend_type": "DirectFtdiDevice", "backend_instance_id": 1, "method_name": "set_parameters", "args": {"data_bits": "0"}}, "resp": {"exception": "None", "resp": "None"}}}, {"_id": "2021:10:08:10:54:01.670228", "Trace Message Type": "GenericMethodTraceMsg", "Trace Message": {"req": {"backend_type": "DirectFtdiDevice", "backend_instance_id": 1, "method_name": "set_timeouts", "args": {"read_timeout": "500"}}, "resp": {"exception": "None", "resp": "None"}}}, {"_id": "2021:10:08:10:54:01.804861", "Trace Message Type": "GenericMethodTraceMsg", "Trace Message": {"req": {"backend_type": "DirectFtdiDevice", "backend_instance_id": 1, "method_name": "set_timeouts", "args": {"read_timeout": "500"}}, "resp": {"exception": "None", "resp": "None"}}}, {"_id": "2021:10:08:10:54:01.918559", "Trace Message Type": "GenericMethodTraceMsg", "Trace Message": {"req": {"backend_type": "DirectFtdiDevice", "backend_instance_id": 1, "method_name": "write", "args": {"data": {"network_address": "@1", "99": "99", "crc": "1B43", "sequence_no": "33", "command_name": "PING", "flags": {}, "args": {}, "command": ""}}}, "resp": {"exception": "None", "resp": "None"}}}, {"_id": "2021:10:08:10:54:02.051203", "Trace Message Type": "GenericMethodTraceMsg", "Trace Message": {"req": {"backend_type": "DirectFtdiDevice", "backend_instance_id": 1, "method_name": "set_timeouts", "args": {"read_timeout": "500"}}, "resp": {"exception": "None", "resp": "None"}}}, {"_id": "2021:10:08:10:54:02.221757", "Trace Message Type": "GenericMethodTraceMsg", "Trace Message": {"req": {"backend_type": "DirectFtdiDevice", "backend_instance_id": 1, "method_name": "get_input_size", "args": {}}, "resp": {"exception": "None", "resp": "8"}}}, {"_id": "2021:10:08:10:54:02.371347", "Trace Message Type": "GenericMethodTraceMsg", "Trace Message": {"req": {"backend_type": "DirectFtdiDevice", "backend_instance_id": 1, "method_name": "set_timeouts", "args": {"read_timeout": "500"}}, "resp": {"exception": "None", "resp": "None"}}}, {"_id": "2021:10:08:10:54:02.504991", "Trace Message Type": "GenericMethodTraceMsg", "Trace Message": {"req": {"backend_type": "DirectFtdiDevice", "backend_instance_id": 1, "method_name": "read", "args": {"num_bytes": "8", "raw": "True"}}, "resp": {"exception": "None", "resp": "b'\\x80\\x03C\\x08\\x00\\r857E\\r\\nq\\x00.'"}}}, {"_id": "2021:10:08:10:54:02.630655", "Trace Message Type": "GenericMethodTraceMsg", "Trace Message": {"req": {"backend_type": "DirectFtdiDevice", "backend_instance_id": 1, "method_name": "set_timeouts", "args": {"read_timeout": "500"}}, "resp": {"exception": "None", "resp": "None"}}}, {"_id": "2021:10:08:10:54:02.844084", "Trace Message Type": "GenericMethodTraceMsg", "Trace Message": {"req": {"backend_type": "DirectFtdiDevice", "backend_instance_id": 1, "method_name": "set_timeouts", "args": {"read_timeout": "500"}}, "resp": {"exception": "None", "resp": "None"}}}, {"_id": "2021:10:08:10:54:02.967752", "Trace Message Type": "GenericMethodTraceMsg", "Trace Message": {"req": {"backend_type": "DirectFtdiDevice", "backend_instance_id": 1, "method_name": "write", "args": {"data": {"network_address": "@1", "99": "99", "crc": "E8C5", "sequence_no": "73", "command_name": "BIAS", "flags": {}, "args": {}, "command": ""}}}, "resp": {"exception": "None", "resp": "None"}}}, {"_id": "2021:10:08:10:54:03.089098", "Trace Message Type": "GenericMethodTraceMsg", "Trace Message": {"req": {"backend_type": "DirectFtdiDevice", "backend_instance_id": 1, "method_name": "set_timeouts", "args": {"read_timeout": "500"}}, "resp": {"exception": "None", "resp": "None"}}}, {"_id": "2021:10:08:10:54:03.215889", "Trace Message Type": "GenericMethodTraceMsg", "Trace Message": {"req": {"backend_type": "DirectFtdiDevice", "backend_instance_id": 1, "method_name": "get_input_size", "args": {}}, "resp": {"exception": "None", "resp": "9"}}}, {"_id": "2021:10:08:10:54:03.338555", "Trace Message Type": "GenericMethodTraceMsg", "Trace Message": {"req": {"backend_type": "DirectFtdiDevice", "backend_instance_id": 1, "method_name": "set_timeouts", "args": {"read_timeout": "500"}}, "resp": {"exception": "None", "resp": "None"}}}, {"_id": "2021:10:08:10:54:03.460324", "Trace Message Type": "GenericMethodTraceMsg", "Trace Message": {"req": {"backend_type": "DirectFtdiDevice", "backend_instance_id": 1, "method_name": "read", "args": {"num_bytes": "9", "raw": "True"}}, "resp": {"exception": "None", "resp": "b'\\x80\\x03C\\t0 \\rCAA9\\r\\nq\\x00.'"}}}, {"_id": "2021:10:08:10:54:03.596284", "Trace Message Type": "GenericMethodTraceMsg", "Trace Message": {"req": {"backend_type": "DirectFtdiDevice", "backend_instance_id": 1, "method_name": "set_timeouts", "args": {"read_timeout": "500"}}, "resp": {"exception": "None", "resp": "None"}}}, {"_id": "2021:10:08:10:54:03.737334", "Trace Message Type": "GenericMethodTraceMsg", "Trace Message": {"req": {"backend_type": "DirectFtdiDevice", "backend_instance_id": 1, "method_name": "set_timeouts", "args": {"read_timeout": "500"}}, "resp": {"exception": "None", "resp": "None"}}}, {"_id": "2021:10:08:10:54:03.862557", "Trace Message Type": "GenericMethodTraceMsg", "Trace Message": {"req": {"backend_type": "DirectFtdiDevice", "backend_instance_id": 1, "method_name": "write", "args": {"data": {"network_address": "@1", "99": "99", "crc": "674D", "sequence_no": "35", "command_name": "SPED", "flags": {}, "args": {"velocity": "20000", "acceleration": "20000"}, "command": ""}}}, "resp": {"exception": "None", "resp": "None"}}}, {"_id": "2021:10:08:10:54:03.978430", "Trace Message Type": "GenericMethodTraceMsg", "Trace Message": {"req": {"backend_type": "DirectFtdiDevice", "backend_instance_id": 1, "method_name": "set_timeouts", "args": {"read_timeout": "500"}}, "resp": {"exception": "None", "resp": "None"}}}, {"_id": "2021:10:08:10:54:04.112181", "Trace Message Type": "GenericMethodTraceMsg", "Trace Message": {"req": {"backend_type": "DirectFtdiDevice", "backend_instance_id": 1, "method_name": "get_input_size", "args": {}}, "resp": {"exception": "None", "resp": "19"}}}, {"_id": "2021:10:08:10:54:04.238843", "Trace Message Type": "GenericMethodTraceMsg", "Trace Message": {"req": {"backend_type": "DirectFtdiDevice", "backend_instance_id": 1, "method_name": "set_timeouts", "args": {"read_timeout": "500"}}, "resp": {"exception": "None", "resp": "None"}}}, {"_id": "2021:10:08:10:54:04.362557", "Trace Message Type": "GenericMethodTraceMsg", "Trace Message": {"req": {"backend_type": "DirectFtdiDevice", "backend_instance_id": 1, "method_name": "read", "args": {"num_bytes": "19", "raw": "True"}}, "resp": {"exception": "None", "resp": "b'\\x80\\x03C\\x1320000 20000 \\rC22D\\r\\nq\\x00.'"}}}, {"_id": "2021:10:08:10:54:04.493220", "Trace Message Type": "GenericMethodTraceMsg", "Trace Message": {"req": {"backend_type": "DirectFtdiDevice", "backend_instance_id": 1, "method_name": "set_timeouts", "args": {"read_timeout": "500"}}, "resp": {"exception": "None", "resp": "None"}}}, {"_id": "2021:10:08:10:54:04.634844", "Trace Message Type": "GenericMethodTraceMsg", "Trace Message": {"req": {"backend_type": "DirectFtdiDevice", "backend_instance_id": 1, "method_name": "set_timeouts", "args": {"read_timeout": "500"}}, "resp": {"exception": "None", "resp": "None"}}}, {"_id": "2021:10:08:10:54:04.764538", "Trace Message Type": "GenericMethodTraceMsg", "Trace Message": {"req": {"backend_type": "DirectFtdiDevice", "backend_instance_id": 1, "method_name": "write", "args": {"data": {"network_address": "@1", "99": "99", "crc": "C765", "sequence_no": "37", "command_name": "BIAS", "flags": {}, "args": {"bias": "0"}, "command": ""}}}, "resp": {"exception": "None", "resp": "None"}}}, {"_id": "2021:10:08:10:54:04.893290", "Trace Message Type": "GenericMethodTraceMsg", "Trace Message": {"req": {"backend_type": "DirectFtdiDevice", "backend_instance_id": 1, "method_name": "set_timeouts", "args": {"read_timeout": "500"}}, "resp": {"exception": "None", "resp": "None"}}}, {"_id": "2021:10:08:10:54:05.023161", "Trace Message Type": "GenericMethodTraceMsg", "Trace Message": {"req": {"backend_type": "DirectFtdiDevice", "backend_instance_id": 1, "method_name": "get_input_size", "args": {}}, "resp": {"exception": "None", "resp": "9"}}}, {"_id": "2021:10:08:10:54:05.150909", "Trace Message Type": "GenericMethodTraceMsg", "Trace Message": {"req": {"backend_type": "DirectFtdiDevice", "backend_instance_id": 1, "method_name": "set_timeouts", "args": {"read_timeout": "500"}}, "resp": {"exception": "None", "resp": "None"}}}, {"_id": "2021:10:08:10:54:05.276731", "Trace Message Type": "GenericMethodTraceMsg", "Trace Message": {"req": {"backend_type": "DirectFtdiDevice", "backend_instance_id": 1, "method_name": "read", "args": {"num_bytes": "9", "raw": "True"}}, "resp": {"exception": "None", "resp": "b'\\x80\\x03C\\t0 \\rCAA9\\r\\nq\\x00.'"}}}, {"_id": "2021:10:08:10:54:05.399425", "Trace Message Type": "GenericMethodTraceMsg", "Trace Message": {"req": {"backend_type": "DirectFtdiDevice", "backend_instance_id": 1, "method_name": "set_timeouts", "args": {"read_timeout": "500"}}, "resp": {"exception": "None", "resp": "None"}}}, {"_id": "2021:10:08:10:54:05.526093", "Trace Message Type": "GenericMethodTraceMsg", "Trace Message": {"req": {"backend_type": "DirectFtdiDevice", "backend_instance_id": 1, "method_name": "set_timeouts", "args": {"read_timeout": "500"}}, "resp": {"exception": "None", "resp": "None"}}}, {"_id": "2021:10:08:10:54:05.658229", "Trace Message Type": "GenericMethodTraceMsg", "Trace Message": {"req": {"backend_type": "DirectFtdiDevice", "backend_instance_id": 1, "method_name": "write", "args": {"data": {"network_address": "@1", "99": "99", "crc": "9980", "sequence_no": "39", "command_name": "HOME", "flags": {"if_needed": "1"}, "args": {}, "command": ""}}}, "resp": {"exception": "None", "resp": "None"}}}, {"_id": "2021:10:08:10:54:05.785838", "Trace Message Type": "GenericMethodTraceMsg", "Trace Message": {"req": {"backend_type": "DirectFtdiDevice", "backend_instance_id": 1, "method_name": "set_timeouts", "args": {"read_timeout": "500"}}, "resp": {"exception": "None", "resp": "None"}}}, {"_id": "2021:10:08:10:54:05.907511", "Trace Message Type": "GenericMethodTraceMsg", "Trace Message": {"req": {"backend_type": "DirectFtdiDevice", "backend_instance_id": 1, "method_name": "get_input_size", "args": {}}, "resp": {"exception": "None", "resp": "30"}}}, {"_id": "2021:10:08:10:54:06.028484", "Trace Message Type": "GenericMethodTraceMsg", "Trace Message": {"req": {"backend_type": "DirectFtdiDevice", "backend_instance_id": 1, "method_name": "set_timeouts", "args": {"read_timeout": "500"}}, "resp": {"exception": "None", "resp": "None"}}}, {"_id": "2021:10:08:10:54:06.153160", "Trace Message Type": "GenericMethodTraceMsg", "Trace Message": {"req": {"backend_type": "DirectFtdiDevice", "backend_instance_id": 1, "method_name": "read", "args": {"num_bytes": "30", "raw": "True"}}, "resp": {"exception": "None", "resp": "b'\\x80\\x03C\\x1e2258 33671 34383 12300 \\r5770\\r\\nq\\x00.'"}}}, {"_id": "2021:10:08:10:54:06.280809", "Trace Message Type": "GenericMethodTraceMsg", "Trace Message": {"req": {"backend_type": "DirectFtdiDevice", "backend_instance_id": 1, "method_name": "set_timeouts", "args": {"read_timeout": "500"}}, "resp": {"exception": "None", "resp": "None"}}}, {"_id": "2021:10:08:10:54:06.413510", "Trace Message Type": "GenericMethodTraceMsg", "Trace Message": {"req": {"backend_type": "DirectFtdiDevice", "backend_instance_id": 1, "method_name": "set_timeouts", "args": {"read_timeout": "500"}}, "resp": {"exception": "None", "resp": "None"}}}, {"_id": "2021:10:08:10:54:06.534196", "Trace Message Type": "GenericMethodTraceMsg", "Trace Message": {"req": {"backend_type": "DirectFtdiDevice", "backend_instance_id": 1, "method_name": "write", "args": {"data": {"network_address": "@1", "99": "99", "crc": "1E69", "sequence_no": "41", "command_name": "CURR", "flags": {}, "args": {"axis": "0"}, "command": ""}}}, "resp": {"exception": "None", "resp": "None"}}}, {"_id": "2021:10:08:10:54:06.660894", "Trace Message Type": "GenericMethodTraceMsg", "Trace Message": {"req": {"backend_type": "DirectFtdiDevice", "backend_instance_id": 1, "method_name": "set_timeouts", "args": {"read_timeout": "500"}}, "resp": {"exception": "None", "resp": "None"}}}, {"_id": "2021:10:08:10:54:06.787650", "Trace Message Type": "GenericMethodTraceMsg", "Trace Message": {"req": {"backend_type": "DirectFtdiDevice", "backend_instance_id": 1, "method_name": "get_input_size", "args": {}}, "resp": {"exception": "None", "resp": "11"}}}, {"_id": "2021:10:08:10:54:06.907355", "Trace Message Type": "GenericMethodTraceMsg", "Trace Message": {"req": {"backend_type": "DirectFtdiDevice", "backend_instance_id": 1, "method_name": "set_timeouts", "args": {"read_timeout": "500"}}, "resp": {"exception": "None", "resp": "None"}}}, {"_id": "2021:10:08:10:54:07.023041", "Trace Message Type": "GenericMethodTraceMsg", "Trace Message": {"req": {"backend_type": "DirectFtdiDevice", "backend_instance_id": 1, "method_name": "read", "args": {"num_bytes": "11", "raw": "True"}}, "resp": {"exception": "None", "resp": "b'\\x80\\x03C\\x0b-76 \\r79BE\\r\\nq\\x00.'"}}}, {"_id": "2021:10:08:10:54:07.144786", "Trace Message Type": "GenericMethodTraceMsg", "Trace Message": {"req": {"backend_type": "DirectFtdiDevice", "backend_instance_id": 1, "method_name": "set_timeouts", "args": {"read_timeout": "500"}}, "resp": {"exception": "None", "resp": "None"}}}, {"_id": "2021:10:08:10:54:07.271509", "Trace Message Type": "GenericMethodTraceMsg", "Trace Message": {"req": {"backend_type": "DirectFtdiDevice", "backend_instance_id": 1, "method_name": "set_timeouts", "args": {"read_timeout": "500"}}, "resp": {"exception": "None", "resp": "None"}}}, {"_id": "2021:10:08:10:54:07.397146", "Trace Message Type": "GenericMethodTraceMsg", "Trace Message": {"req": {"backend_type": "DirectFtdiDevice", "backend_instance_id": 1, "method_name": "write", "args": {"data": {"network_address": "@1", "99": "99", "crc": "7E70", "sequence_no": "43", "command_name": "CURR", "flags": {}, "args": {"axis": "0"}, "command": ""}}}, "resp": {"exception": "None", "resp": "None"}}}, {"_id": "2021:10:08:10:54:07.522808", "Trace Message Type": "GenericMethodTraceMsg", "Trace Message": {"req": {"backend_type": "DirectFtdiDevice", "backend_instance_id": 1, "method_name": "set_timeouts", "args": {"read_timeout": "500"}}, "resp": {"exception": "None", "resp": "None"}}}, {"_id": "2021:10:08:10:54:07.638547", "Trace Message Type": "GenericMethodTraceMsg", "Trace Message": {"req": {"backend_type": "DirectFtdiDevice", "backend_instance_id": 1, "method_name": "get_input_size", "args": {}}, "resp": {"exception": "None", "resp": "11"}}}, {"_id": "2021:10:08:10:54:07.776206", "Trace Message Type": "GenericMethodTraceMsg", "Trace Message": {"req": {"backend_type": "DirectFtdiDevice", "backend_instance_id": 1, "method_name": "set_timeouts", "args": {"read_timeout": "500"}}, "resp": {"exception": "None", "resp": "None"}}}, {"_id": "2021:10:08:10:54:07.901211", "Trace Message Type": "GenericMethodTraceMsg", "Trace Message": {"req": {"backend_type": "DirectFtdiDevice", "backend_instance_id": 1, "method_name": "read", "args": {"num_bytes": "11", "raw": "True"}}, "resp": {"exception": "None", "resp": "b'\\x80\\x03C\\x0b-14 \\r311F\\r\\nq\\x00.'"}}}, {"_id": "2021:10:08:10:54:08.021961", "Trace Message Type": "GenericMethodTraceMsg", "Trace Message": {"req": {"backend_type": "DirectFtdiDevice", "backend_instance_id": 1, "method_name": "set_timeouts", "args": {"read_timeout": "500"}}, "resp": {"exception": "None", "resp": "None"}}}, {"_id": "2021:10:08:10:54:08.162621", "Trace Message Type": "GenericMethodTraceMsg", "Trace Message": {"req": {"backend_type": "DirectFtdiDevice", "backend_instance_id": 1, "method_name": "set_timeouts", "args": {"read_timeout": "500"}}, "resp": {"exception": "None", "resp": "None"}}}, {"_id": "2021:10:08:10:54:08.286336", "Trace Message Type": "GenericMethodTraceMsg", "Trace Message": {"req": {"backend_type": "DirectFtdiDevice", "backend_instance_id": 1, "method_name": "write", "args": {"data": {"network_address": "@1", "99": "99", "crc": "DE5B", "sequence_no": "45", "command_name": "CURR", "flags": {}, "args": {"axis": "0"}, "command": ""}}}, "resp": {"exception": "None", "resp": "None"}}}, {"_id": "2021:10:08:10:54:08.416155", "Trace Message Type": "GenericMethodTraceMsg", "Trace Message": {"req": {"backend_type": "DirectFtdiDevice", "backend_instance_id": 1, "method_name": "set_timeouts", "args": {"read_timeout": "500"}}, "resp": {"exception": "None", "resp": "None"}}}, {"_id": "2021:10:08:10:54:08.540826", "Trace Message Type": "GenericMethodTraceMsg", "Trace Message": {"req": {"backend_type": "DirectFtdiDevice", "backend_instance_id": 1, "method_name": "get_input_size", "args": {}}, "resp": {"exception": "None", "resp": "10"}}}, {"_id": "2021:10:08:10:54:08.664252", "Trace Message Type": "GenericMethodTraceMsg", "Trace Message": {"req": {"backend_type": "DirectFtdiDevice", "backend_instance_id": 1, "method_name": "set_timeouts", "args": {"read_timeout": "500"}}, "resp": {"exception": "None", "resp": "None"}}}, {"_id": "2021:10:08:10:54:08.792915", "Trace Message Type": "GenericMethodTraceMsg", "Trace Message": {"req": {"backend_type": "DirectFtdiDevice", "backend_instance_id": 1, "method_name": "read", "args": {"num_bytes": "10", "raw": "True"}}, "resp": {"exception": "None", "resp": "b'\\x80\\x03C\\n14 \\r1397\\r\\nq\\x00.'"}}}, {"_id": "2021:10:08:10:54:08.911632", "Trace Message Type": "GenericMethodTraceMsg", "Trace Message": {"req": {"backend_type": "DirectFtdiDevice", "backend_instance_id": 1, "method_name": "set_timeouts", "args": {"read_timeout": "500"}}, "resp": {"exception": "None", "resp": "None"}}}, {"_id": "2021:10:08:10:54:09.032331", "Trace Message Type": "GenericMethodTraceMsg", "Trace Message": {"req": {"backend_type": "DirectFtdiDevice", "backend_instance_id": 1, "method_name": "set_timeouts", "args": {"read_timeout": "500"}}, "resp": {"exception": "None", "resp": "None"}}}, {"_id": "2021:10:08:10:54:09.157069", "Trace Message Type": "GenericMethodTraceMsg", "Trace Message": {"req": {"backend_type": "DirectFtdiDevice", "backend_instance_id": 1, "method_name": "write", "args": {"data": {"network_address": "@1", "99": "99", "crc": "BE42", "sequence_no": "47", "command_name": "CURR", "flags": {}, "args": {"axis": "0"}, "command": ""}}}, "resp": {"exception": "None", "resp": "None"}}}, {"_id": "2021:10:08:10:54:09.272948", "Trace Message Type": "GenericMethodTraceMsg", "Trace Message": {"req": {"backend_type": "DirectFtdiDevice", "backend_instance_id": 1, "method_name": "set_timeouts", "args": {"read_timeout": "500"}}, "resp": {"exception": "None", "resp": "None"}}}, {"_id": "2021:10:08:10:54:09.403626", "Trace Message Type": "GenericMethodTraceMsg", "Trace Message": {"req": {"backend_type": "DirectFtdiDevice", "backend_instance_id": 1, "method_name": "get_input_size", "args": {}}, "resp": {"exception": "None", "resp": "10"}}}, {"_id": "2021:10:08:10:54:09.523345", "Trace Message Type": "GenericMethodTraceMsg", "Trace Message": {"req": {"backend_type": "DirectFtdiDevice", "backend_instance_id": 1, "method_name": "set_timeouts", "args": {"read_timeout": "500"}}, "resp": {"exception": "None", "resp": "None"}}}, {"_id": "2021:10:08:10:54:09.651116", "Trace Message Type": "GenericMethodTraceMsg", "Trace Message": {"req": {"backend_type": "DirectFtdiDevice", "backend_instance_id": 1, "method_name": "read", "args": {"num_bytes": "10", "raw": "True"}}, "resp": {"exception": "None", "resp": "b'\\x80\\x03C\\n49 \\r1C06\\r\\nq\\x00.'"}}}, {"_id": "2021:10:08:10:54:09.784810", "Trace Message Type": "GenericMethodTraceMsg", "Trace Message": {"req": {"backend_type": "DirectFtdiDevice", "backend_instance_id": 1, "method_name": "set_timeouts", "args": {"read_timeout": "500"}}, "resp": {"exception": "None", "resp": "None"}}}, {"_id": "2021:10:08:10:54:09.909488", "Trace Message Type": "GenericMethodTraceMsg", "Trace Message": {"req": {"backend_type": "DirectFtdiDevice", "backend_instance_id": 1, "method_name": "set_timeouts", "args": {"read_timeout": "500"}}, "resp": {"exception": "None", "resp": "None"}}}, {"_id": "2021:10:08:10:54:10.031174", "Trace Message Type": "GenericMethodTraceMsg", "Trace Message": {"req": {"backend_type": "DirectFtdiDevice", "backend_instance_id": 1, "method_name": "write", "args": {"data": {"network_address": "@1", "99": "99", "crc": "DE0E", "sequence_no": "49", "command_name": "CURR", "flags": {}, "args": {"axis": "0"}, "command": ""}}}, "resp": {"exception": "None", "resp": "None"}}}, {"_id": "2021:10:08:10:54:10.159036", "Trace Message Type": "GenericMethodTraceMsg", "Trace Message": {"req": {"backend_type": "DirectFtdiDevice", "backend_instance_id": 1, "method_name": "set_timeouts", "args": {"read_timeout": "500"}}, "resp": {"exception": "None", "resp": "None"}}}, {"_id": "2021:10:08:10:54:10.277134", "Trace Message Type": "GenericMethodTraceMsg", "Trace Message": {"req": {"backend_type": "DirectFtdiDevice", "backend_instance_id": 1, "method_name": "get_input_size", "args": {}}, "resp": {"exception": "None", "resp": "9"}}}, {"_id": "2021:10:08:10:54:10.401971", "Trace Message Type": "GenericMethodTraceMsg", "Trace Message": {"req": {"backend_type": "DirectFtdiDevice", "backend_instance_id": 1, "method_name": "set_timeouts", "args": {"read_timeout": "500"}}, "resp": {"exception": "None", "resp": "None"}}}, {"_id": "2021:10:08:10:54:10.525230", "Trace Message Type": "GenericMethodTraceMsg", "Trace Message": {"req": {"backend_type": "DirectFtdiDevice", "backend_instance_id": 1, "method_name": "read", "args": {"num_bytes": "9", "raw": "True"}}, "resp": {"exception": "None", "resp": "b'\\x80\\x03C\\t2 \\r0A08\\r\\nq\\x00.'"}}}, {"_id": "2021:10:08:10:54:10.654999", "Trace Message Type": "GenericMethodTraceMsg", "Trace Message": {"req": {"backend_type": "DirectFtdiDevice", "backend_instance_id": 1, "method_name": "set_timeouts", "args": {"read_timeout": "500"}}, "resp": {"exception": "None", "resp": "None"}}}, {"_id": "2021:10:08:10:54:10.781629", "Trace Message Type": "GenericMethodTraceMsg", "Trace Message": {"req": {"backend_type": "DirectFtdiDevice", "backend_instance_id": 1, "method_name": "set_timeouts", "args": {"read_timeout": "500"}}, "resp": {"exception": "None", "resp": "None"}}}, {"_id": "2021:10:08:10:54:10.908341", "Trace Message Type": "GenericMethodTraceMsg", "Trace Message": {"req": {"backend_type": "DirectFtdiDevice", "backend_instance_id": 1, "method_name": "write", "args": {"data": {"network_address": "@1", "99": "99", "crc": "DB38", "sequence_no": "51", "command_name": "CURR", "flags": {}, "args": {"axis": "0"}, "command": ""}}}, "resp": {"exception": "None", "resp": "None"}}}, {"_id": "2021:10:08:10:54:11.029061", "Trace Message Type": "GenericMethodTraceMsg", "Trace Message": {"req": {"backend_type": "DirectFtdiDevice", "backend_instance_id": 1, "method_name": "set_timeouts", "args": {"read_timeout": "500"}}, "resp": {"exception": "None", "resp": "None"}}}, {"_id": "2021:10:08:10:54:11.155699", "Trace Message Type": "GenericMethodTraceMsg", "Trace Message": {"req": {"backend_type": "DirectFtdiDevice", "backend_instance_id": 1, "method_name": "get_input_size", "args": {}}, "resp": {"exception": "None", "resp": "10"}}}, {"_id": "2021:10:08:10:54:11.285439", "Trace Message Type": "GenericMethodTraceMsg", "Trace Message": {"req": {"backend_type": "DirectFtdiDevice", "backend_instance_id": 1, "method_name": "set_timeouts", "args": {"read_timeout": "500"}}, "resp": {"exception": "None", "resp": "None"}}}, {"_id": "2021:10:08:10:54:11.413198", "Trace Message Type": "GenericMethodTraceMsg", "Trace Message": {"req": {"backend_type": "DirectFtdiDevice", "backend_instance_id": 1, "method_name": "read", "args": {"num_bytes": "10", "raw": "True"}}, "resp": {"exception": "None", "resp": "b'\\x80\\x03C\\n34 \\rAB96\\r\\nq\\x00.'"}}}, {"_id": "2021:10:08:10:54:11.543207", "Trace Message Type": "GenericMethodTraceMsg", "Trace Message": {"req": {"backend_type": "DirectFtdiDevice", "backend_instance_id": 1, "method_name": "set_timeouts", "args": {"read_timeout": "500"}}, "resp": {"exception": "None", "resp": "None"}}}, {"_id": "2021:10:08:10:54:11.667865", "Trace Message Type": "GenericMethodTraceMsg", "Trace Message": {"req": {"backend_type": "DirectFtdiDevice", "backend_instance_id": 1, "method_name": "set_timeouts", "args": {"read_timeout": "500"}}, "resp": {"exception": "None", "resp": "None"}}}, {"_id": "2021:10:08:10:54:11.799517", "Trace Message Type": "GenericMethodTraceMsg", "Trace Message": {"req": {"backend_type": "DirectFtdiDevice", "backend_instance_id": 1, "method_name": "write", "args": {"data": {"network_address": "@1", "99": "99", "crc": "BB21", "sequence_no": "53", "command_name": "CURR", "flags": {}, "args": {"axis": "0"}, "command": ""}}}, "resp": {"exception": "None", "resp": "None"}}}, {"_id": "2021:10:08:10:54:11.923218", "Trace Message Type": "GenericMethodTraceMsg", "Trace Message": {"req": {"backend_type": "DirectFtdiDevice", "backend_instance_id": 1, "method_name": "set_timeouts", "args": {"read_timeout": "500"}}, "resp": {"exception": "None", "resp": "None"}}}, {"_id": "2021:10:08:10:54:12.053872", "Trace Message Type": "GenericMethodTraceMsg", "Trace Message": {"req": {"backend_type": "DirectFtdiDevice", "backend_instance_id": 1, "method_name": "get_input_size", "args": {}}, "resp": {"exception": "None", "resp": "10"}}}, {"_id": "2021:10:08:10:54:12.176535", "Trace Message Type": "GenericMethodTraceMsg", "Trace Message": {"req": {"backend_type": "DirectFtdiDevice", "backend_instance_id": 1, "method_name": "set_timeouts", "args": {"read_timeout": "500"}}, "resp": {"exception": "None", "resp": "None"}}}, {"_id": "2021:10:08:10:54:12.295661", "Trace Message Type": "GenericMethodTraceMsg", "Trace Message": {"req": {"backend_type": "DirectFtdiDevice", "backend_instance_id": 1, "method_name": "read", "args": {"num_bytes": "10", "raw": "True"}}, "resp": {"exception": "None", "resp": "b'\\x80\\x03C\\n12 \\r1277\\r\\nq\\x00.'"}}}, {"_id": "2021:10:08:10:54:12.417338", "Trace Message Type": "GenericMethodTraceMsg", "Trace Message": {"req": {"backend_type": "DirectFtdiDevice", "backend_instance_id": 1, "method_name": "set_timeouts", "args": {"read_timeout": "500"}}, "resp": {"exception": "None", "resp": "None"}}}, {"_id": "2021:10:08:10:54:12.541004", "Trace Message Type": "GenericMethodTraceMsg", "Trace Message": {"req": {"backend_type": "DirectFtdiDevice", "backend_instance_id": 1, "method_name": "set_timeouts", "args": {"read_timeout": "500"}}, "resp": {"exception": "None", "resp": "None"}}}, {"_id": "2021:10:08:10:54:12.659686", "Trace Message Type": "GenericMethodTraceMsg", "Trace Message": {"req": {"backend_type": "DirectFtdiDevice", "backend_instance_id": 1, "method_name": "write", "args": {"data": {"network_address": "@1", "99": "99", "crc": "1B0A", "sequence_no": "55", "command_name": "CURR", "flags": {}, "args": {"axis": "0"}, "command": ""}}}, "resp": {"exception": "None", "resp": "None"}}}, {"_id": "2021:10:08:10:54:12.783193", "Trace Message Type": "GenericMethodTraceMsg", "Trace Message": {"req": {"backend_type": "DirectFtdiDevice", "backend_instance_id": 1, "method_name": "set_timeouts", "args": {"read_timeout": "500"}}, "resp": {"exception": "None", "resp": "None"}}}, {"_id": "2021:10:08:10:54:12.904871", "Trace Message Type": "GenericMethodTraceMsg", "Trace Message": {"req": {"backend_type": "DirectFtdiDevice", "backend_instance_id": 1, "method_name": "get_input_size", "args": {}}, "resp": {"exception": "None", "resp": "10"}}}, {"_id": "2021:10:08:10:54:13.049484", "Trace Message Type": "GenericMethodTraceMsg", "Trace Message": {"req": {"backend_type": "DirectFtdiDevice", "backend_instance_id": 1, "method_name": "set_timeouts", "args": {"read_timeout": "500"}}, "resp": {"exception": "None", "resp": "None"}}}, {"_id": "2021:10:08:10:54:13.207068", "Trace Message Type": "GenericMethodTraceMsg", "Trace Message": {"req": {"backend_type": "DirectFtdiDevice", "backend_instance_id": 1, "method_name": "read", "args": {"num_bytes": "10", "raw": "True"}}, "resp": {"exception": "None", "resp": "b'\\x80\\x03C\\n42 \\rDE77\\r\\nq\\x00.'"}}}, {"_id": "2021:10:08:10:54:13.328739", "Trace Message Type": "GenericMethodTraceMsg", "Trace Message": {"req": {"backend_type": "DirectFtdiDevice", "backend_instance_id": 1, "method_name": "set_timeouts", "args": {"read_timeout": "500"}}, "resp": {"exception": "None", "resp": "None"}}}, {"_id": "2021:10:08:10:54:13.447522", "Trace Message Type": "GenericMethodTraceMsg", "Trace Message": {"req": {"backend_type": "DirectFtdiDevice", "backend_instance_id": 1, "method_name": "set_timeouts", "args": {"read_timeout": "500"}}, "resp": {"exception": "None", "resp": "None"}}}, {"_id": "2021:10:08:10:54:13.559227", "Trace Message Type": "GenericMethodTraceMsg", "Trace Message": {"req": {"backend_type": "DirectFtdiDevice", "backend_instance_id": 1, "method_name": "write", "args": {"data": {"network_address": "@1", "99": "99", "crc": "7B13", "sequence_no": "57", "command_name": "CURR", "flags": {}, "args": {"axis": "0"}, "command": ""}}}, "resp": {"exception": "None", "resp": "None"}}}, {"_id": "2021:10:08:10:54:13.685888", "Trace Message Type": "GenericMethodTraceMsg", "Trace Message": {"req": {"backend_type": "DirectFtdiDevice", "backend_instance_id": 1, "method_name": "set_timeouts", "args": {"read_timeout": "500"}}, "resp": {"exception": "None", "resp": "None"}}}, {"_id": "2021:10:08:10:54:13.810555", "Trace Message Type": "GenericMethodTraceMsg", "Trace Message": {"req": {"backend_type": "DirectFtdiDevice", "backend_instance_id": 1, "method_name": "get_input_size", "args": {}}, "resp": {"exception": "None", "resp": "9"}}}, {"_id": "2021:10:08:10:54:13.938213", "Trace Message Type": "GenericMethodTraceMsg", "Trace Message": {"req": {"backend_type": "DirectFtdiDevice", "backend_instance_id": 1, "method_name": "set_timeouts", "args": {"read_timeout": "500"}}, "resp": {"exception": "None", "resp": "None"}}}, {"_id": "2021:10:08:10:54:14.065874", "Trace Message Type": "GenericMethodTraceMsg", "Trace Message": {"req": {"backend_type": "DirectFtdiDevice", "backend_instance_id": 1, "method_name": "read", "args": {"num_bytes": "9", "raw": "True"}}, "resp": {"exception": "None", "resp": "b'\\x80\\x03C\\t4 \\r0BE8\\r\\nq\\x00.'"}}}, {"_id": "2021:10:08:10:54:14.185288", "Trace Message Type": "GenericMethodTraceMsg", "Trace Message": {"req": {"backend_type": "DirectFtdiDevice", "backend_instance_id": 1, "method_name": "set_timeouts", "args": {"read_timeout": "500"}}, "resp": {"exception": "None", "resp": "None"}}}, {"_id": "2021:10:08:10:54:14.304903", "Trace Message Type": "GenericMethodTraceMsg", "Trace Message": {"req": {"backend_type": "DirectFtdiDevice", "backend_instance_id": 1, "method_name": "set_timeouts", "args": {"read_timeout": "500"}}, "resp": {"exception": "None", "resp": "None"}}}, {"_id": "2021:10:08:10:54:14.428574", "Trace Message Type": "GenericMethodTraceMsg", "Trace Message": {"req": {"backend_type": "DirectFtdiDevice", "backend_instance_id": 1, "method_name": "write", "args": {"data": {"network_address": "@1", "99": "99", "crc": "1B5F", "sequence_no": "59", "command_name": "CURR", "flags": {}, "args": {"axis": "0"}, "command": ""}}}, "resp": {"exception": "None", "resp": "None"}}}, {"_id": "2021:10:08:10:54:14.548284", "Trace Message Type": "GenericMethodTraceMsg", "Trace Message": {"req": {"backend_type": "DirectFtdiDevice", "backend_instance_id": 1, "method_name": "set_timeouts", "args": {"read_timeout": "500"}}, "resp": {"exception": "None", "resp": "None"}}}, {"_id": "2021:10:08:10:54:14.676649", "Trace Message Type": "GenericMethodTraceMsg", "Trace Message": {"req": {"backend_type": "DirectFtdiDevice", "backend_instance_id": 1, "method_name": "get_input_size", "args": {}}, "resp": {"exception": "None", "resp": "10"}}}, {"_id": "2021:10:08:10:54:14.800370", "Trace Message Type": "GenericMethodTraceMsg", "Trace Message": {"req": {"backend_type": "DirectFtdiDevice", "backend_instance_id": 1, "method_name": "set_timeouts", "args": {"read_timeout": "500"}}, "resp": {"exception": "None", "resp": "None"}}}, {"_id": "2021:10:08:10:54:14.917998", "Trace Message Type": "GenericMethodTraceMsg", "Trace Message": {"req": {"backend_type": "DirectFtdiDevice", "backend_instance_id": 1, "method_name": "read", "args": {"num_bytes": "10", "raw": "True"}}, "resp": {"exception": "None", "resp": "b'\\x80\\x03C\\n-3 \\r4221\\r\\nq\\x00.'"}}}, {"_id": "2021:10:08:10:54:15.037678", "Trace Message Type": "GenericMethodTraceMsg", "Trace Message": {"req": {"backend_type": "DirectFtdiDevice", "backend_instance_id": 1, "method_name": "set_timeouts", "args": {"read_timeout": "500"}}, "resp": {"exception": "None", "resp": "None"}}}, {"_id": "2021:10:08:10:54:15.046653", "Trace Message Type": "InitializeTraceMsg", "Trace Message": {"req": {"backend_type": "DirectFtdiDevice", "backend_instance_id": 2, "args": {"ftdi": "None"}, "stacktrace": "[<FrameSummary file C:\\Program Files\\JetBrains\\PyCharm Community Edition 2020.2.2\\plugins\\python-ce\\helpers\\pydev\\pydevd.py, line 2141 in <module>>, <FrameSummary file C:\\Program Files\\JetBrains\\PyCharm Community Edition 2020.2.2\\plugins\\python-ce\\helpers\\pydev\\pydevd.py, line 2132 in main>, <FrameSummary file C:\\Program Files\\JetBrains\\PyCharm Community Edition 2020.2.2\\plugins\\python-ce\\helpers\\pydev\\pydevd.py, line 1441 in run>, <FrameSummary file C:\\Program Files\\JetBrains\\PyCharm Community Edition 2020.2.2\\plugins\\python-ce\\helpers\\pydev\\pydevd.py, line 1448 in _exec>, <FrameSummary file C:\\Program Files\\JetBrains\\PyCharm Community Edition 2020.2.2\\plugins\\python-ce\\helpers\\pydev\\_pydev_imps\\_pydev_execfile.py, line 18 in execfile>, <FrameSummary file C:/Users/User/PycharmProjects/automated_solubility_h1/n9/experiments/main_solubility_duplicate.py, line 22 in <module>>, <FrameSummary file <frozen importlib._bootstrap>, line 1023 in _handle_fromlist>, <FrameSummary file <frozen importlib._bootstrap>, line 219 in _call_with_frames_removed>, <FrameSummary file <frozen importlib._bootstrap>, line 971 in _find_and_load>, <FrameSummary file <frozen importlib._bootstrap>, line 955 in _find_and_load_unlocked>, <FrameSummary file <frozen importlib._bootstrap>, line 665 in _load_unlocked>, <FrameSummary file <frozen importlib._bootstrap_external>, line 678 in exec_module>, <FrameSummary file <frozen importlib._bootstrap>, line 219 in _call_with_frames_removed>, <FrameSummary file C:\\Users\\User\\PycharmProjects\\automated_solubility_h1\\n9\\configuration\\deck.py, line 96 in <module>>, <FrameSummary file C:\\Users\\User\\PycharmProjects\\automated_solubility_h1\\venv\\lib\\site-packages\\ftdi_serial.py, line 418 in __init__>, <FrameSummary file C:\\Users\\User\\PycharmProjects\\automated_solubility_h1\\venv\\lib\\site-packages\\ftdi_serial.py, line 441 in connect>, <FrameSummary file C:\\Users\\User\\PycharmProjects\\automated_solubility_h1\\venv\\lib\\site-packages\\ftdi_serial.py, line 428 in open_device>, <FrameSummary file C:\\Users\\User\\PycharmProjects\\automated_solubility_h1\\venv\\lib\\site-packages\\niraapad\\backends.py, line 162 in __init__>, <FrameSummary file C:\\Users\\User\\PycharmProjects\\automated_solubility_h1\\venv\\lib\\site-packages\\niraapad\\lab_computer\\niraapad_client.py, line 399 in initialize>]"}, "resp": {"exception": "None"}}}, {"_id": "2021:10:08:10:54:15.433841", "Trace Message Type": "GenericMethodTraceMsg", "Trace Message": {"req": {"backend_type": "DirectFtdiDevice", "backend_instance_id": 2, "method_name": "reset", "args": {}}, "resp": {"exception": "None", "resp": "None"}}}, {"_id": "2021:10:08:10:54:15.557511", "Trace Message Type": "GenericMethodTraceMsg", "Trace Message": {"req": {"backend_type": "DirectFtdiDevice", "backend_instance_id": 2, "method_name": "set_baud_rate", "args": {"baudrate": "9600"}}, "resp": {"exception": "None", "resp": "None"}}}, {"_id": "2021:10:08:10:54:15.672433", "Trace Message Type": "GenericMethodTraceMsg", "Trace Message": {"req": {"backend_type": "DirectFtdiDevice", "backend_instance_id": 2, "method_name": "set_parameters", "args": {"data_bits": "0"}}, "resp": {"exception": "None", "resp": "None"}}}, {"_id": "2021:10:08:10:54:15.796108", "Trace Message Type": "GenericMethodTraceMsg", "Trace Message": {"req": {"backend_type": "DirectFtdiDevice", "backend_instance_id": 2, "method_name": "set_timeouts", "args": {"read_timeout": "5000"}}, "resp": {"exception": "None", "resp": "None"}}}, {"_id": "2021:10:08:10:54:15.805078", "Trace Message Type": "InitializeTraceMsg", "Trace Message": {"req": {"backend_type": "DirectPySerialDevice", "backend_instance_id": 3, "args": {"serial": "COM9"}, "stacktrace": "[<FrameSummary file C:\\Program Files\\JetBrains\\PyCharm Community Edition 2020.2.2\\plugins\\python-ce\\helpers\\pydev\\pydevd.py, line 2141 in <module>>, <FrameSummary file C:\\Program Files\\JetBrains\\PyCharm Community Edition 2020.2.2\\plugins\\python-ce\\helpers\\pydev\\pydevd.py, line 2132 in main>, <FrameSummary file C:\\Program Files\\JetBrains\\PyCharm Community Edition 2020.2.2\\plugins\\python-ce\\helpers\\pydev\\pydevd.py, line 1441 in run>, <FrameSummary file C:\\Program Files\\JetBrains\\PyCharm Community Edition 2020.2.2\\plugins\\python-ce\\helpers\\pydev\\pydevd.py, line 1448 in _exec>, <FrameSummary file C:\\Program Files\\JetBrains\\PyCharm Community Edition 2020.2.2\\plugins\\python-ce\\helpers\\pydev\\_pydev_imps\\_pydev_execfile.py, line 18 in execfile>, <FrameSummary file C:/Users/User/PycharmProjects/automated_solubility_h1/n9/experiments/main_solubility_duplicate.py, line 22 in <module>>, <FrameSummary file <frozen importlib._bootstrap>, line 1023 in _handle_fromlist>, <FrameSummary file <frozen importlib._bootstrap>, line 219 in _call_with_frames_removed>, <FrameSummary file <frozen importlib._bootstrap>, line 971 in _find_and_load>, <FrameSummary file <frozen importlib._bootstrap>, line 955 in _find_and_load_unlocked>, <FrameSummary file <frozen importlib._bootstrap>, line 665 in _load_unlocked>, <FrameSummary file <frozen importlib._bootstrap_external>, line 678 in exec_module>, <FrameSummary file <frozen importlib._bootstrap>, line 219 in _call_with_frames_removed>, <FrameSummary file C:\\Users\\User\\PycharmProjects\\automated_solubility_h1\\n9\\configuration\\deck.py, line 112 in <module>>, <FrameSummary file C:\\Users\\User\\PycharmProjects\\automated_solubility_h1\\venv\\lib\\site-packages\\ika\\magnetic_stirrer.py, line 152 in __init__>, <FrameSummary file C:\\Users\\User\\PycharmProjects\\automated_solubility_h1\\venv\\lib\\site-packages\\ika\\magnetic_stirrer.py, line 452 in connect>, <FrameSummary file C:\\Users\\User\\PycharmProjects\\automated_solubility_h1\\venv\\lib\\site-packages\\ftdi_serial.py, line 418 in __init__>, <FrameSummary file C:\\Users\\User\\PycharmProjects\\automated_solubility_h1\\venv\\lib\\site-packages\\ftdi_serial.py, line 441 in connect>, <FrameSummary file C:\\Users\\User\\PycharmProjects\\automated_solubility_h1\\venv\\lib\\site-packages\\ftdi_serial.py, line 426 in open_device>, <FrameSummary file C:\\Users\\User\\PycharmProjects\\automated_solubility_h1\\venv\\lib\\site-packages\\niraapad\\backends.py, line 224 in __init__>, <FrameSummary file C:\\Users\\User\\PycharmProjects\\automated_solubility_h1\\venv\\lib\\site-packages\\niraapad\\lab_computer\\niraapad_client.py, line 399 in initialize>]"}, "resp": {"exception": "None"}}}, {"_id": "2021:10:08:10:54:15.935729", "Trace Message Type": "GenericMethodTraceMsg", "Trace Message": {"req": {"backend_type": "DirectPySerialDevice", "backend_instance_id": 3, "method_name": "reset", "args": {}}, "resp": {"exception": "None", "resp": "None"}}}, {"_id": "2021:10:08:10:54:16.057408", "Trace Message Type": "GenericMethodTraceMsg", "Trace Message": {"req": {"backend_type": "DirectPySerialDevice", "backend_instance_id": 3, "method_name": "set_baud_rate", "args": {"baudrate": "9600"}}, "resp": {"exception": "None", "resp": "None"}}}, {"_id": "2021:10:08:10:54:16.188055", "Trace Message Type": "GenericMethodTraceMsg", "Trace Message": {"req": {"backend_type": "DirectPySerialDevice", "backend_instance_id": 3, "method_name": "set_parameters", "args": {"data_bits": "2"}}, "resp": {"exception": "None", "resp": "None"}}}, {"_id": "2021:10:08:10:54:16.316710", "Trace Message Type": "GenericMethodTraceMsg", "Trace Message": {"req": {"backend_type": "DirectPySerialDevice", "backend_instance_id": 3, "method_name": "set_timeouts", "args": {"read_timeout": "5000"}}, "resp": {"exception": "None", "resp": "None"}}}, {"_id": "2021:10:08:10:54:16.447360", "Trace Message Type": "GenericMethodTraceMsg", "Trace Message": {"req": {"backend_type": "DirectPySerialDevice", "backend_instance_id": 3, "method_name": "write", "args": {"data": {"command_name": "IN_NAME", "value": null}}}, "resp": {"exception": "None", "resp": "None"}}}, {"_id": "2021:10:08:10:54:16.571203", "Trace Message Type": "GenericMethodTraceMsg", "Trace Message": {"req": {"backend_type": "DirectPySerialDevice", "backend_instance_id": 3, "method_name": "get_input_size", "args": {}}, "resp": {"exception": "None", "resp": "13"}}}, {"_id": "2021:10:08:10:54:16.689819", "Trace Message Type": "GenericMethodTraceMsg", "Trace Message": {"req": {"backend_type": "DirectPySerialDevice", "backend_instance_id": 3, "method_name": "read", "args": {"num_bytes": "13", "raw": "True"}}, "resp": {"exception": "None", "resp": {"device_name": "RCT"}}}}, {"_id": "2021:10:08:10:54:16.843420", "Trace Message Type": "GenericMethodTraceMsg", "Trace Message": {"req": {"backend_type": "DirectPySerialDevice", "backend_instance_id": 3, "method_name": "write", "args": {"data": {"command_name": "IN_PV_1", "value": null}}}, "resp": {"exception": "None", "resp": "None"}}}, {"_id": "2021:10:08:10:54:16.969074", "Trace Message Type": "GenericMethodTraceMsg", "Trace Message": {"req": {"backend_type": "DirectPySerialDevice", "backend_instance_id": 3, "method_name": "get_input_size", "args": {}}, "resp": {"exception": "None", "resp": "8"}}}, {"_id": "2021:10:08:10:54:17.092956", "Trace Message Type": "GenericMethodTraceMsg", "Trace Message": {"req": {"backend_type": "DirectPySerialDevice", "backend_instance_id": 3, "method_name": "read", "args": {"num_bytes": "8", "raw": "True"}}, "resp": {"exception": "None", "resp": {"external_sensor_value": "24.2"}}}}, {"_id": "2021:10:08:10:54:17.211639", "Trace Message Type": "GenericMethodTraceMsg", "Trace Message": {"req": {"backend_type": "DirectPySerialDevice", "backend_instance_id": 3, "method_name": "write", "args": {"data": {"command_name": "IN_PV_2", "value": null}}}, "resp": {"exception": "None", "resp": "None"}}}, {"_id": "2021:10:08:10:54:17.328326", "Trace Message Type": "GenericMethodTraceMsg", "Trace Message": {"req": {"backend_type": "DirectPySerialDevice", "backend_instance_id": 3, "method_name": "get_input_size", "args": {}}, "resp": {"exception": "None", "resp": "8"}}}, {"_id": "2021:10:08:10:54:17.455299", "Trace Message Type": "GenericMethodTraceMsg", "Trace Message": {"req": {"backend_type": "DirectPySerialDevice", "backend_instance_id": 3, "method_name": "read", "args": {"num_bytes": "8", "raw": "True"}}, "resp": {"exception": "None", "resp": {"hotplate_sensor_value": "26.0"}}}}, {"_id": "2021:10:08:10:54:17.572105", "Trace Message Type": "GenericMethodTraceMsg", "Trace Message": {"req": {"backend_type": "DirectPySerialDevice", "backend_instance_id": 3, "method_name": "write", "args": {"data": {"command_name": "IN_SP_1", "value": null}}}, "resp": {"exception": "None", "resp": "None"}}}, {"_id": "2021:10:08:10:54:17.696779", "Trace Message Type": "GenericMethodTraceMsg", "Trace Message": {"req": {"backend_type": "DirectPySerialDevice", "backend_instance_id": 3, "method_name": "get_input_size", "args": {}}, "resp": {"exception": "None", "resp": "8"}}}, {"_id": "2021:10:08:10:54:17.820448", "Trace Message Type": "GenericMethodTraceMsg", "Trace Message": {"req": {"backend_type": "DirectPySerialDevice", "backend_instance_id": 3, "method_name": "read", "args": {"num_bytes": "8", "raw": "True"}}, "resp": {"exception": "None", "resp": {"rated_temperature_value": "22.0"}}}}, {"_id": "2021:10:08:10:54:17.950101", "Trace Message Type": "GenericMethodTraceMsg", "Trace Message": {"req": {"backend_type": "DirectPySerialDevice", "backend_instance_id": 3, "method_name": "write", "args": {"data": {"command_name": "IN_PV_4", "value": null}}}, "resp": {"exception": "None", "resp": "None"}}}, {"_id": "2021:10:08:10:54:18.081749", "Trace Message Type": "GenericMethodTraceMsg", "Trace Message": {"req": {"backend_type": "DirectPySerialDevice", "backend_instance_id": 3, "method_name": "get_input_size", "args": {}}, "resp": {"exception": "None", "resp": "7"}}}, {"_id": "2021:10:08:10:54:18.206676", "Trace Message Type": "GenericMethodTraceMsg", "Trace Message": {"req": {"backend_type": "DirectPySerialDevice", "backend_instance_id": 3, "method_name": "read", "args": {"num_bytes": "7", "raw": "True"}}, "resp": {"exception": "None", "resp": {"stirring_speed_value": "0.0"}}}}, {"_id": "2021:10:08:10:54:18.330524", "Trace Message Type": "GenericMethodTraceMsg", "Trace Message": {"req": {"backend_type": "DirectPySerialDevice", "backend_instance_id": 3, "method_name": "write", "args": {"data": {"command_name": "IN_SP_4", "value": null}}}, "resp": {"exception": "None", "resp": "None"}}}, {"_id": "2021:10:08:10:54:18.452157", "Trace Message Type": "GenericMethodTraceMsg", "Trace Message": {"req": {"backend_type": "DirectPySerialDevice", "backend_instance_id": 3, "method_name": "get_input_size", "args": {}}, "resp": {"exception": "None", "resp": "9"}}}, {"_id": "2021:10:08:10:54:18.596806", "Trace Message Type": "GenericMethodTraceMsg", "Trace Message": {"req": {"backend_type": "DirectPySerialDevice", "backend_instance_id": 3, "method_name": "read", "args": {"num_bytes": "9", "raw": "True"}}, "resp": {"exception": "None", "resp": {"speed_value": "400.0"}}}}, {"_id": "2021:10:08:10:54:18.782275", "Trace Message Type": "GenericMethodTraceMsg", "Trace Message": {"req": {"backend_type": "DirectPySerialDevice", "backend_instance_id": 3, "method_name": "write", "args": {"data": {"command_name": "STOP_4", "value": null}}}, "resp": {"exception": "None", "resp": "None"}}}, {"_id": "2021:10:08:10:54:18.953811", "Trace Message Type": "GenericMethodTraceMsg", "Trace Message": {"req": {"backend_type": "DirectPySerialDevice", "backend_instance_id": 3, "method_name": "write", "args": {"data": {"command_name": "STOP_1", "value": null}}}, "resp": {"exception": "None", "resp": "None"}}}, {"_id": "2021:10:08:10:54:34.257263", "Trace Message Type": "InitializeTraceMsg", "Trace Message": {"req": {"backend_type": "DirectUR3Arm", "backend_instance_id": 4, "args": {"host": "192.168.254.88", "default_velocity": "250", "max_velocity": "500", "position_units": "Units.MILLIMETERS", "default_joint_velocity": "20.0", "max_joint_velocity": "180.0", "gripper_default_velocity": "0.5", "gripper_default_force": "0.5", "gripper_id": "1", "gripper_base_port": "63352", "gripper_connect": "True", "connect": "True"}, "stacktrace": "[<FrameSummary file C:\\Program Files\\JetBrains\\PyCharm Community Edition 2020.2.2\\plugins\\python-ce\\helpers\\pydev\\pydevd.py, line 2141 in <module>>, <FrameSummary file C:\\Program Files\\JetBrains\\PyCharm Community Edition 2020.2.2\\plugins\\python-ce\\helpers\\pydev\\pydevd.py, line 2132 in main>, <FrameSummary file C:\\Program Files\\JetBrains\\PyCharm Community Edition 2020.2.2\\plugins\\python-ce\\helpers\\pydev\\pydevd.py, line 1441 in run>, <FrameSummary file C:\\Program Files\\JetBrains\\PyCharm Community Edition 2020.2.2\\plugins\\python-ce\\helpers\\pydev\\pydevd.py, line 1448 in _exec>, <FrameSummary file C:\\Program Files\\JetBrains\\PyCharm Community Edition 2020.2.2\\plugins\\python-ce\\helpers\\pydev\\_pydev_imps\\_pydev_execfile.py, line 18 in execfile>, <FrameSummary file C:/Users/User/PycharmProjects/automated_solubility_h1/n9/experiments/main_solubility_duplicate.py, line 24 in <module>>, <FrameSummary file <frozen importlib._bootstrap>, line 971 in _find_and_load>, <FrameSummary file <frozen importlib._bootstrap>, line 955 in _find_and_load_unlocked>, <FrameSummary file <frozen importlib._bootstrap>, line 665 in _load_unlocked>, <FrameSummary file <frozen importlib._bootstrap_external>, line 678 in exec_module>, <FrameSummary file <frozen importlib._bootstrap>, line 219 in _call_with_frames_removed>, <FrameSummary file C:\\Users\\User\\PycharmProjects\\automated_solubility_h1\\ur\\configuration\\ur_deck.py, line 2 in <module>>, <FrameSummary file C:\\Users\\User\\PycharmProjects\\automated_solubility_h1\\venv\\lib\\site-packages\\niraapad\\backends.py, line 365 in __init__>, <FrameSummary file C:\\Users\\User\\PycharmProjects\\automated_solubility_h1\\venv\\lib\\site-packages\\niraapad\\lab_computer\\niraapad_client.py, line 399 in initialize>]"}, "resp": {"exception": "None"}}}]}