{"Traces": [{"_id": "2021:09:24:12:34:16.957837", "Trace Message Type": "DeleteConnectionTraceMsg", "Trace Message": {"req": {}, "resp": {"exception": "None"}}}, {"_id": "2021:09:24:12:34:16.961826", "Trace Message Type": "InitializeConnectionTraceMsg", "Trace Message": {"req": {}, "resp": {"exception": "None"}}}, {"_id": "2021:09:24:12:34:27.257214", "Trace Message Type": "InitializeTraceMsg", "Trace Message": {"req": {"backend_type": "DirectFtdiDevice", "backend_instance_id": 1, "args": {"ftdi": "None"}, "stacktrace": "[<FrameSummary file C:\\Program Files\\JetBrains\\PyCharm Community Edition 2020.2.2\\plugins\\python-ce\\helpers\\pydev\\pydevd.py, line 2141 in <module>>, <FrameSummary file C:\\Program Files\\JetBrains\\PyCharm Community Edition 2020.2.2\\plugins\\python-ce\\helpers\\pydev\\pydevd.py, line 2132 in main>, <FrameSummary file C:\\Program Files\\JetBrains\\PyCharm Community Edition 2020.2.2\\plugins\\python-ce\\helpers\\pydev\\pydevd.py, line 1441 in run>, <FrameSummary file C:\\Program Files\\JetBrains\\PyCharm Community Edition 2020.2.2\\plugins\\python-ce\\helpers\\pydev\\pydevd.py, line 1448 in _exec>, <FrameSummary file C:\\Program Files\\JetBrains\\PyCharm Community Edition 2020.2.2\\plugins\\python-ce\\helpers\\pydev\\_pydev_imps\\_pydev_execfile.py, line 18 in execfile>, <FrameSummary file C:/Users/User/PycharmProjects/automated_solubility_h1/n9/experiments/main_solubility_duplicate.py, line 20 in <module>>, <FrameSummary file <frozen importlib._bootstrap>, line 1023 in _handle_fromlist>, <FrameSummary file <frozen importlib._bootstrap>, line 219 in _call_with_frames_removed>, <FrameSummary file <frozen importlib._bootstrap>, line 971 in _find_and_load>, <FrameSummary file <frozen importlib._bootstrap>, line 955 in _find_and_load_unlocked>, <FrameSummary file <frozen importlib._bootstrap>, line 665 in _load_unlocked>, <FrameSummary file <frozen importlib._bootstrap_external>, line 678 in exec_module>, <FrameSummary file <frozen importlib._bootstrap>, line 219 in _call_with_frames_removed>, <FrameSummary file C:\\Users\\User\\PycharmProjects\\automated_solubility_h1\\n9\\configuration\\deck.py, line 64 in <module>>, <FrameSummary file C:\\Users\\User\\PycharmProjects\\automated_solubility_h1\\venv\\lib\\site-packages\\north_c9\\controller.py, line 208 in __init__>, <FrameSummary file C:\\Users\\User\\PycharmProjects\\automated_solubility_h1\\venv\\lib\\site-packages\\ftdi_serial.py, line 418 in __init__>, <FrameSummary file C:\\Users\\User\\PycharmProjects\\automated_solubility_h1\\venv\\lib\\site-packages\\ftdi_serial.py, line 441 in connect>, <FrameSummary file C:\\Users\\User\\PycharmProjects\\automated_solubility_h1\\venv\\lib\\site-packages\\ftdi_serial.py, line 428 in open_device>, <FrameSummary file C:\\Users\\User\\PycharmProjects\\automated_solubility_h1\\venv\\lib\\site-packages\\niraapad\\backends.py, line 244 in __init__>, <FrameSummary file C:\\Users\\User\\PycharmProjects\\automated_solubility_h1\\venv\\lib\\site-packages\\niraapad\\lab_computer\\niraapad_client.py, line 340 in initialize>]"}, "resp": {"exception": "None"}}}, {"_id": "2021:09:24:12:34:27.945094", "Trace Message Type": "GenericMethodTraceMsg", "Trace Message": {"req": {"backend_type": "DirectFtdiDevice", "backend_instance_id": 1, "method_name": "reset", "args": {}}, "resp": {"exception": "None", "resp": "None"}}}, {"_id": "2021:09:24:12:34:28.066921", "Trace Message Type": "GenericMethodTraceMsg", "Trace Message": {"req": {"backend_type": "DirectFtdiDevice", "backend_instance_id": 1, "method_name": "set_baud_rate", "args": {"baudrate": "115200"}}, "resp": {"exception": "None", "resp": "None"}}}, {"_id": "2021:09:24:12:34:28.184945", "Trace Message Type": "GenericMethodTraceMsg", "Trace Message": {"req": {"backend_type": "DirectFtdiDevice", "backend_instance_id": 1, "method_name": "set_parameters", "args": {"data_bits": "0"}}, "resp": {"exception": "None", "resp": "None"}}}, {"_id": "2021:09:24:12:34:28.303663", "Trace Message Type": "GenericMethodTraceMsg", "Trace Message": {"req": {"backend_type": "DirectFtdiDevice", "backend_instance_id": 1, "method_name": "set_timeouts", "args": {"read_timeout": "500"}}, "resp": {"exception": "None", "resp": "None"}}}, {"_id": "2021:09:24:12:34:28.425958", "Trace Message Type": "GenericMethodTraceMsg", "Trace Message": {"req": {"backend_type": "DirectFtdiDevice", "backend_instance_id": 1, "method_name": "set_timeouts", "args": {"read_timeout": "500"}}, "resp": {"exception": "None", "resp": "None"}}}, {"_id": "2021:09:24:12:34:28.544606", "Trace Message Type": "GenericMethodTraceMsg", "Trace Message": {"req": {"backend_type": "DirectFtdiDevice", "backend_instance_id": 1, "method_name": "write", "args": {"data": {"network_address": "@1", "99": "99", "crc": "C2C2", "sequence_no": "13", "command_name": "PING", "flags": {}, "args": {}, "command": ""}}}, "resp": {"exception": "None", "resp": "None"}}}, {"_id": "2021:09:24:12:34:28.667274", "Trace Message Type": "GenericMethodTraceMsg", "Trace Message": {"req": {"backend_type": "DirectFtdiDevice", "backend_instance_id": 1, "method_name": "set_timeouts", "args": {"read_timeout": "500"}}, "resp": {"exception": "None", "resp": "None"}}}, {"_id": "2021:09:24:12:34:28.788948", "Trace Message Type": "GenericMethodTraceMsg", "Trace Message": {"req": {"backend_type": "DirectFtdiDevice", "backend_instance_id": 1, "method_name": "get_input_size", "args": {}}, "resp": {"exception": "None", "resp": "8"}}}, {"_id": "2021:09:24:12:34:28.910623", "Trace Message Type": "GenericMethodTraceMsg", "Trace Message": {"req": {"backend_type": "DirectFtdiDevice", "backend_instance_id": 1, "method_name": "set_timeouts", "args": {"read_timeout": "500"}}, "resp": {"exception": "None", "resp": "None"}}}, {"_id": "2021:09:24:12:34:29.028411", "Trace Message Type": "GenericMethodTraceMsg", "Trace Message": {"req": {"backend_type": "DirectFtdiDevice", "backend_instance_id": 1, "method_name": "read", "args": {"num_bytes": "8", "raw": "True"}}, "resp": {"exception": "None", "resp": "b'\\x80\\x03C\\x08\\x00\\r857E\\r\\nq\\x00.'"}}}, {"_id": "2021:09:24:12:34:29.147150", "Trace Message Type": "GenericMethodTraceMsg", "Trace Message": {"req": {"backend_type": "DirectFtdiDevice", "backend_instance_id": 1, "method_name": "set_timeouts", "args": {"read_timeout": "500"}}, "resp": {"exception": "None", "resp": "None"}}}, {"_id": "2021:09:24:12:34:29.370988", "Trace Message Type": "GenericMethodTraceMsg", "Trace Message": {"req": {"backend_type": "DirectFtdiDevice", "backend_instance_id": 1, "method_name": "set_timeouts", "args": {"read_timeout": "500"}}, "resp": {"exception": "None", "resp": "None"}}}, {"_id": "2021:09:24:12:34:29.494819", "Trace Message Type": "GenericMethodTraceMsg", "Trace Message": {"req": {"backend_type": "DirectFtdiDevice", "backend_instance_id": 1, "method_name": "write", "args": {"data": {"network_address": "@1", "99": "99", "crc": "11DC", "sequence_no": "3", "command_name": "BIAS", "flags": {}, "args": {}, "command": ""}}}, "resp": {"exception": "None", "resp": "None"}}}, {"_id": "2021:09:24:12:34:29.610206", "Trace Message Type": "GenericMethodTraceMsg", "Trace Message": {"req": {"backend_type": "DirectFtdiDevice", "backend_instance_id": 1, "method_name": "set_timeouts", "args": {"read_timeout": "500"}}, "resp": {"exception": "None", "resp": "None"}}}, {"_id": "2021:09:24:12:34:29.733880", "Trace Message Type": "GenericMethodTraceMsg", "Trace Message": {"req": {"backend_type": "DirectFtdiDevice", "backend_instance_id": 1, "method_name": "get_input_size", "args": {}}, "resp": {"exception": "None", "resp": "9"}}}, {"_id": "2021:09:24:12:34:29.863968", "Trace Message Type": "GenericMethodTraceMsg", "Trace Message": {"req": {"backend_type": "DirectFtdiDevice", "backend_instance_id": 1, "method_name": "set_timeouts", "args": {"read_timeout": "500"}}, "resp": {"exception": "None", "resp": "None"}}}, {"_id": "2021:09:24:12:34:30.008582", "Trace Message Type": "GenericMethodTraceMsg", "Trace Message": {"req": {"backend_type": "DirectFtdiDevice", "backend_instance_id": 1, "method_name": "read", "args": {"num_bytes": "9", "raw": "True"}}, "resp": {"exception": "None", "resp": "b'\\x80\\x03C\\t2 \\r0A08\\r\\nq\\x00.'"}}}, {"_id": "2021:09:24:12:34:30.153482", "Trace Message Type": "GenericMethodTraceMsg", "Trace Message": {"req": {"backend_type": "DirectFtdiDevice", "backend_instance_id": 1, "method_name": "set_timeouts", "args": {"read_timeout": "500"}}, "resp": {"exception": "None", "resp": "None"}}}, {"_id": "2021:09:24:12:34:30.311347", "Trace Message Type": "GenericMethodTraceMsg", "Trace Message": {"req": {"backend_type": "DirectFtdiDevice", "backend_instance_id": 1, "method_name": "set_timeouts", "args": {"read_timeout": "500"}}, "resp": {"exception": "None", "resp": "None"}}}, {"_id": "2021:09:24:12:34:30.431021", "Trace Message Type": "GenericMethodTraceMsg", "Trace Message": {"req": {"backend_type": "DirectFtdiDevice", "backend_instance_id": 1, "method_name": "write", "args": {"data": {"network_address": "@1", "99": "99", "crc": "8534", "sequence_no": "15", "command_name": "SPED", "flags": {}, "args": {"velocity": "20000", "acceleration": "20000"}, "command": ""}}}, "resp": {"exception": "None", "resp": "None"}}}, {"_id": "2021:09:24:12:34:30.552941", "Trace Message Type": "GenericMethodTraceMsg", "Trace Message": {"req": {"backend_type": "DirectFtdiDevice", "backend_instance_id": 1, "method_name": "set_timeouts", "args": {"read_timeout": "500"}}, "resp": {"exception": "None", "resp": "None"}}}, {"_id": "2021:09:24:12:34:30.670629", "Trace Message Type": "GenericMethodTraceMsg", "Trace Message": {"req": {"backend_type": "DirectFtdiDevice", "backend_instance_id": 1, "method_name": "get_input_size", "args": {}}, "resp": {"exception": "None", "resp": "19"}}}, {"_id": "2021:09:24:12:34:30.800320", "Trace Message Type": "GenericMethodTraceMsg", "Trace Message": {"req": {"backend_type": "DirectFtdiDevice", "backend_instance_id": 1, "method_name": "set_timeouts", "args": {"read_timeout": "500"}}, "resp": {"exception": "None", "resp": "None"}}}, {"_id": "2021:09:24:12:34:30.920959", "Trace Message Type": "GenericMethodTraceMsg", "Trace Message": {"req": {"backend_type": "DirectFtdiDevice", "backend_instance_id": 1, "method_name": "read", "args": {"num_bytes": "19", "raw": "True"}}, "resp": {"exception": "None", "resp": "b'\\x80\\x03C\\x1320000 20000 \\rC22D\\r\\nq\\x00.'"}}}, {"_id": "2021:09:24:12:34:31.049670", "Trace Message Type": "GenericMethodTraceMsg", "Trace Message": {"req": {"backend_type": "DirectFtdiDevice", "backend_instance_id": 1, "method_name": "set_timeouts", "args": {"read_timeout": "500"}}, "resp": {"exception": "None", "resp": "None"}}}, {"_id": "2021:09:24:12:34:31.178534", "Trace Message Type": "GenericMethodTraceMsg", "Trace Message": {"req": {"backend_type": "DirectFtdiDevice", "backend_instance_id": 1, "method_name": "set_timeouts", "args": {"read_timeout": "500"}}, "resp": {"exception": "None", "resp": "None"}}}, {"_id": "2021:09:24:12:34:31.302213", "Trace Message Type": "GenericMethodTraceMsg", "Trace Message": {"req": {"backend_type": "DirectFtdiDevice", "backend_instance_id": 1, "method_name": "write", "args": {"data": {"network_address": "@1", "99": "99", "crc": "0DC4", "sequence_no": "17", "command_name": "BIAS", "flags": {}, "args": {"bias": "0"}, "command": ""}}}, "resp": {"exception": "None", "resp": "None"}}}, {"_id": "2021:09:24:12:34:31.426377", "Trace Message Type": "GenericMethodTraceMsg", "Trace Message": {"req": {"backend_type": "DirectFtdiDevice", "backend_instance_id": 1, "method_name": "set_timeouts", "args": {"read_timeout": "500"}}, "resp": {"exception": "None", "resp": "None"}}}, {"_id": "2021:09:24:12:34:31.550045", "Trace Message Type": "GenericMethodTraceMsg", "Trace Message": {"req": {"backend_type": "DirectFtdiDevice", "backend_instance_id": 1, "method_name": "get_input_size", "args": {}}, "resp": {"exception": "None", "resp": "9"}}}, {"_id": "2021:09:24:12:34:31.671718", "Trace Message Type": "GenericMethodTraceMsg", "Trace Message": {"req": {"backend_type": "DirectFtdiDevice", "backend_instance_id": 1, "method_name": "set_timeouts", "args": {"read_timeout": "500"}}, "resp": {"exception": "None", "resp": "None"}}}, {"_id": "2021:09:24:12:34:31.794883", "Trace Message Type": "GenericMethodTraceMsg", "Trace Message": {"req": {"backend_type": "DirectFtdiDevice", "backend_instance_id": 1, "method_name": "read", "args": {"num_bytes": "9", "raw": "True"}}, "resp": {"exception": "None", "resp": "b'\\x80\\x03C\\t0 \\rCAA9\\r\\nq\\x00.'"}}}, {"_id": "2021:09:24:12:34:31.925638", "Trace Message Type": "GenericMethodTraceMsg", "Trace Message": {"req": {"backend_type": "DirectFtdiDevice", "backend_instance_id": 1, "method_name": "set_timeouts", "args": {"read_timeout": "500"}}, "resp": {"exception": "None", "resp": "None"}}}, {"_id": "2021:09:24:12:34:32.058722", "Trace Message Type": "GenericMethodTraceMsg", "Trace Message": {"req": {"backend_type": "DirectFtdiDevice", "backend_instance_id": 1, "method_name": "set_timeouts", "args": {"read_timeout": "500"}}, "resp": {"exception": "None", "resp": "None"}}}, {"_id": "2021:09:24:12:34:32.178363", "Trace Message Type": "GenericMethodTraceMsg", "Trace Message": {"req": {"backend_type": "DirectFtdiDevice", "backend_instance_id": 1, "method_name": "write", "args": {"data": {"network_address": "@1", "99": "99", "crc": "DB87", "sequence_no": "19", "command_name": "HOME", "flags": {"if_needed": "1"}, "args": {}, "command": ""}}}, "resp": {"exception": "None", "resp": "None"}}}, {"_id": "2021:09:24:12:34:32.311008", "Trace Message Type": "GenericMethodTraceMsg", "Trace Message": {"req": {"backend_type": "DirectFtdiDevice", "backend_instance_id": 1, "method_name": "set_timeouts", "args": {"read_timeout": "500"}}, "resp": {"exception": "None", "resp": "None"}}}, {"_id": "2021:09:24:12:34:32.446797", "Trace Message Type": "GenericMethodTraceMsg", "Trace Message": {"req": {"backend_type": "DirectFtdiDevice", "backend_instance_id": 1, "method_name": "get_input_size", "args": {}}, "resp": {"exception": "None", "resp": "28"}}}, {"_id": "2021:09:24:12:34:32.569610", "Trace Message Type": "GenericMethodTraceMsg", "Trace Message": {"req": {"backend_type": "DirectFtdiDevice", "backend_instance_id": 1, "method_name": "set_timeouts", "args": {"read_timeout": "500"}}, "resp": {"exception": "None", "resp": "None"}}}, {"_id": "2021:09:24:12:34:32.692413", "Trace Message Type": "GenericMethodTraceMsg", "Trace Message": {"req": {"backend_type": "DirectFtdiDevice", "backend_instance_id": 1, "method_name": "read", "args": {"num_bytes": "28", "raw": "True"}}, "resp": {"exception": "None", "resp": "b'\\x80\\x03C\\x1c1168 3502 26926 1000 \\r9C4D\\r\\nq\\x00.'"}}}, {"_id": "2021:09:24:12:34:32.806315", "Trace Message Type": "GenericMethodTraceMsg", "Trace Message": {"req": {"backend_type": "DirectFtdiDevice", "backend_instance_id": 1, "method_name": "set_timeouts", "args": {"read_timeout": "500"}}, "resp": {"exception": "None", "resp": "None"}}}, {"_id": "2021:09:24:12:34:32.944217", "Trace Message Type": "GenericMethodTraceMsg", "Trace Message": {"req": {"backend_type": "DirectFtdiDevice", "backend_instance_id": 1, "method_name": "set_timeouts", "args": {"read_timeout": "500"}}, "resp": {"exception": "None", "resp": "None"}}}, {"_id": "2021:09:24:12:34:33.083069", "Trace Message Type": "GenericMethodTraceMsg", "Trace Message": {"req": {"backend_type": "DirectFtdiDevice", "backend_instance_id": 1, "method_name": "write", "args": {"data": {"network_address": "@1", "99": "99", "crc": "0189", "sequence_no": "21", "command_name": "CURR", "flags": {}, "args": {"axis": "0"}, "command": ""}}}, "resp": {"exception": "None", "resp": "None"}}}, {"_id": "2021:09:24:12:34:33.210965", "Trace Message Type": "GenericMethodTraceMsg", "Trace Message": {"req": {"backend_type": "DirectFtdiDevice", "backend_instance_id": 1, "method_name": "set_timeouts", "args": {"read_timeout": "500"}}, "resp": {"exception": "None", "resp": "None"}}}, {"_id": "2021:09:24:12:34:33.332801", "Trace Message Type": "GenericMethodTraceMsg", "Trace Message": {"req": {"backend_type": "DirectFtdiDevice", "backend_instance_id": 1, "method_name": "get_input_size", "args": {}}, "resp": {"exception": "None", "resp": "11"}}}, {"_id": "2021:09:24:12:34:33.457467", "Trace Message Type": "GenericMethodTraceMsg", "Trace Message": {"req": {"backend_type": "DirectFtdiDevice", "backend_instance_id": 1, "method_name": "set_timeouts", "args": {"read_timeout": "500"}}, "resp": {"exception": "None", "resp": "None"}}}, {"_id": "2021:09:24:12:34:33.579520", "Trace Message Type": "GenericMethodTraceMsg", "Trace Message": {"req": {"backend_type": "DirectFtdiDevice", "backend_instance_id": 1, "method_name": "read", "args": {"num_bytes": "11", "raw": "True"}}, "resp": {"exception": "None", "resp": "b'\\x80\\x03C\\x0b-95 \\r914C\\r\\nq\\x00.'"}}}, {"_id": "2021:09:24:12:34:33.698342", "Trace Message Type": "GenericMethodTraceMsg", "Trace Message": {"req": {"backend_type": "DirectFtdiDevice", "backend_instance_id": 1, "method_name": "set_timeouts", "args": {"read_timeout": "500"}}, "resp": {"exception": "None", "resp": "None"}}}, {"_id": "2021:09:24:12:34:33.824178", "Trace Message Type": "GenericMethodTraceMsg", "Trace Message": {"req": {"backend_type": "DirectFtdiDevice", "backend_instance_id": 1, "method_name": "set_timeouts", "args": {"read_timeout": "500"}}, "resp": {"exception": "None", "resp": "None"}}}, {"_id": "2021:09:24:12:34:33.948208", "Trace Message Type": "GenericMethodTraceMsg", "Trace Message": {"req": {"backend_type": "DirectFtdiDevice", "backend_instance_id": 1, "method_name": "write", "args": {"data": {"network_address": "@1", "99": "99", "crc": "6190", "sequence_no": "23", "command_name": "CURR", "flags": {}, "args": {"axis": "0"}, "command": ""}}}, "resp": {"exception": "None", "resp": "None"}}}, {"_id": "2021:09:24:12:34:34.074085", "Trace Message Type": "GenericMethodTraceMsg", "Trace Message": {"req": {"backend_type": "DirectFtdiDevice", "backend_instance_id": 1, "method_name": "set_timeouts", "args": {"read_timeout": "500"}}, "resp": {"exception": "None", "resp": "None"}}}, {"_id": "2021:09:24:12:34:34.217693", "Trace Message Type": "GenericMethodTraceMsg", "Trace Message": {"req": {"backend_type": "DirectFtdiDevice", "backend_instance_id": 1, "method_name": "get_input_size", "args": {}}, "resp": {"exception": "None", "resp": "11"}}}, {"_id": "2021:09:24:12:34:34.350338", "Trace Message Type": "GenericMethodTraceMsg", "Trace Message": {"req": {"backend_type": "DirectFtdiDevice", "backend_instance_id": 1, "method_name": "set_timeouts", "args": {"read_timeout": "500"}}, "resp": {"exception": "None", "resp": "None"}}}, {"_id": "2021:09:24:12:34:34.474480", "Trace Message Type": "GenericMethodTraceMsg", "Trace Message": {"req": {"backend_type": "DirectFtdiDevice", "backend_instance_id": 1, "method_name": "read", "args": {"num_bytes": "11", "raw": "True"}}, "resp": {"exception": "None", "resp": "b'\\x80\\x03C\\x0b-55 \\rC14F\\r\\nq\\x00.'"}}}, {"_id": "2021:09:24:12:34:34.596326", "Trace Message Type": "GenericMethodTraceMsg", "Trace Message": {"req": {"backend_type": "DirectFtdiDevice", "backend_instance_id": 1, "method_name": "set_timeouts", "args": {"read_timeout": "500"}}, "resp": {"exception": "None", "resp": "None"}}}, {"_id": "2021:09:24:12:34:34.725980", "Trace Message Type": "GenericMethodTraceMsg", "Trace Message": {"req": {"backend_type": "DirectFtdiDevice", "backend_instance_id": 1, "method_name": "set_timeouts", "args": {"read_timeout": "500"}}, "resp": {"exception": "None", "resp": "None"}}}, {"_id": "2021:09:24:12:34:34.847652", "Trace Message Type": "GenericMethodTraceMsg", "Trace Message": {"req": {"backend_type": "DirectFtdiDevice", "backend_instance_id": 1, "method_name": "write", "args": {"data": {"network_address": "@1", "99": "99", "crc": "C1BB", "sequence_no": "25", "command_name": "CURR", "flags": {}, "args": {"axis": "0"}, "command": ""}}}, "resp": {"exception": "None", "resp": "None"}}}, {"_id": "2021:09:24:12:34:34.975707", "Trace Message Type": "GenericMethodTraceMsg", "Trace Message": {"req": {"backend_type": "DirectFtdiDevice", "backend_instance_id": 1, "method_name": "set_timeouts", "args": {"read_timeout": "500"}}, "resp": {"exception": "None", "resp": "None"}}}, {"_id": "2021:09:24:12:34:35.100724", "Trace Message Type": "GenericMethodTraceMsg", "Trace Message": {"req": {"backend_type": "DirectFtdiDevice", "backend_instance_id": 1, "method_name": "get_input_size", "args": {}}, "resp": {"exception": "None", "resp": "10"}}}, {"_id": "2021:09:24:12:34:35.242704", "Trace Message Type": "GenericMethodTraceMsg", "Trace Message": {"req": {"backend_type": "DirectFtdiDevice", "backend_instance_id": 1, "method_name": "set_timeouts", "args": {"read_timeout": "500"}}, "resp": {"exception": "None", "resp": "None"}}}, {"_id": "2021:09:24:12:34:35.369333", "Trace Message Type": "GenericMethodTraceMsg", "Trace Message": {"req": {"backend_type": "DirectFtdiDevice", "backend_instance_id": 1, "method_name": "read", "args": {"num_bytes": "10", "raw": "True"}}, "resp": {"exception": "None", "resp": "b'\\x80\\x03C\\n-8 \\r8050\\r\\nq\\x00.'"}}}, {"_id": "2021:09:24:12:34:35.488432", "Trace Message Type": "GenericMethodTraceMsg", "Trace Message": {"req": {"backend_type": "DirectFtdiDevice", "backend_instance_id": 1, "method_name": "set_timeouts", "args": {"read_timeout": "500"}}, "resp": {"exception": "None", "resp": "None"}}}, {"_id": "2021:09:24:12:34:35.617087", "Trace Message Type": "GenericMethodTraceMsg", "Trace Message": {"req": {"backend_type": "DirectFtdiDevice", "backend_instance_id": 1, "method_name": "set_timeouts", "args": {"read_timeout": "500"}}, "resp": {"exception": "None", "resp": "None"}}}, {"_id": "2021:09:24:12:34:35.747694", "Trace Message Type": "GenericMethodTraceMsg", "Trace Message": {"req": {"backend_type": "DirectFtdiDevice", "backend_instance_id": 1, "method_name": "write", "args": {"data": {"network_address": "@1", "99": "99", "crc": "A1A2", "sequence_no": "27", "command_name": "CURR", "flags": {}, "args": {"axis": "0"}, "command": ""}}}, "resp": {"exception": "None", "resp": "None"}}}, {"_id": "2021:09:24:12:34:35.875623", "Trace Message Type": "GenericMethodTraceMsg", "Trace Message": {"req": {"backend_type": "DirectFtdiDevice", "backend_instance_id": 1, "method_name": "set_timeouts", "args": {"read_timeout": "500"}}, "resp": {"exception": "None", "resp": "None"}}}, {"_id": "2021:09:24:12:34:35.998294", "Trace Message Type": "GenericMethodTraceMsg", "Trace Message": {"req": {"backend_type": "DirectFtdiDevice", "backend_instance_id": 1, "method_name": "get_input_size", "args": {}}, "resp": {"exception": "None", "resp": "11"}}}, {"_id": "2021:09:24:12:34:36.130140", "Trace Message Type": "GenericMethodTraceMsg", "Trace Message": {"req": {"backend_type": "DirectFtdiDevice", "backend_instance_id": 1, "method_name": "set_timeouts", "args": {"read_timeout": "500"}}, "resp": {"exception": "None", "resp": "None"}}}, {"_id": "2021:09:24:12:34:36.262852", "Trace Message Type": "GenericMethodTraceMsg", "Trace Message": {"req": {"backend_type": "DirectFtdiDevice", "backend_instance_id": 1, "method_name": "read", "args": {"num_bytes": "11", "raw": "True"}}, "resp": {"exception": "None", "resp": "b'\\x80\\x03C\\x0b-37 \\r89EE\\r\\nq\\x00.'"}}}, {"_id": "2021:09:24:12:34:36.385714", "Trace Message Type": "GenericMethodTraceMsg", "Trace Message": {"req": {"backend_type": "DirectFtdiDevice", "backend_instance_id": 1, "method_name": "set_timeouts", "args": {"read_timeout": "500"}}, "resp": {"exception": "None", "resp": "None"}}}, {"_id": "2021:09:24:12:34:36.510615", "Trace Message Type": "GenericMethodTraceMsg", "Trace Message": {"req": {"backend_type": "DirectFtdiDevice", "backend_instance_id": 1, "method_name": "set_timeouts", "args": {"read_timeout": "500"}}, "resp": {"exception": "None", "resp": "None"}}}, {"_id": "2021:09:24:12:34:36.636464", "Trace Message Type": "GenericMethodTraceMsg", "Trace Message": {"req": {"backend_type": "DirectFtdiDevice", "backend_instance_id": 1, "method_name": "write", "args": {"data": {"network_address": "@1", "99": "99", "crc": "C1EE", "sequence_no": "29", "command_name": "CURR", "flags": {}, "args": {"axis": "0"}, "command": ""}}}, "resp": {"exception": "None", "resp": "None"}}}, {"_id": "2021:09:24:12:34:36.770353", "Trace Message Type": "GenericMethodTraceMsg", "Trace Message": {"req": {"backend_type": "DirectFtdiDevice", "backend_instance_id": 1, "method_name": "set_timeouts", "args": {"read_timeout": "500"}}, "resp": {"exception": "None", "resp": "None"}}}, {"_id": "2021:09:24:12:34:36.897073", "Trace Message Type": "GenericMethodTraceMsg", "Trace Message": {"req": {"backend_type": "DirectFtdiDevice", "backend_instance_id": 1, "method_name": "get_input_size", "args": {}}, "resp": {"exception": "None", "resp": "10"}}}, {"_id": "2021:09:24:12:34:37.023731", "Trace Message Type": "GenericMethodTraceMsg", "Trace Message": {"req": {"backend_type": "DirectFtdiDevice", "backend_instance_id": 1, "method_name": "set_timeouts", "args": {"read_timeout": "500"}}, "resp": {"exception": "None", "resp": "None"}}}, {"_id": "2021:09:24:12:34:37.148689", "Trace Message Type": "GenericMethodTraceMsg", "Trace Message": {"req": {"backend_type": "DirectFtdiDevice", "backend_instance_id": 1, "method_name": "read", "args": {"num_bytes": "10", "raw": "True"}}, "resp": {"exception": "None", "resp": "b'\\x80\\x03C\\n31 \\rAA86\\r\\nq\\x00.'"}}}, {"_id": "2021:09:24:12:34:37.305518", "Trace Message Type": "GenericMethodTraceMsg", "Trace Message": {"req": {"backend_type": "DirectFtdiDevice", "backend_instance_id": 1, "method_name": "set_timeouts", "args": {"read_timeout": "500"}}, "resp": {"exception": "None", "resp": "None"}}}, {"_id": "2021:09:24:12:34:37.454294", "Trace Message Type": "GenericMethodTraceMsg", "Trace Message": {"req": {"backend_type": "DirectFtdiDevice", "backend_instance_id": 1, "method_name": "set_timeouts", "args": {"read_timeout": "500"}}, "resp": {"exception": "None", "resp": "None"}}}, {"_id": "2021:09:24:12:34:37.593203", "Trace Message Type": "GenericMethodTraceMsg", "Trace Message": {"req": {"backend_type": "DirectFtdiDevice", "backend_instance_id": 1, "method_name": "write", "args": {"data": {"network_address": "@1", "99": "99", "crc": "C4D8", "sequence_no": "31", "command_name": "CURR", "flags": {}, "args": {"axis": "0"}, "command": ""}}}, "resp": {"exception": "None", "resp": "None"}}}, {"_id": "2021:09:24:12:34:37.721851", "Trace Message Type": "GenericMethodTraceMsg", "Trace Message": {"req": {"backend_type": "DirectFtdiDevice", "backend_instance_id": 1, "method_name": "set_timeouts", "args": {"read_timeout": "500"}}, "resp": {"exception": "None", "resp": "None"}}}, {"_id": "2021:09:24:12:34:37.846725", "Trace Message Type": "GenericMethodTraceMsg", "Trace Message": {"req": {"backend_type": "DirectFtdiDevice", "backend_instance_id": 1, "method_name": "get_input_size", "args": {}}, "resp": {"exception": "None", "resp": "10"}}}, {"_id": "2021:09:24:12:34:37.979564", "Trace Message Type": "GenericMethodTraceMsg", "Trace Message": {"req": {"backend_type": "DirectFtdiDevice", "backend_instance_id": 1, "method_name": "set_timeouts", "args": {"read_timeout": "500"}}, "resp": {"exception": "None", "resp": "None"}}}, {"_id": "2021:09:24:12:34:38.118196", "Trace Message Type": "GenericMethodTraceMsg", "Trace Message": {"req": {"backend_type": "DirectFtdiDevice", "backend_instance_id": 1, "method_name": "read", "args": {"num_bytes": "10", "raw": "True"}}, "resp": {"exception": "None", "resp": "b'\\x80\\x03C\\n18 \\r1057\\r\\nq\\x00.'"}}}, {"_id": "2021:09:24:12:34:38.260771", "Trace Message Type": "GenericMethodTraceMsg", "Trace Message": {"req": {"backend_type": "DirectFtdiDevice", "backend_instance_id": 1, "method_name": "set_timeouts", "args": {"read_timeout": "500"}}, "resp": {"exception": "None", "resp": "None"}}}, {"_id": "2021:09:24:12:34:38.388433", "Trace Message Type": "GenericMethodTraceMsg", "Trace Message": {"req": {"backend_type": "DirectFtdiDevice", "backend_instance_id": 1, "method_name": "set_timeouts", "args": {"read_timeout": "500"}}, "resp": {"exception": "None", "resp": "None"}}}, {"_id": "2021:09:24:12:34:38.517303", "Trace Message Type": "GenericMethodTraceMsg", "Trace Message": {"req": {"backend_type": "DirectFtdiDevice", "backend_instance_id": 1, "method_name": "write", "args": {"data": {"network_address": "@1", "99": "99", "crc": "A4C1", "sequence_no": "33", "command_name": "CURR", "flags": {}, "args": {"axis": "0"}, "command": ""}}}, "resp": {"exception": "None", "resp": "None"}}}, {"_id": "2021:09:24:12:34:38.643960", "Trace Message Type": "GenericMethodTraceMsg", "Trace Message": {"req": {"backend_type": "DirectFtdiDevice", "backend_instance_id": 1, "method_name": "set_timeouts", "args": {"read_timeout": "500"}}, "resp": {"exception": "None", "resp": "None"}}}, {"_id": "2021:09:24:12:34:38.769781", "Trace Message Type": "GenericMethodTraceMsg", "Trace Message": {"req": {"backend_type": "DirectFtdiDevice", "backend_instance_id": 1, "method_name": "get_input_size", "args": {}}, "resp": {"exception": "None", "resp": "11"}}}, {"_id": "2021:09:24:12:34:38.901429", "Trace Message Type": "GenericMethodTraceMsg", "Trace Message": {"req": {"backend_type": "DirectFtdiDevice", "backend_instance_id": 1, "method_name": "set_timeouts", "args": {"read_timeout": "500"}}, "resp": {"exception": "None", "resp": "None"}}}, {"_id": "2021:09:24:12:34:39.026392", "Trace Message Type": "GenericMethodTraceMsg", "Trace Message": {"req": {"backend_type": "DirectFtdiDevice", "backend_instance_id": 1, "method_name": "read", "args": {"num_bytes": "11", "raw": "True"}}, "resp": {"exception": "None", "resp": "b'\\x80\\x03C\\x0b-49 \\r3E8E\\r\\nq\\x00.'"}}}, {"_id": "2021:09:24:12:34:39.149154", "Trace Message Type": "GenericMethodTraceMsg", "Trace Message": {"req": {"backend_type": "DirectFtdiDevice", "backend_instance_id": 1, "method_name": "set_timeouts", "args": {"read_timeout": "500"}}, "resp": {"exception": "None", "resp": "None"}}}, {"_id": "2021:09:24:12:34:39.281062", "Trace Message Type": "GenericMethodTraceMsg", "Trace Message": {"req": {"backend_type": "DirectFtdiDevice", "backend_instance_id": 1, "method_name": "set_timeouts", "args": {"read_timeout": "500"}}, "resp": {"exception": "None", "resp": "None"}}}, {"_id": "2021:09:24:12:34:39.404895", "Trace Message Type": "GenericMethodTraceMsg", "Trace Message": {"req": {"backend_type": "DirectFtdiDevice", "backend_instance_id": 1, "method_name": "write", "args": {"data": {"network_address": "@1", "99": "99", "crc": "04EA", "sequence_no": "35", "command_name": "CURR", "flags": {}, "args": {"axis": "0"}, "command": ""}}}, "resp": {"exception": "None", "resp": "None"}}}, {"_id": "2021:09:24:12:34:39.534655", "Trace Message Type": "GenericMethodTraceMsg", "Trace Message": {"req": {"backend_type": "DirectFtdiDevice", "backend_instance_id": 1, "method_name": "set_timeouts", "args": {"read_timeout": "500"}}, "resp": {"exception": "None", "resp": "None"}}}, {"_id": "2021:09:24:12:34:39.658617", "Trace Message Type": "GenericMethodTraceMsg", "Trace Message": {"req": {"backend_type": "DirectFtdiDevice", "backend_instance_id": 1, "method_name": "get_input_size", "args": {}}, "resp": {"exception": "None", "resp": "11"}}}, {"_id": "2021:09:24:12:34:39.796346", "Trace Message Type": "GenericMethodTraceMsg", "Trace Message": {"req": {"backend_type": "DirectFtdiDevice", "backend_instance_id": 1, "method_name": "set_timeouts", "args": {"read_timeout": "500"}}, "resp": {"exception": "None", "resp": "None"}}}, {"_id": "2021:09:24:12:34:39.930992", "Trace Message Type": "GenericMethodTraceMsg", "Trace Message": {"req": {"backend_type": "DirectFtdiDevice", "backend_instance_id": 1, "method_name": "read", "args": {"num_bytes": "11", "raw": "True"}}, "resp": {"exception": "None", "resp": "b'\\x80\\x03C\\x0b-64 \\r451E\\r\\nq\\x00.'"}}}, {"_id": "2021:09:24:12:34:40.061729", "Trace Message Type": "GenericMethodTraceMsg", "Trace Message": {"req": {"backend_type": "DirectFtdiDevice", "backend_instance_id": 1, "method_name": "set_timeouts", "args": {"read_timeout": "500"}}, "resp": {"exception": "None", "resp": "None"}}}, {"_id": "2021:09:24:12:34:40.200948", "Trace Message Type": "GenericMethodTraceMsg", "Trace Message": {"req": {"backend_type": "DirectFtdiDevice", "backend_instance_id": 1, "method_name": "set_timeouts", "args": {"read_timeout": "500"}}, "resp": {"exception": "None", "resp": "None"}}}, {"_id": "2021:09:24:12:34:40.324252", "Trace Message Type": "GenericMethodTraceMsg", "Trace Message": {"req": {"backend_type": "DirectFtdiDevice", "backend_instance_id": 1, "method_name": "write", "args": {"data": {"network_address": "@1", "99": "99", "crc": "64F3", "sequence_no": "37", "command_name": "CURR", "flags": {}, "args": {"axis": "0"}, "command": ""}}}, "resp": {"exception": "None", "resp": "None"}}}, {"_id": "2021:09:24:12:34:40.448427", "Trace Message Type": "GenericMethodTraceMsg", "Trace Message": {"req": {"backend_type": "DirectFtdiDevice", "backend_instance_id": 1, "method_name": "set_timeouts", "args": {"read_timeout": "500"}}, "resp": {"exception": "None", "resp": "None"}}}, {"_id": "2021:09:24:12:34:40.578172", "Trace Message Type": "GenericMethodTraceMsg", "Trace Message": {"req": {"backend_type": "DirectFtdiDevice", "backend_instance_id": 1, "method_name": "get_input_size", "args": {}}, "resp": {"exception": "None", "resp": "11"}}}, {"_id": "2021:09:24:12:34:40.704863", "Trace Message Type": "GenericMethodTraceMsg", "Trace Message": {"req": {"backend_type": "DirectFtdiDevice", "backend_instance_id": 1, "method_name": "set_timeouts", "args": {"read_timeout": "500"}}, "resp": {"exception": "None", "resp": "None"}}}, {"_id": "2021:09:24:12:34:40.838485", "Trace Message Type": "GenericMethodTraceMsg", "Trace Message": {"req": {"backend_type": "DirectFtdiDevice", "backend_instance_id": 1, "method_name": "read", "args": {"num_bytes": "11", "raw": "True"}}, "resp": {"exception": "None", "resp": "b'\\x80\\x03C\\x0b-54 \\r011E\\r\\nq\\x00.'"}}}, {"_id": "2021:09:24:12:34:40.964538", "Trace Message Type": "GenericMethodTraceMsg", "Trace Message": {"req": {"backend_type": "DirectFtdiDevice", "backend_instance_id": 1, "method_name": "set_timeouts", "args": {"read_timeout": "500"}}, "resp": {"exception": "None", "resp": "None"}}}, {"_id": "2021:09:24:12:34:41.101474", "Trace Message Type": "GenericMethodTraceMsg", "Trace Message": {"req": {"backend_type": "DirectFtdiDevice", "backend_instance_id": 1, "method_name": "set_timeouts", "args": {"read_timeout": "500"}}, "resp": {"exception": "None", "resp": "None"}}}, {"_id": "2021:09:24:12:34:41.230817", "Trace Message Type": "GenericMethodTraceMsg", "Trace Message": {"req": {"backend_type": "DirectFtdiDevice", "backend_instance_id": 1, "method_name": "write", "args": {"data": {"network_address": "@1", "99": "99", "crc": "04BF", "sequence_no": "39", "command_name": "CURR", "flags": {}, "args": {"axis": "0"}, "command": ""}}}, "resp": {"exception": "None", "resp": "None"}}}, {"_id": "2021:09:24:12:34:41.356651", "Trace Message Type": "GenericMethodTraceMsg", "Trace Message": {"req": {"backend_type": "DirectFtdiDevice", "backend_instance_id": 1, "method_name": "set_timeouts", "args": {"read_timeout": "500"}}, "resp": {"exception": "None", "resp": "None"}}}, {"_id": "2021:09:24:12:34:41.483507", "Trace Message Type": "GenericMethodTraceMsg", "Trace Message": {"req": {"backend_type": "DirectFtdiDevice", "backend_instance_id": 1, "method_name": "get_input_size", "args": {}}, "resp": {"exception": "None", "resp": "11"}}}, {"_id": "2021:09:24:12:34:41.601589", "Trace Message Type": "GenericMethodTraceMsg", "Trace Message": {"req": {"backend_type": "DirectFtdiDevice", "backend_instance_id": 1, "method_name": "set_timeouts", "args": {"read_timeout": "500"}}, "resp": {"exception": "None", "resp": "None"}}}, {"_id": "2021:09:24:12:34:41.723570", "Trace Message Type": "GenericMethodTraceMsg", "Trace Message": {"req": {"backend_type": "DirectFtdiDevice", "backend_instance_id": 1, "method_name": "read", "args": {"num_bytes": "11", "raw": "True"}}, "resp": {"exception": "None", "resp": "b'\\x80\\x03C\\x0b-62 \\r44FE\\r\\nq\\x00.'"}}}, {"_id": "2021:09:24:12:34:41.847198", "Trace Message Type": "GenericMethodTraceMsg", "Trace Message": {"req": {"backend_type": "DirectFtdiDevice", "backend_instance_id": 1, "method_name": "set_timeouts", "args": {"read_timeout": "500"}}, "resp": {"exception": "None", "resp": "None"}}}, {"_id": "2021:09:24:12:34:41.873124", "Trace Message Type": "InitializeTraceMsg", "Trace Message": {"req": {"backend_type": "DirectFtdiDevice", "backend_instance_id": 2, "args": {"ftdi": "None"}, "stacktrace": "[<FrameSummary file C:\\Program Files\\JetBrains\\PyCharm Community Edition 2020.2.2\\plugins\\python-ce\\helpers\\pydev\\pydevd.py, line 2141 in <module>>, <FrameSummary file C:\\Program Files\\JetBrains\\PyCharm Community Edition 2020.2.2\\plugins\\python-ce\\helpers\\pydev\\pydevd.py, line 2132 in main>, <FrameSummary file C:\\Program Files\\JetBrains\\PyCharm Community Edition 2020.2.2\\plugins\\python-ce\\helpers\\pydev\\pydevd.py, line 1441 in run>, <FrameSummary file C:\\Program Files\\JetBrains\\PyCharm Community Edition 2020.2.2\\plugins\\python-ce\\helpers\\pydev\\pydevd.py, line 1448 in _exec>, <FrameSummary file C:\\Program Files\\JetBrains\\PyCharm Community Edition 2020.2.2\\plugins\\python-ce\\helpers\\pydev\\_pydev_imps\\_pydev_execfile.py, line 18 in execfile>, <FrameSummary file C:/Users/User/PycharmProjects/automated_solubility_h1/n9/experiments/main_solubility_duplicate.py, line 20 in <module>>, <FrameSummary file <frozen importlib._bootstrap>, line 1023 in _handle_fromlist>, <FrameSummary file <frozen importlib._bootstrap>, line 219 in _call_with_frames_removed>, <FrameSummary file <frozen importlib._bootstrap>, line 971 in _find_and_load>, <FrameSummary file <frozen importlib._bootstrap>, line 955 in _find_and_load_unlocked>, <FrameSummary file <frozen importlib._bootstrap>, line 665 in _load_unlocked>, <FrameSummary file <frozen importlib._bootstrap_external>, line 678 in exec_module>, <FrameSummary file <frozen importlib._bootstrap>, line 219 in _call_with_frames_removed>, <FrameSummary file C:\\Users\\User\\PycharmProjects\\automated_solubility_h1\\n9\\configuration\\deck.py, line 96 in <module>>, <FrameSummary file C:\\Users\\User\\PycharmProjects\\automated_solubility_h1\\venv\\lib\\site-packages\\ftdi_serial.py, line 418 in __init__>, <FrameSummary file C:\\Users\\User\\PycharmProjects\\automated_solubility_h1\\venv\\lib\\site-packages\\ftdi_serial.py, line 441 in connect>, <FrameSummary file C:\\Users\\User\\PycharmProjects\\automated_solubility_h1\\venv\\lib\\site-packages\\ftdi_serial.py, line 428 in open_device>, <FrameSummary file C:\\Users\\User\\PycharmProjects\\automated_solubility_h1\\venv\\lib\\site-packages\\niraapad\\backends.py, line 244 in __init__>, <FrameSummary file C:\\Users\\User\\PycharmProjects\\automated_solubility_h1\\venv\\lib\\site-packages\\niraapad\\lab_computer\\niraapad_client.py, line 340 in initialize>]"}, "resp": {"exception": "None"}}}, {"_id": "2021:09:24:12:34:42.202058", "Trace Message Type": "GenericMethodTraceMsg", "Trace Message": {"req": {"backend_type": "DirectFtdiDevice", "backend_instance_id": 2, "method_name": "reset", "args": {}}, "resp": {"exception": "None", "resp": "None"}}}, {"_id": "2021:09:24:12:34:42.334003", "Trace Message Type": "GenericMethodTraceMsg", "Trace Message": {"req": {"backend_type": "DirectFtdiDevice", "backend_instance_id": 2, "method_name": "set_baud_rate", "args": {"baudrate": "9600"}}, "resp": {"exception": "None", "resp": "None"}}}, {"_id": "2021:09:24:12:34:42.451688", "Trace Message Type": "GenericMethodTraceMsg", "Trace Message": {"req": {"backend_type": "DirectFtdiDevice", "backend_instance_id": 2, "method_name": "set_parameters", "args": {"data_bits": "0"}}, "resp": {"exception": "None", "resp": "None"}}}, {"_id": "2021:09:24:12:34:42.571372", "Trace Message Type": "GenericMethodTraceMsg", "Trace Message": {"req": {"backend_type": "DirectFtdiDevice", "backend_instance_id": 2, "method_name": "set_timeouts", "args": {"read_timeout": "5000"}}, "resp": {"exception": "None", "resp": "None"}}}, {"_id": "2021:09:24:12:34:42.579345", "Trace Message Type": "InitializeTraceMsg", "Trace Message": {"req": {"backend_type": "DirectPySerialDevice", "backend_instance_id": 3, "args": {"serial": "COM16"}, "stacktrace": "[<FrameSummary file C:\\Program Files\\JetBrains\\PyCharm Community Edition 2020.2.2\\plugins\\python-ce\\helpers\\pydev\\pydevd.py, line 2141 in <module>>, <FrameSummary file C:\\Program Files\\JetBrains\\PyCharm Community Edition 2020.2.2\\plugins\\python-ce\\helpers\\pydev\\pydevd.py, line 2132 in main>, <FrameSummary file C:\\Program Files\\JetBrains\\PyCharm Community Edition 2020.2.2\\plugins\\python-ce\\helpers\\pydev\\pydevd.py, line 1441 in run>, <FrameSummary file C:\\Program Files\\JetBrains\\PyCharm Community Edition 2020.2.2\\plugins\\python-ce\\helpers\\pydev\\pydevd.py, line 1448 in _exec>, <FrameSummary file C:\\Program Files\\JetBrains\\PyCharm Community Edition 2020.2.2\\plugins\\python-ce\\helpers\\pydev\\_pydev_imps\\_pydev_execfile.py, line 18 in execfile>, <FrameSummary file C:/Users/User/PycharmProjects/automated_solubility_h1/n9/experiments/main_solubility_duplicate.py, line 20 in <module>>, <FrameSummary file <frozen importlib._bootstrap>, line 1023 in _handle_fromlist>, <FrameSummary file <frozen importlib._bootstrap>, line 219 in _call_with_frames_removed>, <FrameSummary file <frozen importlib._bootstrap>, line 971 in _find_and_load>, <FrameSummary file <frozen importlib._bootstrap>, line 955 in _find_and_load_unlocked>, <FrameSummary file <frozen importlib._bootstrap>, line 665 in _load_unlocked>, <FrameSummary file <frozen importlib._bootstrap_external>, line 678 in exec_module>, <FrameSummary file <frozen importlib._bootstrap>, line 219 in _call_with_frames_removed>, <FrameSummary file C:\\Users\\User\\PycharmProjects\\automated_solubility_h1\\n9\\configuration\\deck.py, line 112 in <module>>, <FrameSummary file C:\\Users\\User\\PycharmProjects\\automated_solubility_h1\\venv\\lib\\site-packages\\ika\\magnetic_stirrer.py, line 152 in __init__>, <FrameSummary file C:\\Users\\User\\PycharmProjects\\automated_solubility_h1\\venv\\lib\\site-packages\\ika\\magnetic_stirrer.py, line 452 in connect>, <FrameSummary file C:\\Users\\User\\PycharmProjects\\automated_solubility_h1\\venv\\lib\\site-packages\\ftdi_serial.py, line 418 in __init__>, <FrameSummary file C:\\Users\\User\\PycharmProjects\\automated_solubility_h1\\venv\\lib\\site-packages\\ftdi_serial.py, line 441 in connect>, <FrameSummary file C:\\Users\\User\\PycharmProjects\\automated_solubility_h1\\venv\\lib\\site-packages\\ftdi_serial.py, line 426 in open_device>, <FrameSummary file C:\\Users\\User\\PycharmProjects\\automated_solubility_h1\\venv\\lib\\site-packages\\niraapad\\backends.py, line 297 in __init__>, <FrameSummary file C:\\Users\\User\\PycharmProjects\\automated_solubility_h1\\venv\\lib\\site-packages\\niraapad\\lab_computer\\niraapad_client.py, line 340 in initialize>]"}, "resp": {"exception": "could not open port 'COM16': FileNotFoundError(2, 'The system cannot find the file specified.', None, 2)"}}}, {"_id": "2021:09:24:12:35:35.492387", "Trace Message Type": "DeleteConnectionTraceMsg", "Trace Message": {"req": {}, "resp": {"exception": "None"}}}, {"_id": "2021:09:24:12:35:35.493388", "Trace Message Type": "InitializeConnectionTraceMsg", "Trace Message": {"req": {}, "resp": {"exception": "None"}}}, {"_id": "2021:09:24:12:35:37.878166", "Trace Message Type": "InitializeTraceMsg", "Trace Message": {"req": {"backend_type": "DirectFtdiDevice", "backend_instance_id": 1, "args": {"ftdi": "None"}, "stacktrace": "[<FrameSummary file C:\\Program Files\\JetBrains\\PyCharm Community Edition 2020.2.2\\plugins\\python-ce\\helpers\\pydev\\pydevd.py, line 2141 in <module>>, <FrameSummary file C:\\Program Files\\JetBrains\\PyCharm Community Edition 2020.2.2\\plugins\\python-ce\\helpers\\pydev\\pydevd.py, line 2132 in main>, <FrameSummary file C:\\Program Files\\JetBrains\\PyCharm Community Edition 2020.2.2\\plugins\\python-ce\\helpers\\pydev\\pydevd.py, line 1441 in run>, <FrameSummary file C:\\Program Files\\JetBrains\\PyCharm Community Edition 2020.2.2\\plugins\\python-ce\\helpers\\pydev\\pydevd.py, line 1448 in _exec>, <FrameSummary file C:\\Program Files\\JetBrains\\PyCharm Community Edition 2020.2.2\\plugins\\python-ce\\helpers\\pydev\\_pydev_imps\\_pydev_execfile.py, line 18 in execfile>, <FrameSummary file C:/Users/User/PycharmProjects/automated_solubility_h1/n9/experiments/main_solubility_duplicate.py, line 20 in <module>>, <FrameSummary file <frozen importlib._bootstrap>, line 1023 in _handle_fromlist>, <FrameSummary file <frozen importlib._bootstrap>, line 219 in _call_with_frames_removed>, <FrameSummary file <frozen importlib._bootstrap>, line 971 in _find_and_load>, <FrameSummary file <frozen importlib._bootstrap>, line 955 in _find_and_load_unlocked>, <FrameSummary file <frozen importlib._bootstrap>, line 665 in _load_unlocked>, <FrameSummary file <frozen importlib._bootstrap_external>, line 678 in exec_module>, <FrameSummary file <frozen importlib._bootstrap>, line 219 in _call_with_frames_removed>, <FrameSummary file C:\\Users\\User\\PycharmProjects\\automated_solubility_h1\\n9\\configuration\\deck.py, line 64 in <module>>, <FrameSummary file C:\\Users\\User\\PycharmProjects\\automated_solubility_h1\\venv\\lib\\site-packages\\north_c9\\controller.py, line 208 in __init__>, <FrameSummary file C:\\Users\\User\\PycharmProjects\\automated_solubility_h1\\venv\\lib\\site-packages\\ftdi_serial.py, line 418 in __init__>, <FrameSummary file C:\\Users\\User\\PycharmProjects\\automated_solubility_h1\\venv\\lib\\site-packages\\ftdi_serial.py, line 441 in connect>, <FrameSummary file C:\\Users\\User\\PycharmProjects\\automated_solubility_h1\\venv\\lib\\site-packages\\ftdi_serial.py, line 428 in open_device>, <FrameSummary file C:\\Users\\User\\PycharmProjects\\automated_solubility_h1\\venv\\lib\\site-packages\\niraapad\\backends.py, line 244 in __init__>, <FrameSummary file C:\\Users\\User\\PycharmProjects\\automated_solubility_h1\\venv\\lib\\site-packages\\niraapad\\lab_computer\\niraapad_client.py, line 340 in initialize>]"}, "resp": {"exception": "None"}}}, {"_id": "2021:09:24:12:35:38.570238", "Trace Message Type": "GenericMethodTraceMsg", "Trace Message": {"req": {"backend_type": "DirectFtdiDevice", "backend_instance_id": 1, "method_name": "reset", "args": {}}, "resp": {"exception": "None", "resp": "None"}}}, {"_id": "2021:09:24:12:35:38.697092", "Trace Message Type": "GenericMethodTraceMsg", "Trace Message": {"req": {"backend_type": "DirectFtdiDevice", "backend_instance_id": 1, "method_name": "set_baud_rate", "args": {"baudrate": "115200"}}, "resp": {"exception": "None", "resp": "None"}}}, {"_id": "2021:09:24:12:35:38.819725", "Trace Message Type": "GenericMethodTraceMsg", "Trace Message": {"req": {"backend_type": "DirectFtdiDevice", "backend_instance_id": 1, "method_name": "set_parameters", "args": {"data_bits": "0"}}, "resp": {"exception": "None", "resp": "None"}}}, {"_id": "2021:09:24:12:35:38.942242", "Trace Message Type": "GenericMethodTraceMsg", "Trace Message": {"req": {"backend_type": "DirectFtdiDevice", "backend_instance_id": 1, "method_name": "set_timeouts", "args": {"read_timeout": "500"}}, "resp": {"exception": "None", "resp": "None"}}}, {"_id": "2021:09:24:12:35:39.060153", "Trace Message Type": "GenericMethodTraceMsg", "Trace Message": {"req": {"backend_type": "DirectFtdiDevice", "backend_instance_id": 1, "method_name": "set_timeouts", "args": {"read_timeout": "500"}}, "resp": {"exception": "None", "resp": "None"}}}, {"_id": "2021:09:24:12:35:39.176029", "Trace Message Type": "GenericMethodTraceMsg", "Trace Message": {"req": {"backend_type": "DirectFtdiDevice", "backend_instance_id": 1, "method_name": "write", "args": {"data": {"network_address": "@1", "99": "99", "crc": "17C7", "sequence_no": "27", "command_name": "PING", "flags": {}, "args": {}, "command": ""}}}, "resp": {"exception": "None", "resp": "None"}}}, {"_id": "2021:09:24:12:35:39.296914", "Trace Message Type": "GenericMethodTraceMsg", "Trace Message": {"req": {"backend_type": "DirectFtdiDevice", "backend_instance_id": 1, "method_name": "set_timeouts", "args": {"read_timeout": "500"}}, "resp": {"exception": "None", "resp": "None"}}}, {"_id": "2021:09:24:12:35:39.418593", "Trace Message Type": "GenericMethodTraceMsg", "Trace Message": {"req": {"backend_type": "DirectFtdiDevice", "backend_instance_id": 1, "method_name": "get_input_size", "args": {}}, "resp": {"exception": "None", "resp": "8"}}}, {"_id": "2021:09:24:12:35:39.546542", "Trace Message Type": "GenericMethodTraceMsg", "Trace Message": {"req": {"backend_type": "DirectFtdiDevice", "backend_instance_id": 1, "method_name": "set_timeouts", "args": {"read_timeout": "500"}}, "resp": {"exception": "None", "resp": "None"}}}, {"_id": "2021:09:24:12:35:39.671202", "Trace Message Type": "GenericMethodTraceMsg", "Trace Message": {"req": {"backend_type": "DirectFtdiDevice", "backend_instance_id": 1, "method_name": "read", "args": {"num_bytes": "8", "raw": "True"}}, "resp": {"exception": "None", "resp": "b'\\x80\\x03C\\x08\\x00\\r857E\\r\\nq\\x00.'"}}}, {"_id": "2021:09:24:12:35:39.789256", "Trace Message Type": "GenericMethodTraceMsg", "Trace Message": {"req": {"backend_type": "DirectFtdiDevice", "backend_instance_id": 1, "method_name": "set_timeouts", "args": {"read_timeout": "500"}}, "resp": {"exception": "None", "resp": "None"}}}, {"_id": "2021:09:24:12:35:40.002455", "Trace Message Type": "GenericMethodTraceMsg", "Trace Message": {"req": {"backend_type": "DirectFtdiDevice", "backend_instance_id": 1, "method_name": "set_timeouts", "args": {"read_timeout": "500"}}, "resp": {"exception": "None", "resp": "None"}}}, {"_id": "2021:09:24:12:35:40.151365", "Trace Message Type": "GenericMethodTraceMsg", "Trace Message": {"req": {"backend_type": "DirectFtdiDevice", "backend_instance_id": 1, "method_name": "write", "args": {"data": {"network_address": "@1", "99": "99", "crc": "1176", "sequence_no": "9", "command_name": "BIAS", "flags": {}, "args": {}, "command": ""}}}, "resp": {"exception": "None", "resp": "None"}}}, {"_id": "2021:09:24:12:35:40.295232", "Trace Message Type": "GenericMethodTraceMsg", "Trace Message": {"req": {"backend_type": "DirectFtdiDevice", "backend_instance_id": 1, "method_name": "set_timeouts", "args": {"read_timeout": "500"}}, "resp": {"exception": "None", "resp": "None"}}}, {"_id": "2021:09:24:12:35:40.411139", "Trace Message Type": "GenericMethodTraceMsg", "Trace Message": {"req": {"backend_type": "DirectFtdiDevice", "backend_instance_id": 1, "method_name": "get_input_size", "args": {}}, "resp": {"exception": "None", "resp": "9"}}}, {"_id": "2021:09:24:12:35:40.543787", "Trace Message Type": "GenericMethodTraceMsg", "Trace Message": {"req": {"backend_type": "DirectFtdiDevice", "backend_instance_id": 1, "method_name": "set_timeouts", "args": {"read_timeout": "500"}}, "resp": {"exception": "None", "resp": "None"}}}, {"_id": "2021:09:24:12:35:40.660473", "Trace Message Type": "GenericMethodTraceMsg", "Trace Message": {"req": {"backend_type": "DirectFtdiDevice", "backend_instance_id": 1, "method_name": "read", "args": {"num_bytes": "9", "raw": "True"}}, "resp": {"exception": "None", "resp": "b'\\x80\\x03C\\t0 \\rCAA9\\r\\nq\\x00.'"}}}, {"_id": "2021:09:24:12:35:40.785293", "Trace Message Type": "GenericMethodTraceMsg", "Trace Message": {"req": {"backend_type": "DirectFtdiDevice", "backend_instance_id": 1, "method_name": "set_timeouts", "args": {"read_timeout": "500"}}, "resp": {"exception": "None", "resp": "None"}}}, {"_id": "2021:09:24:12:35:40.936044", "Trace Message Type": "GenericMethodTraceMsg", "Trace Message": {"req": {"backend_type": "DirectFtdiDevice", "backend_instance_id": 1, "method_name": "set_timeouts", "args": {"read_timeout": "500"}}, "resp": {"exception": "None", "resp": "None"}}}, {"_id": "2021:09:24:12:35:41.067642", "Trace Message Type": "GenericMethodTraceMsg", "Trace Message": {"req": {"backend_type": "DirectFtdiDevice", "backend_instance_id": 1, "method_name": "write", "args": {"data": {"network_address": "@1", "99": "99", "crc": "E763", "sequence_no": "29", "command_name": "SPED", "flags": {}, "args": {"velocity": "20000", "acceleration": "20000"}, "command": ""}}}, "resp": {"exception": "None", "resp": "None"}}}, {"_id": "2021:09:24:12:35:41.196706", "Trace Message Type": "GenericMethodTraceMsg", "Trace Message": {"req": {"backend_type": "DirectFtdiDevice", "backend_instance_id": 1, "method_name": "set_timeouts", "args": {"read_timeout": "500"}}, "resp": {"exception": "None", "resp": "None"}}}, {"_id": "2021:09:24:12:35:41.314684", "Trace Message Type": "GenericMethodTraceMsg", "Trace Message": {"req": {"backend_type": "DirectFtdiDevice", "backend_instance_id": 1, "method_name": "get_input_size", "args": {}}, "resp": {"exception": "None", "resp": "19"}}}, {"_id": "2021:09:24:12:35:41.436526", "Trace Message Type": "GenericMethodTraceMsg", "Trace Message": {"req": {"backend_type": "DirectFtdiDevice", "backend_instance_id": 1, "method_name": "set_timeouts", "args": {"read_timeout": "500"}}, "resp": {"exception": "None", "resp": "None"}}}, {"_id": "2021:09:24:12:35:41.559457", "Trace Message Type": "GenericMethodTraceMsg", "Trace Message": {"req": {"backend_type": "DirectFtdiDevice", "backend_instance_id": 1, "method_name": "read", "args": {"num_bytes": "19", "raw": "True"}}, "resp": {"exception": "None", "resp": "b'\\x80\\x03C\\x1320000 20000 \\rC22D\\r\\nq\\x00.'"}}}, {"_id": "2021:09:24:12:35:41.671323", "Trace Message Type": "GenericMethodTraceMsg", "Trace Message": {"req": {"backend_type": "DirectFtdiDevice", "backend_instance_id": 1, "method_name": "set_timeouts", "args": {"read_timeout": "500"}}, "resp": {"exception": "None", "resp": "None"}}}, {"_id": "2021:09:24:12:35:41.797257", "Trace Message Type": "GenericMethodTraceMsg", "Trace Message": {"req": {"backend_type": "DirectFtdiDevice", "backend_instance_id": 1, "method_name": "set_timeouts", "args": {"read_timeout": "500"}}, "resp": {"exception": "None", "resp": "None"}}}, {"_id": "2021:09:24:12:35:41.925418", "Trace Message Type": "GenericMethodTraceMsg", "Trace Message": {"req": {"backend_type": "DirectFtdiDevice", "backend_instance_id": 1, "method_name": "write", "args": {"data": {"network_address": "@1", "99": "99", "crc": "674E", "sequence_no": "31", "command_name": "BIAS", "flags": {}, "args": {"bias": "0"}, "command": ""}}}, "resp": {"exception": "None", "resp": "None"}}}, {"_id": "2021:09:24:12:35:42.051613", "Trace Message Type": "GenericMethodTraceMsg", "Trace Message": {"req": {"backend_type": "DirectFtdiDevice", "backend_instance_id": 1, "method_name": "set_timeouts", "args": {"read_timeout": "500"}}, "resp": {"exception": "None", "resp": "None"}}}, {"_id": "2021:09:24:12:35:42.171610", "Trace Message Type": "GenericMethodTraceMsg", "Trace Message": {"req": {"backend_type": "DirectFtdiDevice", "backend_instance_id": 1, "method_name": "get_input_size", "args": {}}, "resp": {"exception": "None", "resp": "9"}}}, {"_id": "2021:09:24:12:35:42.303243", "Trace Message Type": "GenericMethodTraceMsg", "Trace Message": {"req": {"backend_type": "DirectFtdiDevice", "backend_instance_id": 1, "method_name": "set_timeouts", "args": {"read_timeout": "500"}}, "resp": {"exception": "None", "resp": "None"}}}, {"_id": "2021:09:24:12:35:42.422139", "Trace Message Type": "GenericMethodTraceMsg", "Trace Message": {"req": {"backend_type": "DirectFtdiDevice", "backend_instance_id": 1, "method_name": "read", "args": {"num_bytes": "9", "raw": "True"}}, "resp": {"exception": "None", "resp": "b'\\x80\\x03C\\t0 \\rCAA9\\r\\nq\\x00.'"}}}, {"_id": "2021:09:24:12:35:42.547250", "Trace Message Type": "GenericMethodTraceMsg", "Trace Message": {"req": {"backend_type": "DirectFtdiDevice", "backend_instance_id": 1, "method_name": "set_timeouts", "args": {"read_timeout": "500"}}, "resp": {"exception": "None", "resp": "None"}}}, {"_id": "2021:09:24:12:35:42.678038", "Trace Message Type": "GenericMethodTraceMsg", "Trace Message": {"req": {"backend_type": "DirectFtdiDevice", "backend_instance_id": 1, "method_name": "set_timeouts", "args": {"read_timeout": "500"}}, "resp": {"exception": "None", "resp": "None"}}}, {"_id": "2021:09:24:12:35:42.803765", "Trace Message Type": "GenericMethodTraceMsg", "Trace Message": {"req": {"backend_type": "DirectFtdiDevice", "backend_instance_id": 1, "method_name": "write", "args": {"data": {"network_address": "@1", "99": "99", "crc": "8198", "sequence_no": "33", "command_name": "HOME", "flags": {"if_needed": "1"}, "args": {}, "command": ""}}}, "resp": {"exception": "None", "resp": "None"}}}, {"_id": "2021:09:24:12:35:42.922608", "Trace Message Type": "GenericMethodTraceMsg", "Trace Message": {"req": {"backend_type": "DirectFtdiDevice", "backend_instance_id": 1, "method_name": "set_timeouts", "args": {"read_timeout": "500"}}, "resp": {"exception": "None", "resp": "None"}}}, {"_id": "2021:09:24:12:35:43.044387", "Trace Message Type": "GenericMethodTraceMsg", "Trace Message": {"req": {"backend_type": "DirectFtdiDevice", "backend_instance_id": 1, "method_name": "get_input_size", "args": {}}, "resp": {"exception": "None", "resp": "28"}}}, {"_id": "2021:09:24:12:35:43.168218", "Trace Message Type": "GenericMethodTraceMsg", "Trace Message": {"req": {"backend_type": "DirectFtdiDevice", "backend_instance_id": 1, "method_name": "set_timeouts", "args": {"read_timeout": "500"}}, "resp": {"exception": "None", "resp": "None"}}}, {"_id": "2021:09:24:12:35:43.284311", "Trace Message Type": "GenericMethodTraceMsg", "Trace Message": {"req": {"backend_type": "DirectFtdiDevice", "backend_instance_id": 1, "method_name": "read", "args": {"num_bytes": "28", "raw": "True"}}, "resp": {"exception": "None", "resp": "b'\\x80\\x03C\\x1c1168 3502 26926 1000 \\r9C4D\\r\\nq\\x00.'"}}}, {"_id": "2021:09:24:12:35:43.481061", "Trace Message Type": "GenericMethodTraceMsg", "Trace Message": {"req": {"backend_type": "DirectFtdiDevice", "backend_instance_id": 1, "method_name": "set_timeouts", "args": {"read_timeout": "500"}}, "resp": {"exception": "None", "resp": "None"}}}, {"_id": "2021:09:24:12:35:43.646673", "Trace Message Type": "GenericMethodTraceMsg", "Trace Message": {"req": {"backend_type": "DirectFtdiDevice", "backend_instance_id": 1, "method_name": "set_timeouts", "args": {"read_timeout": "500"}}, "resp": {"exception": "None", "resp": "None"}}}, {"_id": "2021:09:24:12:35:43.815274", "Trace Message Type": "GenericMethodTraceMsg", "Trace Message": {"req": {"backend_type": "DirectFtdiDevice", "backend_instance_id": 1, "method_name": "write", "args": {"data": {"network_address": "@1", "99": "99", "crc": "04EA", "sequence_no": "35", "command_name": "CURR", "flags": {}, "args": {"axis": "0"}, "command": ""}}}, "resp": {"exception": "None", "resp": "None"}}}, {"_id": "2021:09:24:12:35:43.971863", "Trace Message Type": "GenericMethodTraceMsg", "Trace Message": {"req": {"backend_type": "DirectFtdiDevice", "backend_instance_id": 1, "method_name": "set_timeouts", "args": {"read_timeout": "500"}}, "resp": {"exception": "None", "resp": "None"}}}, {"_id": "2021:09:24:12:35:44.107486", "Trace Message Type": "GenericMethodTraceMsg", "Trace Message": {"req": {"backend_type": "DirectFtdiDevice", "backend_instance_id": 1, "method_name": "get_input_size", "args": {}}, "resp": {"exception": "None", "resp": "11"}}}, {"_id": "2021:09:24:12:35:44.263111", "Trace Message Type": "GenericMethodTraceMsg", "Trace Message": {"req": {"backend_type": "DirectFtdiDevice", "backend_instance_id": 1, "method_name": "set_timeouts", "args": {"read_timeout": "500"}}, "resp": {"exception": "None", "resp": "None"}}}, {"_id": "2021:09:24:12:35:44.418820", "Trace Message Type": "GenericMethodTraceMsg", "Trace Message": {"req": {"backend_type": "DirectFtdiDevice", "backend_instance_id": 1, "method_name": "read", "args": {"num_bytes": "11", "raw": "True"}}, "resp": {"exception": "None", "resp": "b'\\x80\\x03C\\x0b-45 \\r3D4E\\r\\nq\\x00.'"}}}, {"_id": "2021:09:24:12:35:44.555581", "Trace Message Type": "GenericMethodTraceMsg", "Trace Message": {"req": {"backend_type": "DirectFtdiDevice", "backend_instance_id": 1, "method_name": "set_timeouts", "args": {"read_timeout": "500"}}, "resp": {"exception": "None", "resp": "None"}}}, {"_id": "2021:09:24:12:35:44.709382", "Trace Message Type": "GenericMethodTraceMsg", "Trace Message": {"req": {"backend_type": "DirectFtdiDevice", "backend_instance_id": 1, "method_name": "set_timeouts", "args": {"read_timeout": "500"}}, "resp": {"exception": "None", "resp": "None"}}}, {"_id": "2021:09:24:12:35:44.830310", "Trace Message Type": "GenericMethodTraceMsg", "Trace Message": {"req": {"backend_type": "DirectFtdiDevice", "backend_instance_id": 1, "method_name": "write", "args": {"data": {"network_address": "@1", "99": "99", "crc": "64F3", "sequence_no": "37", "command_name": "CURR", "flags": {}, "args": {"axis": "0"}, "command": ""}}}, "resp": {"exception": "None", "resp": "None"}}}, {"_id": "2021:09:24:12:35:44.968939", "Trace Message Type": "GenericMethodTraceMsg", "Trace Message": {"req": {"backend_type": "DirectFtdiDevice", "backend_instance_id": 1, "method_name": "set_timeouts", "args": {"read_timeout": "500"}}, "resp": {"exception": "None", "resp": "None"}}}, {"_id": "2021:09:24:12:35:45.088721", "Trace Message Type": "GenericMethodTraceMsg", "Trace Message": {"req": {"backend_type": "DirectFtdiDevice", "backend_instance_id": 1, "method_name": "get_input_size", "args": {}}, "resp": {"exception": "None", "resp": "11"}}}, {"_id": "2021:09:24:12:35:45.247633", "Trace Message Type": "GenericMethodTraceMsg", "Trace Message": {"req": {"backend_type": "DirectFtdiDevice", "backend_instance_id": 1, "method_name": "set_timeouts", "args": {"read_timeout": "500"}}, "resp": {"exception": "None", "resp": "None"}}}, {"_id": "2021:09:24:12:35:45.382532", "Trace Message Type": "GenericMethodTraceMsg", "Trace Message": {"req": {"backend_type": "DirectFtdiDevice", "backend_instance_id": 1, "method_name": "read", "args": {"num_bytes": "11", "raw": "True"}}, "resp": {"exception": "None", "resp": "b'\\x80\\x03C\\x0b-58 \\r02DE\\r\\nq\\x00.'"}}}, {"_id": "2021:09:24:12:35:45.539122", "Trace Message Type": "GenericMethodTraceMsg", "Trace Message": {"req": {"backend_type": "DirectFtdiDevice", "backend_instance_id": 1, "method_name": "set_timeouts", "args": {"read_timeout": "500"}}, "resp": {"exception": "None", "resp": "None"}}}, {"_id": "2021:09:24:12:35:45.695701", "Trace Message Type": "GenericMethodTraceMsg", "Trace Message": {"req": {"backend_type": "DirectFtdiDevice", "backend_instance_id": 1, "method_name": "set_timeouts", "args": {"read_timeout": "500"}}, "resp": {"exception": "None", "resp": "None"}}}, {"_id": "2021:09:24:12:35:45.829645", "Trace Message Type": "GenericMethodTraceMsg", "Trace Message": {"req": {"backend_type": "DirectFtdiDevice", "backend_instance_id": 1, "method_name": "write", "args": {"data": {"network_address": "@1", "99": "99", "crc": "04BF", "sequence_no": "39", "command_name": "CURR", "flags": {}, "args": {"axis": "0"}, "command": ""}}}, "resp": {"exception": "None", "resp": "None"}}}, {"_id": "2021:09:24:12:35:45.954424", "Trace Message Type": "GenericMethodTraceMsg", "Trace Message": {"req": {"backend_type": "DirectFtdiDevice", "backend_instance_id": 1, "method_name": "set_timeouts", "args": {"read_timeout": "500"}}, "resp": {"exception": "None", "resp": "None"}}}, {"_id": "2021:09:24:12:35:46.082410", "Trace Message Type": "GenericMethodTraceMsg", "Trace Message": {"req": {"backend_type": "DirectFtdiDevice", "backend_instance_id": 1, "method_name": "get_input_size", "args": {}}, "resp": {"exception": "None", "resp": "11"}}}, {"_id": "2021:09:24:12:35:46.246223", "Trace Message Type": "GenericMethodTraceMsg", "Trace Message": {"req": {"backend_type": "DirectFtdiDevice", "backend_instance_id": 1, "method_name": "set_timeouts", "args": {"read_timeout": "500"}}, "resp": {"exception": "None", "resp": "None"}}}, {"_id": "2021:09:24:12:35:46.386023", "Trace Message Type": "GenericMethodTraceMsg", "Trace Message": {"req": {"backend_type": "DirectFtdiDevice", "backend_instance_id": 1, "method_name": "read", "args": {"num_bytes": "11", "raw": "True"}}, "resp": {"exception": "None", "resp": "b'\\x80\\x03C\\x0b-92 \\r50FD\\r\\nq\\x00.'"}}}, {"_id": "2021:09:24:12:35:46.525648", "Trace Message Type": "GenericMethodTraceMsg", "Trace Message": {"req": {"backend_type": "DirectFtdiDevice", "backend_instance_id": 1, "method_name": "set_timeouts", "args": {"read_timeout": "500"}}, "resp": {"exception": "None", "resp": "None"}}}, {"_id": "2021:09:24:12:35:46.644327", "Trace Message Type": "GenericMethodTraceMsg", "Trace Message": {"req": {"backend_type": "DirectFtdiDevice", "backend_instance_id": 1, "method_name": "set_timeouts", "args": {"read_timeout": "500"}}, "resp": {"exception": "None", "resp": "None"}}}, {"_id": "2021:09:24:12:35:46.759486", "Trace Message Type": "GenericMethodTraceMsg", "Trace Message": {"req": {"backend_type": "DirectFtdiDevice", "backend_instance_id": 1, "method_name": "write", "args": {"data": {"network_address": "@1", "99": "99", "crc": "1E69", "sequence_no": "41", "command_name": "CURR", "flags": {}, "args": {"axis": "0"}, "command": ""}}}, "resp": {"exception": "None", "resp": "None"}}}, {"_id": "2021:09:24:12:35:46.880361", "Trace Message Type": "GenericMethodTraceMsg", "Trace Message": {"req": {"backend_type": "DirectFtdiDevice", "backend_instance_id": 1, "method_name": "set_timeouts", "args": {"read_timeout": "500"}}, "resp": {"exception": "None", "resp": "None"}}}, {"_id": "2021:09:24:12:35:47.001240", "Trace Message Type": "GenericMethodTraceMsg", "Trace Message": {"req": {"backend_type": "DirectFtdiDevice", "backend_instance_id": 1, "method_name": "get_input_size", "args": {}}, "resp": {"exception": "None", "resp": "11"}}}, {"_id": "2021:09:24:12:35:47.127076", "Trace Message Type": "GenericMethodTraceMsg", "Trace Message": {"req": {"backend_type": "DirectFtdiDevice", "backend_instance_id": 1, "method_name": "set_timeouts", "args": {"read_timeout": "500"}}, "resp": {"exception": "None", "resp": "None"}}}, {"_id": "2021:09:24:12:35:47.244441", "Trace Message Type": "GenericMethodTraceMsg", "Trace Message": {"req": {"backend_type": "DirectFtdiDevice", "backend_instance_id": 1, "method_name": "read", "args": {"num_bytes": "11", "raw": "True"}}, "resp": {"exception": "None", "resp": "b'\\x80\\x03C\\x0b-47 \\rFDEF\\r\\nq\\x00.'"}}}, {"_id": "2021:09:24:12:35:47.370321", "Trace Message Type": "GenericMethodTraceMsg", "Trace Message": {"req": {"backend_type": "DirectFtdiDevice", "backend_instance_id": 1, "method_name": "set_timeouts", "args": {"read_timeout": "500"}}, "resp": {"exception": "None", "resp": "None"}}}, {"_id": "2021:09:24:12:35:47.487330", "Trace Message Type": "GenericMethodTraceMsg", "Trace Message": {"req": {"backend_type": "DirectFtdiDevice", "backend_instance_id": 1, "method_name": "set_timeouts", "args": {"read_timeout": "500"}}, "resp": {"exception": "None", "resp": "None"}}}, {"_id": "2021:09:24:12:35:47.615245", "Trace Message Type": "GenericMethodTraceMsg", "Trace Message": {"req": {"backend_type": "DirectFtdiDevice", "backend_instance_id": 1, "method_name": "write", "args": {"data": {"network_address": "@1", "99": "99", "crc": "7E70", "sequence_no": "43", "command_name": "CURR", "flags": {}, "args": {"axis": "0"}, "command": ""}}}, "resp": {"exception": "None", "resp": "None"}}}, {"_id": "2021:09:24:12:35:47.738183", "Trace Message Type": "GenericMethodTraceMsg", "Trace Message": {"req": {"backend_type": "DirectFtdiDevice", "backend_instance_id": 1, "method_name": "set_timeouts", "args": {"read_timeout": "500"}}, "resp": {"exception": "None", "resp": "None"}}}, {"_id": "2021:09:24:12:35:47.870834", "Trace Message Type": "GenericMethodTraceMsg", "Trace Message": {"req": {"backend_type": "DirectFtdiDevice", "backend_instance_id": 1, "method_name": "get_input_size", "args": {}}, "resp": {"exception": "None", "resp": "11"}}}, {"_id": "2021:09:24:12:35:47.997533", "Trace Message Type": "GenericMethodTraceMsg", "Trace Message": {"req": {"backend_type": "DirectFtdiDevice", "backend_instance_id": 1, "method_name": "set_timeouts", "args": {"read_timeout": "500"}}, "resp": {"exception": "None", "resp": "None"}}}, {"_id": "2021:09:24:12:35:48.116175", "Trace Message Type": "GenericMethodTraceMsg", "Trace Message": {"req": {"backend_type": "DirectFtdiDevice", "backend_instance_id": 1, "method_name": "read", "args": {"num_bytes": "11", "raw": "True"}}, "resp": {"exception": "None", "resp": "b'\\x80\\x03C\\x0b-33 \\r48AF\\r\\nq\\x00.'"}}}, {"_id": "2021:09:24:12:35:48.239075", "Trace Message Type": "GenericMethodTraceMsg", "Trace Message": {"req": {"backend_type": "DirectFtdiDevice", "backend_instance_id": 1, "method_name": "set_timeouts", "args": {"read_timeout": "500"}}, "resp": {"exception": "None", "resp": "None"}}}, {"_id": "2021:09:24:12:35:48.360010", "Trace Message Type": "GenericMethodTraceMsg", "Trace Message": {"req": {"backend_type": "DirectFtdiDevice", "backend_instance_id": 1, "method_name": "set_timeouts", "args": {"read_timeout": "500"}}, "resp": {"exception": "None", "resp": "None"}}}, {"_id": "2021:09:24:12:35:48.481919", "Trace Message Type": "GenericMethodTraceMsg", "Trace Message": {"req": {"backend_type": "DirectFtdiDevice", "backend_instance_id": 1, "method_name": "write", "args": {"data": {"network_address": "@1", "99": "99", "crc": "DE5B", "sequence_no": "45", "command_name": "CURR", "flags": {}, "args": {"axis": "0"}, "command": ""}}}, "resp": {"exception": "None", "resp": "None"}}}, {"_id": "2021:09:24:12:35:48.609576", "Trace Message Type": "GenericMethodTraceMsg", "Trace Message": {"req": {"backend_type": "DirectFtdiDevice", "backend_instance_id": 1, "method_name": "set_timeouts", "args": {"read_timeout": "500"}}, "resp": {"exception": "None", "resp": "None"}}}, {"_id": "2021:09:24:12:35:48.750721", "Trace Message Type": "GenericMethodTraceMsg", "Trace Message": {"req": {"backend_type": "DirectFtdiDevice", "backend_instance_id": 1, "method_name": "get_input_size", "args": {}}, "resp": {"exception": "None", "resp": "9"}}}, {"_id": "2021:09:24:12:35:48.881361", "Trace Message Type": "GenericMethodTraceMsg", "Trace Message": {"req": {"backend_type": "DirectFtdiDevice", "backend_instance_id": 1, "method_name": "set_timeouts", "args": {"read_timeout": "500"}}, "resp": {"exception": "None", "resp": "None"}}}, {"_id": "2021:09:24:12:35:49.006232", "Trace Message Type": "GenericMethodTraceMsg", "Trace Message": {"req": {"backend_type": "DirectFtdiDevice", "backend_instance_id": 1, "method_name": "read", "args": {"num_bytes": "9", "raw": "True"}}, "resp": {"exception": "None", "resp": "b'\\x80\\x03C\\t5 \\rCBB9\\r\\nq\\x00.'"}}}, {"_id": "2021:09:24:12:35:49.134149", "Trace Message Type": "GenericMethodTraceMsg", "Trace Message": {"req": {"backend_type": "DirectFtdiDevice", "backend_instance_id": 1, "method_name": "set_timeouts", "args": {"read_timeout": "500"}}, "resp": {"exception": "None", "resp": "None"}}}, {"_id": "2021:09:24:12:35:49.261871", "Trace Message Type": "GenericMethodTraceMsg", "Trace Message": {"req": {"backend_type": "DirectFtdiDevice", "backend_instance_id": 1, "method_name": "set_timeouts", "args": {"read_timeout": "500"}}, "resp": {"exception": "None", "resp": "None"}}}, {"_id": "2021:09:24:12:35:49.386555", "Trace Message Type": "GenericMethodTraceMsg", "Trace Message": {"req": {"backend_type": "DirectFtdiDevice", "backend_instance_id": 1, "method_name": "write", "args": {"data": {"network_address": "@1", "99": "99", "crc": "BE42", "sequence_no": "47", "command_name": "CURR", "flags": {}, "args": {"axis": "0"}, "command": ""}}}, "resp": {"exception": "None", "resp": "None"}}}, {"_id": "2021:09:24:12:35:49.512237", "Trace Message Type": "GenericMethodTraceMsg", "Trace Message": {"req": {"backend_type": "DirectFtdiDevice", "backend_instance_id": 1, "method_name": "set_timeouts", "args": {"read_timeout": "500"}}, "resp": {"exception": "None", "resp": "None"}}}, {"_id": "2021:09:24:12:35:49.634445", "Trace Message Type": "GenericMethodTraceMsg", "Trace Message": {"req": {"backend_type": "DirectFtdiDevice", "backend_instance_id": 1, "method_name": "get_input_size", "args": {}}, "resp": {"exception": "None", "resp": "10"}}}, {"_id": "2021:09:24:12:35:49.764098", "Trace Message Type": "GenericMethodTraceMsg", "Trace Message": {"req": {"backend_type": "DirectFtdiDevice", "backend_instance_id": 1, "method_name": "set_timeouts", "args": {"read_timeout": "500"}}, "resp": {"exception": "None", "resp": "None"}}}, {"_id": "2021:09:24:12:35:49.882992", "Trace Message Type": "GenericMethodTraceMsg", "Trace Message": {"req": {"backend_type": "DirectFtdiDevice", "backend_instance_id": 1, "method_name": "read", "args": {"num_bytes": "10", "raw": "True"}}, "resp": {"exception": "None", "resp": "b'\\x80\\x03C\\n28 \\r5457\\r\\nq\\x00.'"}}}, {"_id": "2021:09:24:12:35:50.013630", "Trace Message Type": "GenericMethodTraceMsg", "Trace Message": {"req": {"backend_type": "DirectFtdiDevice", "backend_instance_id": 1, "method_name": "set_timeouts", "args": {"read_timeout": "500"}}, "resp": {"exception": "None", "resp": "None"}}}, {"_id": "2021:09:24:12:35:50.157328", "Trace Message Type": "GenericMethodTraceMsg", "Trace Message": {"req": {"backend_type": "DirectFtdiDevice", "backend_instance_id": 1, "method_name": "set_timeouts", "args": {"read_timeout": "500"}}, "resp": {"exception": "None", "resp": "None"}}}, {"_id": "2021:09:24:12:35:50.308159", "Trace Message Type": "GenericMethodTraceMsg", "Trace Message": {"req": {"backend_type": "DirectFtdiDevice", "backend_instance_id": 1, "method_name": "write", "args": {"data": {"network_address": "@1", "99": "99", "crc": "DE0E", "sequence_no": "49", "command_name": "CURR", "flags": {}, "args": {"axis": "0"}, "command": ""}}}, "resp": {"exception": "None", "resp": "None"}}}, {"_id": "2021:09:24:12:35:50.437912", "Trace Message Type": "GenericMethodTraceMsg", "Trace Message": {"req": {"backend_type": "DirectFtdiDevice", "backend_instance_id": 1, "method_name": "set_timeouts", "args": {"read_timeout": "500"}}, "resp": {"exception": "None", "resp": "None"}}}, {"_id": "2021:09:24:12:35:50.557585", "Trace Message Type": "GenericMethodTraceMsg", "Trace Message": {"req": {"backend_type": "DirectFtdiDevice", "backend_instance_id": 1, "method_name": "get_input_size", "args": {}}, "resp": {"exception": "None", "resp": "11"}}}, {"_id": "2021:09:24:12:35:50.680295", "Trace Message Type": "GenericMethodTraceMsg", "Trace Message": {"req": {"backend_type": "DirectFtdiDevice", "backend_instance_id": 1, "method_name": "set_timeouts", "args": {"read_timeout": "500"}}, "resp": {"exception": "None", "resp": "None"}}}, {"_id": "2021:09:24:12:35:50.798043", "Trace Message Type": "GenericMethodTraceMsg", "Trace Message": {"req": {"backend_type": "DirectFtdiDevice", "backend_instance_id": 1, "method_name": "read", "args": {"num_bytes": "11", "raw": "True"}}, "resp": {"exception": "None", "resp": "b'\\x80\\x03C\\x0b-56 \\rC1BF\\r\\nq\\x00.'"}}}, {"_id": "2021:09:24:12:35:50.920725", "Trace Message Type": "GenericMethodTraceMsg", "Trace Message": {"req": {"backend_type": "DirectFtdiDevice", "backend_instance_id": 1, "method_name": "set_timeouts", "args": {"read_timeout": "500"}}, "resp": {"exception": "None", "resp": "None"}}}, {"_id": "2021:09:24:12:35:51.051611", "Trace Message Type": "GenericMethodTraceMsg", "Trace Message": {"req": {"backend_type": "DirectFtdiDevice", "backend_instance_id": 1, "method_name": "set_timeouts", "args": {"read_timeout": "500"}}, "resp": {"exception": "None", "resp": "None"}}}, {"_id": "2021:09:24:12:35:51.169352", "Trace Message Type": "GenericMethodTraceMsg", "Trace Message": {"req": {"backend_type": "DirectFtdiDevice", "backend_instance_id": 1, "method_name": "write", "args": {"data": {"network_address": "@1", "99": "99", "crc": "DB38", "sequence_no": "51", "command_name": "CURR", "flags": {}, "args": {"axis": "0"}, "command": ""}}}, "resp": {"exception": "None", "resp": "None"}}}, {"_id": "2021:09:24:12:35:51.285043", "Trace Message Type": "GenericMethodTraceMsg", "Trace Message": {"req": {"backend_type": "DirectFtdiDevice", "backend_instance_id": 1, "method_name": "set_timeouts", "args": {"read_timeout": "500"}}, "resp": {"exception": "None", "resp": "None"}}}, {"_id": "2021:09:24:12:35:51.404749", "Trace Message Type": "GenericMethodTraceMsg", "Trace Message": {"req": {"backend_type": "DirectFtdiDevice", "backend_instance_id": 1, "method_name": "get_input_size", "args": {}}, "resp": {"exception": "None", "resp": "11"}}}, {"_id": "2021:09:24:12:35:51.529446", "Trace Message Type": "GenericMethodTraceMsg", "Trace Message": {"req": {"backend_type": "DirectFtdiDevice", "backend_instance_id": 1, "method_name": "set_timeouts", "args": {"read_timeout": "500"}}, "resp": {"exception": "None", "resp": "None"}}}, {"_id": "2021:09:24:12:35:51.648191", "Trace Message Type": "GenericMethodTraceMsg", "Trace Message": {"req": {"backend_type": "DirectFtdiDevice", "backend_instance_id": 1, "method_name": "read", "args": {"num_bytes": "11", "raw": "True"}}, "resp": {"exception": "None", "resp": "b'\\x80\\x03C\\x0b-20 \\rB45E\\r\\nq\\x00.'"}}}, {"_id": "2021:09:24:12:35:51.777049", "Trace Message Type": "GenericMethodTraceMsg", "Trace Message": {"req": {"backend_type": "DirectFtdiDevice", "backend_instance_id": 1, "method_name": "set_timeouts", "args": {"read_timeout": "500"}}, "resp": {"exception": "None", "resp": "None"}}}, {"_id": "2021:09:24:12:35:51.908661", "Trace Message Type": "GenericMethodTraceMsg", "Trace Message": {"req": {"backend_type": "DirectFtdiDevice", "backend_instance_id": 1, "method_name": "set_timeouts", "args": {"read_timeout": "500"}}, "resp": {"exception": "None", "resp": "None"}}}, {"_id": "2021:09:24:12:35:52.031331", "Trace Message Type": "GenericMethodTraceMsg", "Trace Message": {"req": {"backend_type": "DirectFtdiDevice", "backend_instance_id": 1, "method_name": "write", "args": {"data": {"network_address": "@1", "99": "99", "crc": "BB21", "sequence_no": "53", "command_name": "CURR", "flags": {}, "args": {"axis": "0"}, "command": ""}}}, "resp": {"exception": "None", "resp": "None"}}}, {"_id": "2021:09:24:12:35:52.154001", "Trace Message Type": "GenericMethodTraceMsg", "Trace Message": {"req": {"backend_type": "DirectFtdiDevice", "backend_instance_id": 1, "method_name": "set_timeouts", "args": {"read_timeout": "500"}}, "resp": {"exception": "None", "resp": "None"}}}, {"_id": "2021:09:24:12:35:52.273686", "Trace Message Type": "GenericMethodTraceMsg", "Trace Message": {"req": {"backend_type": "DirectFtdiDevice", "backend_instance_id": 1, "method_name": "get_input_size", "args": {}}, "resp": {"exception": "None", "resp": "11"}}}, {"_id": "2021:09:24:12:35:52.400346", "Trace Message Type": "GenericMethodTraceMsg", "Trace Message": {"req": {"backend_type": "DirectFtdiDevice", "backend_instance_id": 1, "method_name": "set_timeouts", "args": {"read_timeout": "500"}}, "resp": {"exception": "None", "resp": "None"}}}, {"_id": "2021:09:24:12:35:52.523082", "Trace Message Type": "GenericMethodTraceMsg", "Trace Message": {"req": {"backend_type": "DirectFtdiDevice", "backend_instance_id": 1, "method_name": "read", "args": {"num_bytes": "11", "raw": "True"}}, "resp": {"exception": "None", "resp": "b'\\x80\\x03C\\x0b-49 \\r3E8E\\r\\nq\\x00.'"}}}, {"_id": "2021:09:24:12:35:52.639921", "Trace Message Type": "GenericMethodTraceMsg", "Trace Message": {"req": {"backend_type": "DirectFtdiDevice", "backend_instance_id": 1, "method_name": "set_timeouts", "args": {"read_timeout": "500"}}, "resp": {"exception": "None", "resp": "None"}}}, {"_id": "2021:09:24:12:35:52.697794", "Trace Message Type": "InitializeTraceMsg", "Trace Message": {"req": {"backend_type": "DirectFtdiDevice", "backend_instance_id": 2, "args": {"ftdi": "None"}, "stacktrace": "[<FrameSummary file C:\\Program Files\\JetBrains\\PyCharm Community Edition 2020.2.2\\plugins\\python-ce\\helpers\\pydev\\pydevd.py, line 2141 in <module>>, <FrameSummary file C:\\Program Files\\JetBrains\\PyCharm Community Edition 2020.2.2\\plugins\\python-ce\\helpers\\pydev\\pydevd.py, line 2132 in main>, <FrameSummary file C:\\Program Files\\JetBrains\\PyCharm Community Edition 2020.2.2\\plugins\\python-ce\\helpers\\pydev\\pydevd.py, line 1441 in run>, <FrameSummary file C:\\Program Files\\JetBrains\\PyCharm Community Edition 2020.2.2\\plugins\\python-ce\\helpers\\pydev\\pydevd.py, line 1448 in _exec>, <FrameSummary file C:\\Program Files\\JetBrains\\PyCharm Community Edition 2020.2.2\\plugins\\python-ce\\helpers\\pydev\\_pydev_imps\\_pydev_execfile.py, line 18 in execfile>, <FrameSummary file C:/Users/User/PycharmProjects/automated_solubility_h1/n9/experiments/main_solubility_duplicate.py, line 20 in <module>>, <FrameSummary file <frozen importlib._bootstrap>, line 1023 in _handle_fromlist>, <FrameSummary file <frozen importlib._bootstrap>, line 219 in _call_with_frames_removed>, <FrameSummary file <frozen importlib._bootstrap>, line 971 in _find_and_load>, <FrameSummary file <frozen importlib._bootstrap>, line 955 in _find_and_load_unlocked>, <FrameSummary file <frozen importlib._bootstrap>, line 665 in _load_unlocked>, <FrameSummary file <frozen importlib._bootstrap_external>, line 678 in exec_module>, <FrameSummary file <frozen importlib._bootstrap>, line 219 in _call_with_frames_removed>, <FrameSummary file C:\\Users\\User\\PycharmProjects\\automated_solubility_h1\\n9\\configuration\\deck.py, line 96 in <module>>, <FrameSummary file C:\\Users\\User\\PycharmProjects\\automated_solubility_h1\\venv\\lib\\site-packages\\ftdi_serial.py, line 418 in __init__>, <FrameSummary file C:\\Users\\User\\PycharmProjects\\automated_solubility_h1\\venv\\lib\\site-packages\\ftdi_serial.py, line 441 in connect>, <FrameSummary file C:\\Users\\User\\PycharmProjects\\automated_solubility_h1\\venv\\lib\\site-packages\\ftdi_serial.py, line 428 in open_device>, <FrameSummary file C:\\Users\\User\\PycharmProjects\\automated_solubility_h1\\venv\\lib\\site-packages\\niraapad\\backends.py, line 244 in __init__>, <FrameSummary file C:\\Users\\User\\PycharmProjects\\automated_solubility_h1\\venv\\lib\\site-packages\\niraapad\\lab_computer\\niraapad_client.py, line 340 in initialize>]"}, "resp": {"exception": "None"}}}, {"_id": "2021:09:24:12:35:53.006056", "Trace Message Type": "GenericMethodTraceMsg", "Trace Message": {"req": {"backend_type": "DirectFtdiDevice", "backend_instance_id": 2, "method_name": "reset", "args": {}}, "resp": {"exception": "None", "resp": "None"}}}, {"_id": "2021:09:24:12:35:53.126940", "Trace Message Type": "GenericMethodTraceMsg", "Trace Message": {"req": {"backend_type": "DirectFtdiDevice", "backend_instance_id": 2, "method_name": "set_baud_rate", "args": {"baudrate": "9600"}}, "resp": {"exception": "None", "resp": "None"}}}, {"_id": "2021:09:24:12:35:53.249624", "Trace Message Type": "GenericMethodTraceMsg", "Trace Message": {"req": {"backend_type": "DirectFtdiDevice", "backend_instance_id": 2, "method_name": "set_parameters", "args": {"data_bits": "0"}}, "resp": {"exception": "None", "resp": "None"}}}, {"_id": "2021:09:24:12:35:53.380369", "Trace Message Type": "GenericMethodTraceMsg", "Trace Message": {"req": {"backend_type": "DirectFtdiDevice", "backend_instance_id": 2, "method_name": "set_timeouts", "args": {"read_timeout": "5000"}}, "resp": {"exception": "None", "resp": "None"}}}, {"_id": "2021:09:24:12:35:53.387387", "Trace Message Type": "InitializeTraceMsg", "Trace Message": {"req": {"backend_type": "DirectPySerialDevice", "backend_instance_id": 3, "args": {"serial": "COM16"}, "stacktrace": "[<FrameSummary file C:\\Program Files\\JetBrains\\PyCharm Community Edition 2020.2.2\\plugins\\python-ce\\helpers\\pydev\\pydevd.py, line 2141 in <module>>, <FrameSummary file C:\\Program Files\\JetBrains\\PyCharm Community Edition 2020.2.2\\plugins\\python-ce\\helpers\\pydev\\pydevd.py, line 2132 in main>, <FrameSummary file C:\\Program Files\\JetBrains\\PyCharm Community Edition 2020.2.2\\plugins\\python-ce\\helpers\\pydev\\pydevd.py, line 1441 in run>, <FrameSummary file C:\\Program Files\\JetBrains\\PyCharm Community Edition 2020.2.2\\plugins\\python-ce\\helpers\\pydev\\pydevd.py, line 1448 in _exec>, <FrameSummary file C:\\Program Files\\JetBrains\\PyCharm Community Edition 2020.2.2\\plugins\\python-ce\\helpers\\pydev\\_pydev_imps\\_pydev_execfile.py, line 18 in execfile>, <FrameSummary file C:/Users/User/PycharmProjects/automated_solubility_h1/n9/experiments/main_solubility_duplicate.py, line 20 in <module>>, <FrameSummary file <frozen importlib._bootstrap>, line 1023 in _handle_fromlist>, <FrameSummary file <frozen importlib._bootstrap>, line 219 in _call_with_frames_removed>, <FrameSummary file <frozen importlib._bootstrap>, line 971 in _find_and_load>, <FrameSummary file <frozen importlib._bootstrap>, line 955 in _find_and_load_unlocked>, <FrameSummary file <frozen importlib._bootstrap>, line 665 in _load_unlocked>, <FrameSummary file <frozen importlib._bootstrap_external>, line 678 in exec_module>, <FrameSummary file <frozen importlib._bootstrap>, line 219 in _call_with_frames_removed>, <FrameSummary file C:\\Users\\User\\PycharmProjects\\automated_solubility_h1\\n9\\configuration\\deck.py, line 112 in <module>>, <FrameSummary file C:\\Users\\User\\PycharmProjects\\automated_solubility_h1\\venv\\lib\\site-packages\\ika\\magnetic_stirrer.py, line 152 in __init__>, <FrameSummary file C:\\Users\\User\\PycharmProjects\\automated_solubility_h1\\venv\\lib\\site-packages\\ika\\magnetic_stirrer.py, line 452 in connect>, <FrameSummary file C:\\Users\\User\\PycharmProjects\\automated_solubility_h1\\venv\\lib\\site-packages\\ftdi_serial.py, line 418 in __init__>, <FrameSummary file C:\\Users\\User\\PycharmProjects\\automated_solubility_h1\\venv\\lib\\site-packages\\ftdi_serial.py, line 441 in connect>, <FrameSummary file C:\\Users\\User\\PycharmProjects\\automated_solubility_h1\\venv\\lib\\site-packages\\ftdi_serial.py, line 426 in open_device>, <FrameSummary file C:\\Users\\User\\PycharmProjects\\automated_solubility_h1\\venv\\lib\\site-packages\\niraapad\\backends.py, line 297 in __init__>, <FrameSummary file C:\\Users\\User\\PycharmProjects\\automated_solubility_h1\\venv\\lib\\site-packages\\niraapad\\lab_computer\\niraapad_client.py, line 340 in initialize>]"}, "resp": {"exception": "could not open port 'COM16': FileNotFoundError(2, 'The system cannot find the file specified.', None, 2)"}}}, {"_id": "2021:09:24:12:45:29.501565", "Trace Message Type": "StopServerTraceMsg", "Trace Message": {}}]}