id,Timestamp,Module,Method_Name,Arguments,Responses,Exceptions,Execution Time (Sec),Arrival_Time,Departure_Time
1,2022:03:31:00:43:46.224983,N9,_init_,ftdi: None,,None,0.010330700315535,2022:03:31:00:33:44.664794,2022:03:31:00:33:44.735017
7,2022:03:31:00:43:46.232951,N9,PING,,None,None,0.0001641999988351,2022:03:31:00:33:45.271024,2022:03:31:00:33:45.329207
18,2022:03:31:00:43:46.234900,N9,BIAS,,None,None,0.0002317000034963,2022:03:31:00:33:45.945767,2022:03:31:00:33:46.003109
33,2022:03:31:00:43:46.237891,N9,SPED,"velocity: 20000, acceleration: 20000",None,None,0.000172999993083,2022:03:31:00:33:46.814867,2022:03:31:00:33:46.872422
48,2022:03:31:00:43:46.239886,N9,BIAS,bias: 0,None,None,0.0002535000094212,2022:03:31:00:33:47.702585,2022:03:31:00:33:47.761611
63,2022:03:31:00:43:46.242878,N9,HOME,if_needed: 1,None,None,0.0002504999865777,2022:03:31:00:33:48.581450,2022:03:31:00:33:48.640705
82,2022:03:31:00:43:46.245870,N9,SPED,,None,None,0.0001966999989235,2022:03:31:00:33:49.699530,2022:03:31:00:33:49.757204
97,2022:03:31:00:43:46.247865,N9,BIAS,,None,None,0.0002226999931735,2022:03:31:00:33:50.583026,2022:03:31:00:33:50.641502
112,2022:03:31:00:43:46.249897,N9,SPED,"velocity: 40000, acceleration: 100000",None,None,0.0002243000053567,2022:03:31:00:33:51.457429,2022:03:31:00:33:51.515500
127,2022:03:31:00:43:46.251895,N9,BIAS,bias: 2,None,None,0.0001900000061141,2022:03:31:00:33:52.351588,2022:03:31:00:33:52.410669
138,2022:03:31:00:43:46.253921,N9,POS,"axis: 1,units: 1",None,None,0.0002339000056963,2022:03:31:00:33:53.003524,2022:03:31:00:33:53.062749
153,2022:03:31:00:43:46.255921,N9,POS,"axis: 2,units: 1",None,None,0.0001651000056881,2022:03:31:00:33:53.893121,2022:03:31:00:33:53.950994
168,2022:03:31:00:43:46.257909,N9,POS,"axis: 0,units: 1",None,None,0.0001889999984996,2022:03:31:00:33:54.766648,2022:03:31:00:33:54.825134
179,2022:03:31:00:43:46.259872,N9,POS,C: 1,None,None,0.0001683000009506,2022:03:31:00:33:55.410939,2022:03:31:00:33:55.469456
194,2022:03:31:00:43:46.261867,N9,JLEN,length: 0,None,None,0.0058534001000225,2022:03:31:00:33:56.973424,2022:03:31:00:33:57.037670
201,2022:03:31:00:43:46.262864,N9,ARM,"v : velocity: -141600, A : acceleration: 309300, R : relative: 310227, X : X: 28986, Y : Y: 2",None,None,0.0002639000013004,2022:03:31:00:33:57.741839,2022:03:31:00:33:57.800464
220,2022:03:31:00:43:46.264859,N9,POS,"axis: 1,units: 1",None,None,0.0001400000037392,2022:03:31:00:33:58.917514,2022:03:31:00:33:58.976260
235,2022:03:31:00:43:46.266853,N9,ARM,"v : velocity: -141600, A : acceleration: 309300, R : relative: 310227, X : X: 28986, Y : Y: 2",None,None,0.0001799000019673,2022:03:31:00:33:59.792003,2022:03:31:00:33:59.850532
254,2022:03:31:00:43:46.269845,N9,POS,"axis: 2,units: 1",None,None,0.000218400004087,2022:03:31:00:34:00.977468,2022:03:31:00:34:01.034878
265,2022:03:31:00:43:46.270843,N9,ARM,"v : velocity: -141600, A : acceleration: 309300, R : relative: 310227, X : X: 28986, Y : Y: 2",None,None,0.0002493000065442,2022:03:31:00:34:01.617868,2022:03:31:00:34:01.675753
280,2022:03:31:00:43:46.273835,N9,POS,"axis: 0,units: 1",None,None,0.0002580999862402,2022:03:31:00:34:02.568488,2022:03:31:00:34:02.626465
295,2022:03:31:00:43:46.275829,N9,ARM,"v : velocity: -141600, A : acceleration: 309300, R : relative: 310305, X : X: 28986, Y : Y: 2",None,None,0.0003696999920066,2022:03:31:00:34:03.452474,2022:03:31:00:34:03.512045
314,2022:03:31:00:43:46.277824,N9,POS,C: 1,None,None,0.0002545999886933,2022:03:31:00:34:04.641189,2022:03:31:00:34:04.700195
329,2022:03:31:00:43:46.280816,N9,ARM,"v : velocity: -141600, A : acceleration: 309300, R : relative: 310227, X : X: 28986, Y : Y: 2",None,None,0.0002601000014692,2022:03:31:00:34:05.530184,2022:03:31:00:34:05.588573
348,2022:03:31:00:43:46.282811,N9,ARM,"v : velocity: -141600, A : acceleration: 309300, R : relative: 309680, X : X: 28986, Y : Y: 2",None,None,0.0003021000011358,2022:03:31:00:34:06.737219,2022:03:31:00:34:06.795982
367,2022:03:31:00:43:46.285803,N9,MVNG,"axes: 1,2,3,0",None,None,0.0002650000096764,2022:03:31:00:34:08.393877,2022:03:31:00:34:08.452262
378,2022:03:31:00:43:46.286800,N9,ARM,"v : velocity: -141600, A : acceleration: 309300, R : relative: 300077, X : X: 28986, Y : Y: 2",None,None,0.00020979999681,2022:03:31:00:34:09.038017,2022:03:31:00:34:09.095716
393,2022:03:31:00:43:46.288795,N9,MVNG,"axes: 1,2,3,0",None,None,0.000242199996137,2022:03:31:00:34:10.039534,2022:03:31:00:34:10.098342
408,2022:03:31:00:43:46.291787,N9,ARM,"v : velocity: -141600, A : acceleration: 309300, R : relative: 290077, X : X: 28986, Y : Y: 2",None,None,0.0003196999896317,2022:03:31:00:34:10.915234,2022:03:31:00:34:10.973892
427,2022:03:31:00:43:46.293781,N9,MVNG,"axes: 1,2,3,0",None,None,0.0002282000059494,2022:03:31:00:34:12.144633,2022:03:31:00:34:12.203202
438,2022:03:31:00:43:46.295776,N9,ARM,"v : velocity: -141600, A : acceleration: 309300, R : relative: 281268, X : X: 28986, Y : Y: 2",None,None,0.0002494000073056,2022:03:31:00:34:12.791443,2022:03:31:00:34:12.850396
457,2022:03:31:00:43:46.297771,N9,MVNG,"axes: 1,2,3,0",None,None,0.0002955000090878,2022:03:31:00:34:14.027986,2022:03:31:00:34:14.086172
468,2022:03:31:00:43:46.299765,N9,ARM,"v : velocity: -141600, A : acceleration: 309300, R : relative: 272380, X : X: 28986, Y : Y: 2",None,None,0.0003349999897181,2022:03:31:00:34:14.679213,2022:03:31:00:34:14.737689
483,2022:03:31:00:43:46.301760,N9,MVNG,"axes: 1,2,3,0",None,None,0.0002626999921631,2022:03:31:00:34:15.654891,2022:03:31:00:34:15.713487
498,2022:03:31:00:43:46.303755,N9,ARM,"v : velocity: -141600, A : acceleration: 309300, R : relative: 263491, X : X: 28986, Y : Y: 2",None,None,0.0002534000086598,2022:03:31:00:34:16.533120,2022:03:31:00:34:16.591544
517,2022:03:31:00:43:46.306747,N9,MVNG,"axes: 1,2,3,0",None,None,0.0003576999879442,2022:03:31:00:34:17.747568,2022:03:31:00:34:17.805966
532,2022:03:31:00:43:46.308741,N9,ARM,"v : velocity: -141600, A : acceleration: 309300, R : relative: 254682, X : X: 28986, Y : Y: 2",None,None,0.0002290999982506,2022:03:31:00:34:18.623809,2022:03:31:00:34:18.681590
547,2022:03:31:00:43:46.310736,N9,MVNG,"axes: 1,2,3,0",None,None,0.0002483999996911,2022:03:31:00:34:19.870068,2022:03:31:00:34:19.930320
558,2022:03:31:00:43:46.312731,N9,ARM,"v : velocity: -141600, A : acceleration: 309300, R : relative: 245952, X : X: 28986, Y : Y: 2",None,None,0.0001869999978225,2022:03:31:00:34:20.525197,2022:03:31:00:34:20.584759
577,2022:03:31:00:43:46.314725,N9,MVNG,"axes: 1,2,3,0",None,None,0.0002741999924182,2022:03:31:00:34:21.735807,2022:03:31:00:34:21.794270
588,2022:03:31:00:43:46.316720,N9,ARM,"v : velocity: -141600, A : acceleration: 309300, R : relative: 237222, X : X: 28986, Y : Y: 2",None,None,0.0002396000054432,2022:03:31:00:34:22.376534,2022:03:31:00:34:22.435765
607,2022:03:31:00:43:46.319712,N9,MVNG,"axes: 1,2,3,0",None,None,0.0003247999993618,2022:03:31:00:34:23.595361,2022:03:31:00:34:23.654290
618,2022:03:31:00:43:46.320709,N9,ARM,"v : velocity: -141600, A : acceleration: 309300, R : relative: 228492, X : X: 28986, Y : Y: 2",None,None,0.0002869000018108,2022:03:31:00:34:24.240925,2022:03:31:00:34:24.298248
633,2022:03:31:00:43:46.322704,N9,MVNG,"axes: 1,2,3,0",None,None,0.000253900012467,2022:03:31:00:34:25.222280,2022:03:31:00:34:25.281406
644,2022:03:31:00:43:46.324699,N9,ARM,"v : velocity: -141600, A : acceleration: 309300, R : relative: 219762, X : X: 28986, Y : Y: 2",None,None,0.0001928999990923,2022:03:31:00:34:25.876634,2022:03:31:00:34:25.935441
663,2022:03:31:00:43:46.326693,N9,MVNG,"axes: 1,2,3,0",None,None,0.0002475999935995,2022:03:31:00:34:27.094037,2022:03:31:00:34:27.153020
674,2022:03:31:00:43:46.328688,N9,ARM,"v : velocity: -141600, A : acceleration: 309300, R : relative: 211033, X : X: 28986, Y : Y: 2",None,None,0.000296399986837,2022:03:31:00:34:27.747536,2022:03:31:00:34:27.806124
693,2022:03:31:00:43:46.331680,N9,MVNG,"axes: 1,2,3,0",None,None,0.0002913000062108,2022:03:31:00:34:28.972284,2022:03:31:00:34:29.031278
704,2022:03:31:00:43:46.332677,N9,ARM,"v : velocity: -141600, A : acceleration: 309300, R : relative: 202303, X : X: 28986, Y : Y: 2",None,None,0.0003474999975878,2022:03:31:00:34:29.620735,2022:03:31:00:34:29.679481
723,2022:03:31:00:43:46.335669,N9,MVNG,"axes: 1,2,3,0",None,None,0.0002447000006213,2022:03:31:00:34:30.849801,2022:03:31:00:34:30.908400
734,2022:03:31:00:43:46.336667,N9,ARM,"v : velocity: -141600, A : acceleration: 309300, R : relative: 193573, X : X: 28986, Y : Y: 2",None,None,0.0003137000021524,2022:03:31:00:34:31.503566,2022:03:31:00:34:31.562482
753,2022:03:31:00:43:46.339659,N9,MVNG,"axes: 1,2,3,0",None,None,0.0003387999895494,2022:03:31:00:34:32.724133,2022:03:31:00:34:32.782527
768,2022:03:31:00:43:46.341653,N9,ARM,"v : velocity: -141600, A : acceleration: 309300, R : relative: 184843, X : X: 28986, Y : Y: 2",None,None,0.0004021000058855,2022:03:31:00:34:33.601176,2022:03:31:00:34:33.660357
787,2022:03:31:00:43:46.344574,N9,MVNG,"axes: 1,2,3,0",None,None,0.0003054999979212,2022:03:31:00:34:34.814410,2022:03:31:00:34:34.873424
798,2022:03:31:00:43:46.345571,N9,ARM,"v : velocity: -141600, A : acceleration: 309300, R : relative: 176113, X : X: 28986, Y : Y: 2",None,None,0.000396899995394,2022:03:31:00:34:35.463080,2022:03:31:00:34:35.522142
817,2022:03:31:00:43:46.348563,N9,MVNG,"axes: 1,2,3,0",None,None,0.0002683000057004,2022:03:31:00:34:36.670375,2022:03:31:00:34:36.730238
832,2022:03:31:00:43:46.350558,N9,ARM,"v : velocity: -141600, A : acceleration: 309300, R : relative: 167383, X : X: 28986, Y : Y: 2",None,None,0.0002098999975714,2022:03:31:00:34:37.550304,2022:03:31:00:34:37.610442
847,2022:03:31:00:43:46.352553,N9,MVNG,"axes: 1,2,3,0",None,None,0.0005660000024363,2022:03:31:00:34:38.533386,2022:03:31:00:34:38.591997
858,2022:03:31:00:43:46.354547,N9,ARM,"v : velocity: -141600, A : acceleration: 309300, R : relative: 158653, X : X: 28986, Y : Y: 2",None,None,0.0004859000036958,2022:03:31:00:34:39.181985,2022:03:31:00:34:39.239837
877,2022:03:31:00:43:46.356542,N9,MVNG,"axes: 1,2,3,0",None,None,0.0002381999947829,2022:03:31:00:34:40.397793,2022:03:31:00:34:40.456959
888,2022:03:31:00:43:46.358537,N9,ARM,"v : velocity: -141600, A : acceleration: 309300, R : relative: 167950, X : X: 28986, Y : Y: 2",None,None,0.0003077999863307,2022:03:31:00:34:41.049364,2022:03:31:00:34:41.107281
907,2022:03:31:00:43:46.361529,N9,MVNG,"axes: 1,2,3,0",None,None,0.0002092999930027,2022:03:31:00:34:42.265991,2022:03:31:00:34:42.323805
922,2022:03:31:00:43:46.363523,N9,ARM,"v : velocity: -141600, A : acceleration: 309300, R : relative: 177403, X : X: 28986, Y : Y: 2",None,None,0.0004771999956574,2022:03:31:00:34:43.140261,2022:03:31:00:34:43.198048
941,2022:03:31:00:43:46.365518,N9,MVNG,"axes: 1,2,3,0",None,None,0.0002253999991808,2022:03:31:00:34:44.346726,2022:03:31:00:34:44.406169
952,2022:03:31:00:43:46.367513,N9,ARM,"v : velocity: -141600, A : acceleration: 309300, R : relative: 186857, X : X: 28986, Y : Y: 2",None,None,0.0002606000052765,2022:03:31:00:34:44.987216,2022:03:31:00:34:45.045949
971,2022:03:31:00:43:46.370505,N9,MVNG,"axes: 1,2,3,0",None,None,0.0005805999971926,2022:03:31:00:34:46.198186,2022:03:31:00:34:46.257141
986,2022:03:31:00:43:46.372499,N9,ARM,"v : velocity: -141600, A : acceleration: 309300, R : relative: 196700, X : X: 28986, Y : Y: 2",None,None,0.0002176999987568,2022:03:31:00:34:47.075322,2022:03:31:00:34:47.133871
1005,2022:03:31:00:43:46.375492,N9,MVNG,"axes: 1,2,3,0",None,None,0.0003917000140063,2022:03:31:00:34:48.299366,2022:03:31:00:34:48.357456
1016,2022:03:31:00:43:46.376489,N9,ARM,"v : velocity: -141600, A : acceleration: 309300, R : relative: 206544, X : X: 28986, Y : Y: 2",None,None,0.0003708000003825,2022:03:31:00:34:48.943996,2022:03:31:00:34:49.001975
1035,2022:03:31:00:43:46.379481,N9,MVNG,"axes: 1,2,3,0",None,None,0.0002597999991849,2022:03:31:00:34:50.156459,2022:03:31:00:34:50.215547
1046,2022:03:31:00:43:46.380478,N9,ARM,"v : velocity: -141600, A : acceleration: 309300, R : relative: 216466, X : X: 28986, Y : Y: 2",None,None,0.0001770999951986,2022:03:31:00:34:50.799975,2022:03:31:00:34:50.857042
1065,2022:03:31:00:43:46.383470,N9,MVNG,"axes: 1,2,3,0",None,None,0.0002995000104419,2022:03:31:00:34:52.022624,2022:03:31:00:34:52.081611
1080,2022:03:31:00:43:46.385465,N9,ARM,"v : velocity: -141600, A : acceleration: 309300, R : relative: 226388, X : X: 28986, Y : Y: 2",None,None,0.0002683000057004,2022:03:31:00:34:52.901742,2022:03:31:00:34:52.960636
1099,2022:03:31:00:43:46.388457,N9,MVNG,"axes: 1,2,3,0",None,None,0.0002852999896276,2022:03:31:00:34:54.126717,2022:03:31:00:34:54.184775
1110,2022:03:31:00:43:46.389454,N9,ARM,"v : velocity: -141600, A : acceleration: 309300, R : relative: 236232, X : X: 28986, Y : Y: 2",None,None,0.0002547999902162,2022:03:31:00:34:54.779989,2022:03:31:00:34:54.837133
1129,2022:03:31:00:43:46.392446,N9,MVNG,"axes: 1,2,3,0",None,None,0.0002213999978266,2022:03:31:00:34:55.995599,2022:03:31:00:34:56.053954
1140,2022:03:31:00:43:46.394441,N9,ARM,"v : velocity: -141600, A : acceleration: 309300, R : relative: 246075, X : X: 28986, Y : Y: 2",None,None,0.0004074999887961,2022:03:31:00:34:56.643814,2022:03:31:00:34:56.703060
1159,2022:03:31:00:43:46.396435,N9,MVNG,"axes: 1,2,3,0",None,None,0.0004897000035271,2022:03:31:00:34:57.858683,2022:03:31:00:34:57.916511
1170,2022:03:31:00:43:46.398430,N9,ARM,"v : velocity: -141600, A : acceleration: 309300, R : relative: 256075, X : X: 28986, Y : Y: 2",None,None,0.0003074000123888,2022:03:31:00:34:58.498673,2022:03:31:00:34:58.555654
1189,2022:03:31:00:43:46.400989,N9,MVNG,"axes: 1,2,3,0",None,None,0.000270399992587,2022:03:31:00:34:59.715517,2022:03:31:00:34:59.774468
1204,2022:03:31:00:43:46.403149,N9,ARM,"v : velocity: -141600, A : acceleration: 309300, R : relative: 266075, X : X: 28986, Y : Y: 2",None,None,0.0002150999935111,2022:03:31:00:35:00.590541,2022:03:31:00:35:00.649769
1219,2022:03:31:00:43:46.405274,N9,MVNG,"axes: 1,2,3,0",None,None,0.0004488000122364,2022:03:31:00:35:01.582507,2022:03:31:00:35:01.640778
1230,2022:03:31:00:43:46.406887,N9,ARM,"v : velocity: -141600, A : acceleration: 309300, R : relative: 276075, X : X: 28986, Y : Y: 2",None,None,0.0002728000108618,2022:03:31:00:35:02.235051,2022:03:31:00:35:02.294062
1249,2022:03:31:00:43:46.409020,N9,MVNG,"axes: 1,2,3,0",None,None,0.0002398999931756,2022:03:31:00:35:03.455427,2022:03:31:00:35:03.515280
1260,2022:03:31:00:43:46.411014,N9,ARM,"v : velocity: -141600, A : acceleration: 309300, R : relative: 286075, X : X: 28986, Y : Y: 2",None,None,0.0002022999979089,2022:03:31:00:35:04.104543,2022:03:31:00:35:04.162661
1275,2022:03:31:00:43:46.413009,N9,MVNG,"axes: 1,2,3,0",None,None,0.0004100000078324,2022:03:31:00:35:05.092155,2022:03:31:00:35:05.151010
1286,2022:03:31:00:43:46.415003,N9,ARM,"v : velocity: -141600, A : acceleration: 309300, R : relative: 296075, X : X: 28986, Y : Y: 2",None,None,0.0003289000014774,2022:03:31:00:35:05.740091,2022:03:31:00:35:05.799531
1301,2022:03:31:00:43:46.417791,N9,MVNG,"axes: 1,2,3,0",None,None,0.0001828999957069,2022:03:31:00:35:06.736600,2022:03:31:00:35:06.795746
1312,2022:03:31:00:43:46.419892,N9,ARM,"v : velocity: -141600, A : acceleration: 309300, R : relative: 306075, X : X: 28986, Y : Y: 2",None,None,0.0002601000014692,2022:03:31:00:35:07.377011,2022:03:31:00:35:07.435734
1327,2022:03:31:00:43:46.422011,N9,MVNG,"axes: 1,2,3,0",None,None,0.000143700002809,2022:03:31:00:35:08.359980,2022:03:31:00:35:08.418111
1342,2022:03:31:00:43:46.424122,N9,ARM,"v : velocity: -141600, A : acceleration: 309300, R : relative: 316075, X : X: 28986, Y : Y: 2",None,None,0.0003319999959785,2022:03:31:00:35:09.232137,2022:03:31:00:35:09.290790
1357,2022:03:31:00:43:46.426796,N9,ARM,"v : velocity: -141600, A : acceleration: 309300, R : relative: 316075, X : X: 28986, Y : Y: 2",None,None,0.0001962999958777,2022:03:31:00:35:10.176071,2022:03:31:00:35:10.233674
1372,2022:03:31:00:43:46.428933,N9,ARM,"v : velocity: -141600, A : acceleration: 309300, R : relative: 316075, X : X: 28986, Y : Y: 2",None,None,0.0003434999962337,2022:03:31:00:35:11.122254,2022:03:31:00:35:11.180476
1387,2022:03:31:00:43:46.431059,N9,ARM,"v : velocity: -141600, A : acceleration: 309300, R : relative: 316075, X : X: 28986, Y : Y: 2",None,None,0.000256300001638,2022:03:31:00:35:12.072335,2022:03:31:00:35:12.129997
1402,2022:03:31:00:43:46.433558,N9,ARM,"v : velocity: -141600, A : acceleration: 309300, R : relative: 296472, X : X: 28986, Y : Y: 2",None,None,0.0002341999934287,2022:03:31:00:35:13.024643,2022:03:31:00:35:13.085351
1421,2022:03:31:00:43:46.436711,N9,MVNG,"axes: 1,2,3,0",None,None,0.0001787999935913,2022:03:31:00:35:14.237204,2022:03:31:00:35:14.296242
1436,2022:03:31:00:43:46.438682,N9,ARM,"v : velocity: -141600, A : acceleration: 309300, R : relative: 286473, X : X: 28986, Y : Y: 2",None,None,0.0008118000114336,2022:03:31:00:35:15.111451,2022:03:31:00:35:15.171013
1451,2022:03:31:00:43:46.440698,N9,MVNG,"axes: 1,2,3,0",None,None,0.0001183999993372,2022:03:31:00:35:16.108705,2022:03:31:00:35:16.167921
1462,2022:03:31:00:43:46.442690,N9,ARM,"v : velocity: -141600, A : acceleration: 309300, R : relative: 276473, X : X: 28986, Y : Y: 2",None,None,0.0001802000042516,2022:03:31:00:35:16.752585,2022:03:31:00:35:16.810736
1477,2022:03:31:00:43:46.444684,N9,MVNG,"axes: 1,2,3,0",None,None,0.000190399994608,2022:03:31:00:35:17.738599,2022:03:31:00:35:17.797278
1488,2022:03:31:00:43:46.445682,N9,ARM,"v : velocity: -141600, A : acceleration: 309300, R : relative: 266473, X : X: 28986, Y : Y: 2",None,None,0.0004065000102855,2022:03:31:00:35:18.385287,2022:03:31:00:35:18.444549
1503,2022:03:31:00:43:46.448670,N9,MVNG,"axes: 1,2,3,0",None,None,0.0002393000031588,2022:03:31:00:35:19.375384,2022:03:31:00:35:19.433732
1514,2022:03:31:00:43:46.450645,N9,ARM,"v : velocity: -141600, A : acceleration: 309300, R : relative: 256474, X : X: 28986, Y : Y: 2",None,None,0.0003058000002056,2022:03:31:00:35:20.221506,2022:03:31:00:35:20.279307
1529,2022:03:31:00:43:46.452641,N9,MVNG,"axes: 1,2,3,0",None,None,0.0002381999947829,2022:03:31:00:35:21.214422,2022:03:31:00:35:21.272926
1540,2022:03:31:00:43:46.453638,N9,ARM,"v : velocity: -141600, A : acceleration: 309300, R : relative: 246474, X : X: 28986, Y : Y: 2",None,None,0.0001958000066224,2022:03:31:00:35:21.858850,2022:03:31:00:35:21.917766
1555,2022:03:31:00:43:46.456630,N9,MVNG,"axes: 1,2,3,0",None,None,0.0002478999958839,2022:03:31:00:35:22.862243,2022:03:31:00:35:22.921366
1566,2022:03:31:00:43:46.457865,N9,ARM,"v : velocity: -141600, A : acceleration: 309300, R : relative: 236474, X : X: 28986, Y : Y: 2",None,None,0.0002868000010494,2022:03:31:00:35:23.506725,2022:03:31:00:35:23.565767
1585,2022:03:31:00:43:46.461278,N9,MVNG,"axes: 1,2,3,0",None,None,0.0004026000096928,2022:03:31:00:35:24.733812,2022:03:31:00:35:24.792534
1596,2022:03:31:00:43:46.462797,N9,ARM,"v : velocity: -141600, A : acceleration: 309300, R : relative: 226474, X : X: 28986, Y : Y: 2",None,None,0.0002824999974109,2022:03:31:00:35:25.384086,2022:03:31:00:35:25.441880
1615,2022:03:31:00:43:46.465791,N9,MVNG,"axes: 1,2,3,0",None,None,0.0001725000038277,2022:03:31:00:35:26.595778,2022:03:31:00:35:26.654391
1626,2022:03:31:00:43:46.467654,N9,ARM,"v : velocity: -141600, A : acceleration: 309300, R : relative: 216475, X : X: 28986, Y : Y: 2",None,None,0.0002804000105243,2022:03:31:00:35:27.259122,2022:03:31:00:35:27.317019
1645,2022:03:31:00:43:46.470101,N9,MVNG,"axes: 1,2,3,0",None,None,0.0001900000061141,2022:03:31:00:35:28.479160,2022:03:31:00:35:28.537705
1660,2022:03:31:00:43:46.472504,N9,ARM,"v : velocity: -141600, A : acceleration: 309300, R : relative: 206475, X : X: 28986, Y : Y: 2",None,None,0.0002066000015474,2022:03:31:00:35:29.356755,2022:03:31:00:35:29.413624
1679,2022:03:31:00:43:46.475497,N9,MVNG,"axes: 1,2,3,0",None,None,0.0003239999932702,2022:03:31:00:35:30.614072,2022:03:31:00:35:30.671455
1690,2022:03:31:00:43:46.476495,N9,ARM,"v : velocity: -141600, A : acceleration: 309300, R : relative: 196475, X : X: 28986, Y : Y: 2",None,None,0.0002709999971557,2022:03:31:00:35:31.257875,2022:03:31:00:35:31.316726
1709,2022:03:31:00:43:46.480635,N9,MVNG,"axes: 1,2,3,0",None,None,0.0002810999867506,2022:03:31:00:35:32.477263,2022:03:31:00:35:32.535969
1724,2022:03:31:00:43:46.482665,N9,ARM,"v : velocity: -141600, A : acceleration: 309300, R : relative: 186476, X : X: 28986, Y : Y: 2",None,None,0.0001747000060277,2022:03:31:00:35:33.362519,2022:03:31:00:35:33.420287
1739,2022:03:31:00:43:46.485328,N9,MVNG,"axes: 1,2,3,0",None,None,0.0001329999940935,2022:03:31:00:35:34.351420,2022:03:31:00:35:34.409302
1754,2022:03:31:00:43:46.487788,N9,ARM,"v : velocity: -141600, A : acceleration: 309300, R : relative: 176476, X : X: 28986, Y : Y: 2",None,None,0.0002210999955423,2022:03:31:00:35:35.233379,2022:03:31:00:35:35.290273
1773,2022:03:31:00:43:46.489784,N9,MVNG,"axes: 1,2,3,0",None,None,0.0002467999875079,2022:03:31:00:35:36.468129,2022:03:31:00:35:36.527683
1784,2022:03:31:00:43:46.491778,N9,ARM,"v : velocity: -141600, A : acceleration: 309300, R : relative: 166476, X : X: 28986, Y : Y: 2",None,None,0.0002355000033276,2022:03:31:00:35:37.123071,2022:03:31:00:35:37.181334
1803,2022:03:31:00:43:46.494771,N9,MVNG,"axes: 1,2,3,0",None,None,0.000190399994608,2022:03:31:00:35:38.351125,2022:03:31:00:35:38.409874
1818,2022:03:31:00:43:46.496765,N9,ARM,"v : velocity: -141600, A : acceleration: 309300, R : relative: 167023, X : X: 28986, Y : Y: 2",None,None,0.0003055999986827,2022:03:31:00:35:39.544178,2022:03:31:00:35:39.602615
1837,2022:03:31:00:43:46.499757,N9,MVNG,"axes: 1,2,3,0",None,None,0.0002315000019734,2022:03:31:00:35:40.753712,2022:03:31:00:35:40.813010
1848,2022:03:31:00:43:46.501752,N9,ARM,"v : velocity: -141600, A : acceleration: 309300, R : relative: 177023, X : X: 28986, Y : Y: 2",None,None,0.0002500000118743,2022:03:31:00:35:41.405553,2022:03:31:00:35:41.465090
1867,2022:03:31:00:43:46.504451,N9,MVNG,"axes: 1,2,3,0",None,None,0.0002588999923318,2022:03:31:00:35:42.627535,2022:03:31:00:35:42.686917
1878,2022:03:31:00:43:46.506484,N9,ARM,"v : velocity: -141600, A : acceleration: 309300, R : relative: 187023, X : X: 28986, Y : Y: 2",None,None,0.00048550000065,2022:03:31:00:35:43.279938,2022:03:31:00:35:43.339007
1897,2022:03:31:00:43:46.509476,N9,MVNG,"axes: 1,2,3,0",None,None,0.0002437999937683,2022:03:31:00:35:44.504722,2022:03:31:00:35:44.563095
1912,2022:03:31:00:43:46.511466,N9,ARM,"v : velocity: -141600, A : acceleration: 309300, R : relative: 197023, X : X: 28986, Y : Y: 2",None,None,0.0002305999951204,2022:03:31:00:35:45.379801,2022:03:31:00:35:45.438541
1931,2022:03:31:00:43:46.514227,N9,MVNG,"axes: 1,2,3,0",None,None,0.0003670000005513,2022:03:31:00:35:46.607710,2022:03:31:00:35:46.666566
1942,2022:03:31:00:43:46.516222,N9,ARM,"v : velocity: -141600, A : acceleration: 309300, R : relative: 207023, X : X: 28986, Y : Y: 2",None,None,0.0002031000040005,2022:03:31:00:35:47.264643,2022:03:31:00:35:47.322556
1957,2022:03:31:00:43:46.518223,N9,MVNG,"axes: 1,2,3,0",None,None,0.0002643000043462,2022:03:31:00:35:48.261826,2022:03:31:00:35:48.319487
1968,2022:03:31:00:43:46.519717,N9,ARM,"v : velocity: -141600, A : acceleration: 309300, R : relative: 217023, X : X: 28986, Y : Y: 2",None,None,0.0002869000018108,2022:03:31:00:35:48.918937,2022:03:31:00:35:48.977651
1987,2022:03:31:00:43:46.523155,N9,MVNG,"axes: 1,2,3,0",None,None,0.0004231999919284,2022:03:31:00:35:50.147430,2022:03:31:00:35:50.206498
2002,2022:03:31:00:43:46.525149,N9,ARM,"v : velocity: -141600, A : acceleration: 309300, R : relative: 227023, X : X: 28986, Y : Y: 2",None,None,0.0003408000047784,2022:03:31:00:35:51.024959,2022:03:31:00:35:51.083566
2021,2022:03:31:00:43:46.528172,N9,MVNG,"axes: 1,2,3,0",None,None,0.0001905999961309,2022:03:31:00:35:52.252784,2022:03:31:00:35:52.311651
2036,2022:03:31:00:43:46.530168,N9,ARM,"v : velocity: -141600, A : acceleration: 309300, R : relative: 237023, X : X: 28986, Y : Y: 2",None,None,0.0002143000019714,2022:03:31:00:35:53.138956,2022:03:31:00:35:53.198906
2051,2022:03:31:00:43:46.532162,N9,MVNG,"axes: 1,2,3,0",None,None,0.000450899999123,2022:03:31:00:35:54.142288,2022:03:31:00:35:54.200374
2066,2022:03:31:00:43:46.534157,N9,ARM,"v : velocity: -141600, A : acceleration: 309300, R : relative: 247023, X : X: 28986, Y : Y: 2",None,None,0.0003680000081658,2022:03:31:00:35:55.027093,2022:03:31:00:35:55.084682
2085,2022:03:31:00:43:46.537149,N9,MVNG,"axes: 1,2,3,0",None,None,0.0002417000068817,2022:03:31:00:35:56.258589,2022:03:31:00:35:56.316702
2100,2022:03:31:00:43:46.539144,N9,ARM,"v : velocity: -141600, A : acceleration: 309300, R : relative: 257023, X : X: 28986, Y : Y: 2",None,None,0.000233400001889,2022:03:31:00:35:57.130701,2022:03:31:00:35:57.188459
2119,2022:03:31:00:43:46.542136,N9,MVNG,"axes: 1,2,3,0",None,None,0.0001678999979048,2022:03:31:00:35:58.350304,2022:03:31:00:35:58.409240
2134,2022:03:31:00:43:46.544162,N9,ARM,"v : velocity: -141600, A : acceleration: 309300, R : relative: 267023, X : X: 28986, Y : Y: 2",None,None,0.000333900010446,2022:03:31:00:35:59.228157,2022:03:31:00:35:59.286275
2153,2022:03:31:00:43:46.546158,N9,MVNG,"axes: 1,2,3,0",None,None,0.0004800999886356,2022:03:31:00:36:00.455799,2022:03:31:00:36:00.514706
2168,2022:03:31:00:43:46.549117,N9,ARM,"v : velocity: -141600, A : acceleration: 309300, R : relative: 277023, X : X: 28986, Y : Y: 2",None,None,0.0002987000043503,2022:03:31:00:36:01.330012,2022:03:31:00:36:01.389345
2187,2022:03:31:00:43:46.551112,N9,MVNG,"axes: 1,2,3,0",None,None,0.0001873000001069,2022:03:31:00:36:02.562318,2022:03:31:00:36:02.621702
2198,2022:03:31:00:43:46.553106,N9,ARM,"v : velocity: -141600, A : acceleration: 309300, R : relative: 287023, X : X: 28986, Y : Y: 2",None,None,0.0002720000047702,2022:03:31:00:36:03.211074,2022:03:31:00:36:03.269807
2217,2022:03:31:00:43:46.555817,N9,MVNG,"axes: 1,2,3,0",None,None,0.0002040999970631,2022:03:31:00:36:04.426761,2022:03:31:00:36:04.485214
2228,2022:03:31:00:43:46.557448,N9,ARM,"v : velocity: -141600, A : acceleration: 309300, R : relative: 297023, X : X: 28986, Y : Y: 2",None,None,0.0002221000031568,2022:03:31:00:36:05.079850,2022:03:31:00:36:05.137928
2247,2022:03:31:00:43:46.560646,N9,MVNG,"axes: 1,2,3,0",None,None,0.000248600001214,2022:03:31:00:36:06.314689,2022:03:31:00:36:06.371964
2258,2022:03:31:00:43:46.561763,N9,ARM,"v : velocity: -141600, A : acceleration: 309300, R : relative: 307023, X : X: 28986, Y : Y: 2",None,None,0.0002330999996047,2022:03:31:00:36:06.962074,2022:03:31:00:36:07.020918
2277,2022:03:31:00:43:46.564430,N9,MVNG,"axes: 1,2,3,0",None,None,0.0002912000054493,2022:03:31:00:36:08.192201,2022:03:31:00:36:08.251005
2288,2022:03:31:00:43:46.566046,N9,ARM,"v : velocity: -141600, A : acceleration: 309300, R : relative: 317023, X : X: 28986, Y : Y: 2",None,None,0.0003995999868493,2022:03:31:00:36:08.843545,2022:03:31:00:36:08.901912
2303,2022:03:31:00:43:46.568085,N9,ARM,"v : velocity: -141600, A : acceleration: 309300, R : relative: 317023, X : X: 28986, Y : Y: 2",None,None,0.0002957000106107,2022:03:31:00:36:09.796708,2022:03:31:00:36:09.854328
2322,2022:03:31:00:43:46.571077,N9,ARM,"v : velocity: -141600, A : acceleration: 309300, R : relative: 317023, X : X: 28986, Y : Y: 2",None,None,0.0002402999962214,2022:03:31:00:36:10.981642,2022:03:31:00:36:11.040393
2341,2022:03:31:00:43:46.573071,N9,ARM,"v : velocity: -141600, A : acceleration: 309300, R : relative: 307023, X : X: 28986, Y : Y: 2",None,None,0.0005222000181674,2022:03:31:00:36:12.168395,2022:03:31:00:36:12.226815
2356,2022:03:31:00:43:46.575066,N9,MVNG,"axes: 1,2,3,0",None,None,0.0002054999931715,2022:03:31:00:36:13.131495,2022:03:31:00:36:13.190174
2367,2022:03:31:00:43:46.577061,N9,ARM,"v : velocity: -141600, A : acceleration: 309300, R : relative: 297182, X : X: 28986, Y : Y: 2",None,None,0.0001931000006152,2022:03:31:00:36:13.780431,2022:03:31:00:36:13.841848
2382,2022:03:31:00:43:46.579055,N9,MVNG,"axes: 1,2,3,0",None,None,0.0002645000058691,2022:03:31:00:36:14.775152,2022:03:31:00:36:14.833431
2393,2022:03:31:00:43:46.581050,N9,ARM,"v : velocity: -141600, A : acceleration: 309300, R : relative: 287341, X : X: 28986, Y : Y: 2",None,None,0.000288899987936,2022:03:31:00:36:15.422104,2022:03:31:00:36:15.481132
2408,2022:03:31:00:43:46.583045,N9,MVNG,"axes: 1,2,3,0",None,None,0.0002764000091701,2022:03:31:00:36:16.415253,2022:03:31:00:36:16.473955
2423,2022:03:31:00:43:46.585039,N9,ARM,"v : velocity: -141600, A : acceleration: 309300, R : relative: 277500, X : X: 28986, Y : Y: 2",None,None,0.0002874000056181,2022:03:31:00:36:17.300298,2022:03:31:00:36:17.358670
2438,2022:03:31:00:43:46.587034,N9,MVNG,"axes: 1,2,3,0",None,None,0.0001702000008663,2022:03:31:00:36:18.303643,2022:03:31:00:36:18.362832
2449,2022:03:31:00:43:46.589029,N9,ARM,"v : velocity: -141600, A : acceleration: 309300, R : relative: 267659, X : X: 28986, Y : Y: 2",None,None,0.0002154999965569,2022:03:31:00:36:18.952371,2022:03:31:00:36:19.009824
2464,2022:03:31:00:43:46.591023,N9,MVNG,"axes: 1,2,3,0",None,None,0.0001833999995142,2022:03:31:00:36:19.942967,2022:03:31:00:36:20.001900
2479,2022:03:31:00:43:46.593018,N9,ARM,"v : velocity: -141600, A : acceleration: 309300, R : relative: 257818, X : X: 28986, Y : Y: 2",None,None,0.0002207000070484,2022:03:31:00:36:20.813515,2022:03:31:00:36:20.870747
2498,2022:03:31:00:43:46.595013,N9,MVNG,"axes: 1,2,3,0",None,None,0.0002762000076472,2022:03:31:00:36:22.045563,2022:03:31:00:36:22.103976
2513,2022:03:31:00:43:46.597007,N9,ARM,"v : velocity: -141600, A : acceleration: 309300, R : relative: 247898, X : X: 28986, Y : Y: 2",None,None,0.0002336000034119,2022:03:31:00:36:22.920037,2022:03:31:00:36:22.977139
2532,2022:03:31:00:43:46.599999,N9,MVNG,"axes: 1,2,3,0",None,None,0.0002176999987568,2022:03:31:00:36:24.153473,2022:03:31:00:36:24.211951
2547,2022:03:31:00:43:46.601994,N9,ARM,"v : velocity: -141600, A : acceleration: 309300, R : relative: 237978, X : X: 28986, Y : Y: 2",None,None,0.0002106000029016,2022:03:31:00:36:25.025003,2022:03:31:00:36:25.083087
2566,2022:03:31:00:43:46.604986,N9,MVNG,"axes: 1,2,3,0",None,None,0.0002092999930027,2022:03:31:00:36:26.241276,2022:03:31:00:36:26.300635
2577,2022:03:31:00:43:46.605983,N9,ARM,"v : velocity: -141600, A : acceleration: 309300, R : relative: 228137, X : X: 28986, Y : Y: 2",None,None,0.0002417999930912,2022:03:31:00:36:26.892238,2022:03:31:00:36:26.951039
2596,2022:03:31:00:43:46.608975,N9,MVNG,"axes: 1,2,3,0",None,None,0.0001859000039985,2022:03:31:00:36:28.106109,2022:03:31:00:36:28.163550
2607,2022:03:31:00:43:46.610970,N9,ARM,"v : velocity: -141600, A : acceleration: 309300, R : relative: 218296, X : X: 28986, Y : Y: 2",None,None,0.0002558999985922,2022:03:31:00:36:28.750888,2022:03:31:00:36:28.808880
2626,2022:03:31:00:43:46.612965,N9,MVNG,"axes: 1,2,3,0",None,None,0.0003147000097669,2022:03:31:00:36:29.960248,2022:03:31:00:36:30.017722
2637,2022:03:31:00:43:46.614959,N9,ARM,"v : velocity: -141600, A : acceleration: 309300, R : relative: 208375, X : X: 28986, Y : Y: 2",None,None,0.0002664999919943,2022:03:31:00:36:30.595411,2022:03:31:00:36:30.653594
2656,2022:03:31:00:43:46.617951,N9,MVNG,"axes: 1,2,3,0",None,None,0.0002379000070504,2022:03:31:00:36:31.808306,2022:03:31:00:36:31.866752
2667,2022:03:31:00:43:46.618949,N9,ARM,"v : velocity: -141600, A : acceleration: 309300, R : relative: 198455, X : X: 28986, Y : Y: 2",None,None,0.0003068000078201,2022:03:31:00:36:32.463203,2022:03:31:00:36:32.521016
2686,2022:03:31:00:43:46.621941,N9,MVNG,"axes: 1,2,3,0",None,None,0.0002805000112857,2022:03:31:00:36:33.693087,2022:03:31:00:36:33.751402
2697,2022:03:31:00:43:46.622938,N9,ARM,"v : velocity: -141600, A : acceleration: 309300, R : relative: 188535, X : X: 28986, Y : Y: 2",None,None,0.0003008999919984,2022:03:31:00:36:34.340587,2022:03:31:00:36:34.398271
2716,2022:03:31:00:43:46.625930,N9,MVNG,"axes: 1,2,3,0",None,None,0.000264700007392,2022:03:31:00:36:35.560722,2022:03:31:00:36:35.618894
2727,2022:03:31:00:43:46.627925,N9,ARM,"v : velocity: -141600, A : acceleration: 309300, R : relative: 178694, X : X: 28986, Y : Y: 2",None,None,0.0002748999977484,2022:03:31:00:36:36.198671,2022:03:31:00:36:36.256637
2746,2022:03:31:00:43:46.629920,N9,MVNG,"axes: 1,2,3,0",None,None,0.0002022999979089,2022:03:31:00:36:37.433335,2022:03:31:00:36:37.492245
2761,2022:03:31:00:43:46.631914,N9,ARM,"v : velocity: -141600, A : acceleration: 309300, R : relative: 168853, X : X: 28986, Y : Y: 2",None,None,0.0003310999891255,2022:03:31:00:36:38.308269,2022:03:31:00:36:38.366754
2780,2022:03:31:00:43:46.634906,N9,MVNG,"axes: 1,2,3,0",None,None,0.0002368999994359,2022:03:31:00:36:39.538619,2022:03:31:00:36:39.597340
2795,2022:03:31:00:43:46.636901,N9,ARM,"v : velocity: -141600, A : acceleration: 309300, R : relative: 159012, X : X: 28986, Y : Y: 2",None,None,0.0003058000002056,2022:03:31:00:36:40.413030,2022:03:31:00:36:40.471461
2814,2022:03:31:00:43:46.639893,N9,MVNG,"axes: 1,2,3,0",None,None,0.0001970000012079,2022:03:31:00:36:41.640535,2022:03:31:00:36:41.699346
2829,2022:03:31:00:43:46.641887,N9,ARM,"v : velocity: -141600, A : acceleration: 309300, R : relative: 149091, X : X: 28986, Y : Y: 2",None,None,0.0003393999941181,2022:03:31:00:36:42.517366,2022:03:31:00:36:42.575540
2848,2022:03:31:00:43:46.644879,N9,MVNG,"axes: 1,2,3,0",None,None,0.0003551999980118,2022:03:31:00:36:43.748593,2022:03:31:00:36:43.806464
2863,2022:03:31:00:43:46.646874,N9,ARM,"v : velocity: -141600, A : acceleration: 309300, R : relative: 159091, X : X: 28986, Y : Y: 2",None,None,0.0002377000055275,2022:03:31:00:36:44.623707,2022:03:31:00:36:44.681845
2882,2022:03:31:00:43:46.648847,N9,MVNG,"axes: 1,2,3,0",None,None,0.0004039999912492,2022:03:31:00:36:45.851381,2022:03:31:00:36:45.909759
2893,2022:03:31:00:43:46.650841,N9,ARM,"v : velocity: -141600, A : acceleration: 309300, R : relative: 169091, X : X: 28986, Y : Y: 2",None,None,0.0002861999964807,2022:03:31:00:36:46.494971,2022:03:31:00:36:46.553418
2912,2022:03:31:00:43:46.653865,N9,MVNG,"axes: 1,2,3,0",None,None,0.0002454000059515,2022:03:31:00:36:47.726611,2022:03:31:00:36:47.784880
2923,2022:03:31:00:43:46.654861,N9,ARM,"v : velocity: -141600, A : acceleration: 309300, R : relative: 179091, X : X: 28986, Y : Y: 2",None,None,0.0002807000128086,2022:03:31:00:36:48.368833,2022:03:31:00:36:48.427138
2942,2022:03:31:00:43:46.657823,N9,MVNG,"axes: 1,2,3,0",None,None,0.0003480000013951,2022:03:31:00:36:49.590066,2022:03:31:00:36:49.648787
2957,2022:03:31:00:43:46.659817,N9,ARM,"v : velocity: -141600, A : acceleration: 309300, R : relative: 189091, X : X: 28986, Y : Y: 2",None,None,0.0002882000117097,2022:03:31:00:36:50.464337,2022:03:31:00:36:50.523311
2976,2022:03:31:00:43:46.662809,N9,MVNG,"axes: 1,2,3,0",None,None,0.0001423000067006,2022:03:31:00:36:51.687181,2022:03:31:00:36:51.745671
2991,2022:03:31:00:43:46.664804,N9,ARM,"v : velocity: -141600, A : acceleration: 309300, R : relative: 199091, X : X: 28986, Y : Y: 2",None,None,0.0001575000060256,2022:03:31:00:36:52.563153,2022:03:31:00:36:52.621346
3010,2022:03:31:00:43:46.667796,N9,MVNG,"axes: 1,2,3,0",None,None,0.0003310999891255,2022:03:31:00:36:53.784307,2022:03:31:00:36:53.843532
3025,2022:03:31:00:43:46.669791,N9,ARM,"v : velocity: -141600, A : acceleration: 309300, R : relative: 209091, X : X: 28986, Y : Y: 2",None,None,0.0002867000002879,2022:03:31:00:36:54.659149,2022:03:31:00:36:54.717964
3044,2022:03:31:00:43:46.671785,N9,MVNG,"axes: 1,2,3,0",None,None,0.0004867000097874,2022:03:31:00:36:55.886938,2022:03:31:00:36:55.944719
3055,2022:03:31:00:43:46.673780,N9,ARM,"v : velocity: -141600, A : acceleration: 309300, R : relative: 219091, X : X: 28986, Y : Y: 2",None,None,0.0002055999939329,2022:03:31:00:36:56.537412,2022:03:31:00:36:56.595362
3074,2022:03:31:00:43:46.676772,N9,MVNG,"axes: 1,2,3,0",None,None,0.0002462000120431,2022:03:31:00:36:57.757439,2022:03:31:00:36:57.815715
3089,2022:03:31:00:43:46.678767,N9,ARM,"v : velocity: -141600, A : acceleration: 309300, R : relative: 229091, X : X: 28986, Y : Y: 2",None,None,0.0003377000102773,2022:03:31:00:36:58.632344,2022:03:31:00:36:58.690073
3104,2022:03:31:00:43:46.680761,N9,MVNG,"axes: 1,2,3,0",None,None,0.0001828999957069,2022:03:31:00:36:59.627779,2022:03:31:00:36:59.686226
3115,2022:03:31:00:43:46.681759,N9,ARM,"v : velocity: -141600, A : acceleration: 309300, R : relative: 239091, X : X: 28986, Y : Y: 2",None,None,0.0002084000007016,2022:03:31:00:37:00.276249,2022:03:31:00:37:00.335393
3134,2022:03:31:00:43:46.684751,N9,MVNG,"axes: 1,2,3,0",None,None,0.0002224000054411,2022:03:31:00:37:01.502270,2022:03:31:00:37:01.561464
3145,2022:03:31:00:43:46.686745,N9,ARM,"v : velocity: -141600, A : acceleration: 309300, R : relative: 249091, X : X: 28986, Y : Y: 2",None,None,0.0003930999955628,2022:03:31:00:37:02.157226,2022:03:31:00:37:02.215051
3160,2022:03:31:00:43:46.688740,N9,MVNG,"axes: 1,2,3,0",None,None,0.0001742000022204,2022:03:31:00:37:03.157105,2022:03:31:00:37:03.215655
3171,2022:03:31:00:43:46.689737,N9,ARM,"v : velocity: -141600, A : acceleration: 309300, R : relative: 259091, X : X: 28986, Y : Y: 2",None,None,0.0002179000002797,2022:03:31:00:37:03.808186,2022:03:31:00:37:03.866832
3186,2022:03:31:00:43:46.692729,N9,MVNG,"axes: 1,2,3,0",None,None,0.0004330000083427,2022:03:31:00:37:04.816529,2022:03:31:00:37:04.875290
3197,2022:03:31:00:43:46.693727,N9,ARM,"v : velocity: -141600, A : acceleration: 309300, R : relative: 269091, X : X: 28986, Y : Y: 2",None,None,0.0003552999987732,2022:03:31:00:37:05.465314,2022:03:31:00:37:05.523805
3212,2022:03:31:00:43:46.695721,N9,MVNG,"axes: 1,2,3,0",None,None,0.0002783999952953,2022:03:31:00:37:06.463478,2022:03:31:00:37:06.522533
3223,2022:03:31:00:43:46.697716,N9,ARM,"v : velocity: -141600, A : acceleration: 309300, R : relative: 279091, X : X: 28986, Y : Y: 2",None,None,0.0001738999999361,2022:03:31:00:37:07.109999,2022:03:31:00:37:07.168286
3238,2022:03:31:00:43:46.699711,N9,MVNG,"axes: 1,2,3,0",None,None,0.0002656999859027,2022:03:31:00:37:08.117180,2022:03:31:00:37:08.174723
3249,2022:03:31:00:43:46.700708,N9,ARM,"v : velocity: -141600, A : acceleration: 309300, R : relative: 289091, X : X: 28986, Y : Y: 2",None,None,0.0001864999940153,2022:03:31:00:37:08.766957,2022:03:31:00:37:08.824692
3268,2022:03:31:00:43:46.703700,N9,MVNG,"axes: 1,2,3,0",None,None,0.0002608000067993,2022:03:31:00:37:09.992133,2022:03:31:00:37:10.049823
3283,2022:03:31:00:43:46.705695,N9,ARM,"v : velocity: -141600, A : acceleration: 309300, R : relative: 299091, X : X: 28986, Y : Y: 2",None,None,0.0002055999939329,2022:03:31:00:37:10.865448,2022:03:31:00:37:10.923620
3302,2022:03:31:00:43:46.708723,N9,MVNG,"axes: 1,2,3,0",None,None,0.0002512999926693,2022:03:31:00:37:12.086740,2022:03:31:00:37:12.145346
3313,2022:03:31:00:43:46.710714,N9,ARM,"v : velocity: -141600, A : acceleration: 309300, R : relative: 309091, X : X: 28986, Y : Y: 2",None,None,0.0002587999915704,2022:03:31:00:37:12.735442,2022:03:31:00:37:12.793338
3328,2022:03:31:00:43:46.712706,N9,MVNG,"axes: 1,2,3,0",None,None,0.0002607000060379,2022:03:31:00:37:13.727213,2022:03:31:00:37:13.785085
3343,2022:03:31:00:43:46.714703,N9,ARM,"v : velocity: -141600, A : acceleration: 309300, R : relative: 319091, X : X: 28986, Y : Y: 2",None,None,0.0002070000045932,2022:03:31:00:37:14.609452,2022:03:31:00:37:14.667338
3362,2022:03:31:00:43:46.716696,N9,ARM,"v : velocity: -141600, A : acceleration: 309300, R : relative: 319091, X : X: 28986, Y : Y: 2",None,None,0.0001995000056922,2022:03:31:00:37:15.795248,2022:03:31:00:37:15.853974
3377,2022:03:31:00:43:46.719690,N9,ARM,"v : velocity: -141600, A : acceleration: 309300, R : relative: 308298, X : X: 28986, Y : Y: 2",None,None,0.0003431999939493,2022:03:31:00:37:16.780108,2022:03:31:00:37:16.838270
3396,2022:03:31:00:43:46.721688,N9,MVNG,"axes: 1,2,3,0",None,None,0.0002620999875944,2022:03:31:00:37:17.983707,2022:03:31:00:37:18.042148
3407,2022:03:31:00:43:46.723682,N9,ARM,"v : velocity: -141600, A : acceleration: 309300, R : relative: 298615, X : X: 28986, Y : Y: 2",None,None,0.0003175000019837,2022:03:31:00:37:18.634694,2022:03:31:00:37:18.692132
3426,2022:03:31:00:43:46.725674,N9,MVNG,"axes: 1,2,3,0",None,None,0.0003035000117961,2022:03:31:00:37:19.856756,2022:03:31:00:37:19.915342
3437,2022:03:31:00:43:46.727670,N9,ARM,"v : velocity: -141600, A : acceleration: 309300, R : relative: 288854, X : X: 28986, Y : Y: 2",None,None,0.0003625999961514,2022:03:31:00:37:20.510486,2022:03:31:00:37:20.568786
3456,2022:03:31:00:43:46.730660,N9,MVNG,"axes: 1,2,3,0",None,None,0.0002118999982485,2022:03:31:00:37:21.738645,2022:03:31:00:37:21.796818
3467,2022:03:31:00:43:46.731659,N9,ARM,"v : velocity: -141600, A : acceleration: 309300, R : relative: 279092, X : X: 28986, Y : Y: 2",None,None,0.0002615000121295,2022:03:31:00:37:22.378838,2022:03:31:00:37:22.435773
3486,2022:03:31:00:43:46.734649,N9,MVNG,"axes: 1,2,3,0",None,None,0.00018380000256,2022:03:31:00:37:23.607633,2022:03:31:00:37:23.665838
3497,2022:03:31:00:43:46.735649,N9,ARM,"v : velocity: -141600, A : acceleration: 309300, R : relative: 269330, X : X: 28986, Y : Y: 2",None,None,0.0001623999996809,2022:03:31:00:37:24.259725,2022:03:31:00:37:24.319913
3512,2022:03:31:00:43:46.737650,N9,MVNG,"axes: 1,2,3,0",None,None,0.000218400004087,2022:03:31:00:37:25.265604,2022:03:31:00:37:25.324226
3523,2022:03:31:00:43:46.739635,N9,ARM,"v : velocity: -141600, A : acceleration: 309300, R : relative: 259489, X : X: 28986, Y : Y: 2",None,None,0.0002223000046797,2022:03:31:00:37:25.917961,2022:03:31:00:37:25.975165
3542,2022:03:31:00:43:46.742628,N9,MVNG,"axes: 1,2,3,0",None,None,0.000158900002134,2022:03:31:00:37:27.139287,2022:03:31:00:37:27.197117
3557,2022:03:31:00:43:46.744621,N9,ARM,"v : velocity: -141600, A : acceleration: 309300, R : relative: 249648, X : X: 28986, Y : Y: 2",None,None,0.000230299992836,2022:03:31:00:37:28.011099,2022:03:31:00:37:28.069622
3576,2022:03:31:00:43:46.747614,N9,MVNG,"axes: 1,2,3,0",None,None,0.0001924999960465,2022:03:31:00:37:29.242924,2022:03:31:00:37:29.301012
3591,2022:03:31:00:43:46.749612,N9,ARM,"v : velocity: -141600, A : acceleration: 309300, R : relative: 239887, X : X: 28986, Y : Y: 2",None,None,0.000289799994789,2022:03:31:00:37:30.116149,2022:03:31:00:37:30.175232
3610,2022:03:31:00:43:46.751603,N9,MVNG,"axes: 1,2,3,0",None,None,0.0004083999956492,2022:03:31:00:37:31.349014,2022:03:31:00:37:31.406607
3625,2022:03:31:00:43:46.753599,N9,ARM,"v : velocity: -141600, A : acceleration: 309300, R : relative: 230125, X : X: 28986, Y : Y: 2",None,None,0.000262899993686,2022:03:31:00:37:32.220416,2022:03:31:00:37:32.279425
3644,2022:03:31:00:43:46.756590,N9,MVNG,"axes: 1,2,3,0",None,None,0.0002516999957151,2022:03:31:00:37:33.440841,2022:03:31:00:37:33.499088
3655,2022:03:31:00:43:46.758584,N9,ARM,"v : velocity: -141600, A : acceleration: 309300, R : relative: 220363, X : X: 28986, Y : Y: 2",None,None,0.0004369000089354,2022:03:31:00:37:34.093009,2022:03:31:00:37:34.151681
3670,2022:03:31:00:43:46.760580,N9,MVNG,"axes: 1,2,3,0",None,None,0.0003162999928463,2022:03:31:00:37:35.083692,2022:03:31:00:37:35.142044
3681,2022:03:31:00:43:46.761577,N9,ARM,"v : velocity: -141600, A : acceleration: 309300, R : relative: 210522, X : X: 28986, Y : Y: 2",None,None,0.0002936999953817,2022:03:31:00:37:35.730964,2022:03:31:00:37:35.789914
3696,2022:03:31:00:43:46.763574,N9,MVNG,"axes: 1,2,3,0",None,None,0.0002711999986786,2022:03:31:00:37:36.729270,2022:03:31:00:37:36.787549
3707,2022:03:31:00:43:46.765567,N9,ARM,"v : velocity: -141600, A : acceleration: 309300, R : relative: 200761, X : X: 28986, Y : Y: 2",None,None,0.0001690000062808,2022:03:31:00:37:37.377351,2022:03:31:00:37:37.435324
3726,2022:03:31:00:43:46.768558,N9,MVNG,"axes: 1,2,3,0",None,None,0.0001892000000225,2022:03:31:00:37:38.590317,2022:03:31:00:37:38.649224
3741,2022:03:31:00:43:46.770551,N9,ARM,"v : velocity: -141600, A : acceleration: 309300, R : relative: 190999, X : X: 28986, Y : Y: 2",None,None,0.0002884000132326,2022:03:31:00:37:39.467061,2022:03:31:00:37:39.523950
3760,2022:03:31:00:43:46.772548,N9,MVNG,"axes: 1,2,3,0",None,None,0.0002219000016339,2022:03:31:00:37:40.681958,2022:03:31:00:37:40.739296
3771,2022:03:31:00:43:46.774549,N9,ARM,"v : velocity: -141600, A : acceleration: 309300, R : relative: 181158, X : X: 28986, Y : Y: 2",None,None,0.0003220000071451,2022:03:31:00:37:41.333239,2022:03:31:00:37:41.391226
3790,2022:03:31:00:43:46.777532,N9,MVNG,"axes: 1,2,3,0",None,None,0.0001934000028995,2022:03:31:00:37:42.567804,2022:03:31:00:37:42.626574
3805,2022:03:31:00:43:46.779529,N9,ARM,"v : velocity: -141600, A : acceleration: 309300, R : relative: 171396, X : X: 28986, Y : Y: 2",None,None,0.0002859999949578,2022:03:31:00:37:43.458519,2022:03:31:00:37:43.516434
3824,2022:03:31:00:43:46.781527,N9,MVNG,"axes: 1,2,3,0",None,None,0.0002767000114545,2022:03:31:00:37:44.694485,2022:03:31:00:37:44.753605
3835,2022:03:31:00:43:46.783517,N9,ARM,"v : velocity: -141600, A : acceleration: 309300, R : relative: 161635, X : X: 28986, Y : Y: 2",None,None,0.0007086999830789,2022:03:31:00:37:45.342637,2022:03:31:00:37:45.401892
3854,2022:03:31:00:43:46.785512,N9,MVNG,"axes: 1,2,3,0",None,None,0.0004582999972626,2022:03:31:00:37:46.567236,2022:03:31:00:37:46.625299
3869,2022:03:31:00:43:46.788503,N9,ARM,"v : velocity: -141600, A : acceleration: 309300, R : relative: 162182, X : X: 28986, Y : Y: 2",None,None,0.0002297000028192,2022:03:31:00:37:47.499962,2022:03:31:00:37:47.558386
3888,2022:03:31:00:43:46.790500,N9,MVNG,"axes: 1,2,3,0",None,None,0.0002188999933423,2022:03:31:00:37:48.703207,2022:03:31:00:37:48.762393
3903,2022:03:31:00:43:46.792494,N9,ARM,"v : velocity: -141600, A : acceleration: 309300, R : relative: 172182, X : X: 28986, Y : Y: 2",None,None,0.000261400011368,2022:03:31:00:37:49.591132,2022:03:31:00:37:49.649573
3922,2022:03:31:00:43:46.795486,N9,MVNG,"axes: 1,2,3,0",None,None,0.000159999995958,2022:03:31:00:37:50.819333,2022:03:31:00:37:50.878444
3937,2022:03:31:00:43:46.797487,N9,ARM,"v : velocity: -141600, A : acceleration: 309300, R : relative: 182182, X : X: 28986, Y : Y: 2",None,None,0.0002003999979933,2022:03:31:00:37:51.697862,2022:03:31:00:37:51.756245
3956,2022:03:31:00:43:46.800473,N9,MVNG,"axes: 1,2,3,0",None,None,0.0001684000017121,2022:03:31:00:37:52.923133,2022:03:31:00:37:52.982063
3971,2022:03:31:00:43:46.802466,N9,ARM,"v : velocity: -141600, A : acceleration: 309300, R : relative: 192182, X : X: 28986, Y : Y: 2",None,None,0.0002410000015515,2022:03:31:00:37:53.810561,2022:03:31:00:37:53.869598
3986,2022:03:31:00:43:46.804466,N9,MVNG,"axes: 1,2,3,0",None,None,0.0002771999861579,2022:03:31:00:37:54.810138,2022:03:31:00:37:54.868518
3997,2022:03:31:00:43:46.806455,N9,ARM,"v : velocity: -141600, A : acceleration: 309300, R : relative: 202182, X : X: 28986, Y : Y: 2",None,None,0.0004484000091906,2022:03:31:00:37:55.453365,2022:03:31:00:37:55.511043
4012,2022:03:31:00:43:46.808451,N9,MVNG,"axes: 1,2,3,0",None,None,0.0002126000035787,2022:03:31:00:37:56.453812,2022:03:31:00:37:56.512993
4023,2022:03:31:00:43:46.809448,N9,ARM,"v : velocity: -141600, A : acceleration: 309300, R : relative: 212182, X : X: 28986, Y : Y: 2",None,None,0.0003977000014856,2022:03:31:00:37:57.104791,2022:03:31:00:37:57.162925
4038,2022:03:31:00:43:46.811444,N9,MVNG,"axes: 1,2,3,0",None,None,0.0001477000041631,2022:03:31:00:37:58.110288,2022:03:31:00:37:58.167812
4049,2022:03:31:00:43:46.813439,N9,ARM,"v : velocity: -141600, A : acceleration: 309300, R : relative: 222182, X : X: 28986, Y : Y: 2",None,None,0.0002684000064618,2022:03:31:00:37:58.756027,2022:03:31:00:37:58.814771
4068,2022:03:31:00:43:46.816433,N9,MVNG,"axes: 1,2,3,0",None,None,0.0003726000140886,2022:03:31:00:37:59.980247,2022:03:31:00:38:00.037925
4083,2022:03:31:00:43:46.818426,N9,ARM,"v : velocity: -141600, A : acceleration: 309300, R : relative: 232182, X : X: 28986, Y : Y: 2",None,None,0.0003055999986827,2022:03:31:00:38:00.853671,2022:03:31:00:38:00.911493
4102,2022:03:31:00:43:46.820419,N9,MVNG,"axes: 1,2,3,0",None,None,0.0001619999966351,2022:03:31:00:38:02.077919,2022:03:31:00:38:02.135776
4117,2022:03:31:00:43:46.822420,N9,ARM,"v : velocity: -141600, A : acceleration: 309300, R : relative: 242182, X : X: 28986, Y : Y: 2",None,None,0.0005095999804325,2022:03:31:00:38:02.954784,2022:03:31:00:38:03.012919
4136,2022:03:31:00:43:46.825405,N9,MVNG,"axes: 1,2,3,0",None,None,0.0003164999943692,2022:03:31:00:38:04.187314,2022:03:31:00:38:04.249344
4147,2022:03:31:00:43:46.827407,N9,ARM,"v : velocity: -141600, A : acceleration: 309300, R : relative: 252182, X : X: 28986, Y : Y: 2",None,None,0.000197700006538,2022:03:31:00:38:04.840982,2022:03:31:00:38:04.899352
4166,2022:03:31:00:43:46.829407,N9,MVNG,"axes: 1,2,3,0",None,None,0.0001831999979913,2022:03:31:00:38:06.066994,2022:03:31:00:38:06.126221
4181,2022:03:31:00:43:46.831395,N9,ARM,"v : velocity: -141600, A : acceleration: 309300, R : relative: 262182, X : X: 28986, Y : Y: 2",None,None,0.000225900002988,2022:03:31:00:38:06.944465,2022:03:31:00:38:07.002934
4196,2022:03:31:00:43:46.834381,N9,MVNG,"axes: 1,2,3,0",None,None,0.0002620999875944,2022:03:31:00:38:07.941755,2022:03:31:00:38:07.999934
4207,2022:03:31:00:43:46.835383,N9,ARM,"v : velocity: -141600, A : acceleration: 309300, R : relative: 272182, X : X: 28986, Y : Y: 2",None,None,0.0002170999941881,2022:03:31:00:38:08.592704,2022:03:31:00:38:08.650008
4222,2022:03:31:00:43:46.837382,N9,MVNG,"axes: 1,2,3,0",None,None,0.0002505999873392,2022:03:31:00:38:09.597745,2022:03:31:00:38:09.656717
4233,2022:03:31:00:43:46.839369,N9,ARM,"v : velocity: -141600, A : acceleration: 309300, R : relative: 282182, X : X: 28986, Y : Y: 2",None,None,0.0001976000057766,2022:03:31:00:38:10.251584,2022:03:31:00:38:10.309756
4252,2022:03:31:00:43:46.841363,N9,MVNG,"axes: 1,2,3,0",None,None,0.0002620999875944,2022:03:31:00:38:11.469653,2022:03:31:00:38:11.527403
4267,2022:03:31:00:43:46.843357,N9,ARM,"v : velocity: -141600, A : acceleration: 309300, R : relative: 292182, X : X: 28986, Y : Y: 2",None,None,0.0002801000082399,2022:03:31:00:38:12.349305,2022:03:31:00:38:12.408504
4286,2022:03:31:00:43:46.846350,N9,MVNG,"axes: 1,2,3,0",None,None,0.0002662999904714,2022:03:31:00:38:13.572943,2022:03:31:00:38:13.630954
4301,2022:03:31:00:43:46.848344,N9,ARM,"v : velocity: -141600, A : acceleration: 309300, R : relative: 302182, X : X: 28986, Y : Y: 2",None,None,0.0002783999952953,2022:03:31:00:38:14.451815,2022:03:31:00:38:14.510885
4316,2022:03:31:00:43:46.850341,N9,MVNG,"axes: 1,2,3,0",None,None,0.000224999996135,2022:03:31:00:38:15.434642,2022:03:31:00:38:15.491642
4327,2022:03:31:00:43:46.852332,N9,ARM,"v : velocity: -141600, A : acceleration: 309300, R : relative: 312182, X : X: 28986, Y : Y: 2",None,None,0.0002722000062931,2022:03:31:00:38:16.080155,2022:03:31:00:38:16.138876
4346,2022:03:31:00:43:46.854328,N9,ARM,"v : velocity: -141600, A : acceleration: 309300, R : relative: 312182, X : X: 28986, Y : Y: 2",None,None,0.0003117999876849,2022:03:31:00:38:17.261799,2022:03:31:00:38:17.321770
4365,2022:03:31:00:43:46.857320,N9,ARM,"v : velocity: -141600, A : acceleration: 309300, R : relative: 312182, X : X: 28986, Y : Y: 2",None,None,0.0002721000055316,2022:03:31:00:38:18.453425,2022:03:31:00:38:18.514699
4380,2022:03:31:00:43:46.859314,N9,ARM,"v : velocity: -141600, A : acceleration: 309300, R : relative: 312182, X : X: 28986, Y : Y: 2",None,None,0.0003181000065524,2022:03:31:00:38:19.414577,2022:03:31:00:38:19.472304
4399,2022:03:31:00:43:46.862307,N9,ARM,"v : velocity: -141600, A : acceleration: 309300, R : relative: 302182, X : X: 28986, Y : Y: 2",None,None,0.0003463999892119,2022:03:31:00:38:20.595205,2022:03:31:00:38:20.653411
4418,2022:03:31:00:43:46.865305,N9,MVNG,"axes: 1,2,3,0",None,None,0.0003370000049471,2022:03:31:00:38:21.797881,2022:03:31:00:38:21.856886
4429,2022:03:31:00:43:46.866303,N9,ARM,"v : velocity: -141600, A : acceleration: 309300, R : relative: 292182, X : X: 28986, Y : Y: 2",None,None,0.0003766999871004,2022:03:31:00:38:22.445479,2022:03:31:00:38:22.503395
4448,2022:03:31:00:43:46.869300,N9,MVNG,"axes: 1,2,3,0",None,None,0.0001810999965528,2022:03:31:00:38:23.656031,2022:03:31:00:38:23.714661
4463,2022:03:31:00:43:46.871287,N9,ARM,"v : velocity: -141600, A : acceleration: 309300, R : relative: 282262, X : X: 28986, Y : Y: 2",None,None,0.00039359999937,2022:03:31:00:38:24.531720,2022:03:31:00:38:24.590574
4482,2022:03:31:00:43:46.874276,N9,MVNG,"axes: 1,2,3,0",None,None,0.0002893999917432,2022:03:31:00:38:25.757490,2022:03:31:00:38:25.815404
4497,2022:03:31:00:43:46.876269,N9,ARM,"v : velocity: -141600, A : acceleration: 309300, R : relative: 272341, X : X: 28986, Y : Y: 2",None,None,0.0001814999995985,2022:03:31:00:38:26.629739,2022:03:31:00:38:26.687656
4516,2022:03:31:00:43:46.878263,N9,MVNG,"axes: 1,2,3,0",None,None,0.0001538000069558,2022:03:31:00:38:27.846905,2022:03:31:00:38:27.903724
4531,2022:03:31:00:43:46.881259,N9,ARM,"v : velocity: -141600, A : acceleration: 309300, R : relative: 262421, X : X: 28986, Y : Y: 2",None,None,0.0002720000047702,2022:03:31:00:38:28.732834,2022:03:31:00:38:28.791286
4550,2022:03:31:00:43:46.883220,N9,MVNG,"axes: 1,2,3,0",None,None,0.0002618000144138,2022:03:31:00:38:29.951918,2022:03:31:00:38:30.010343
4565,2022:03:31:00:43:46.886245,N9,ARM,"v : velocity: -141600, A : acceleration: 309300, R : relative: 252421, X : X: 28986, Y : Y: 2",None,None,0.000261400011368,2022:03:31:00:38:30.826957,2022:03:31:00:38:30.886536
4584,2022:03:31:00:43:46.889236,N9,MVNG,"axes: 1,2,3,0",None,None,0.0001569000014569,2022:03:31:00:38:32.063129,2022:03:31:00:38:32.121363
4599,2022:03:31:00:43:46.891237,N9,ARM,"v : velocity: -141600, A : acceleration: 309300, R : relative: 242501, X : X: 28986, Y : Y: 2",None,None,0.000418300012825,2022:03:31:00:38:32.942431,2022:03:31:00:38:33.001139
4614,2022:03:31:00:43:46.893226,N9,MVNG,"axes: 1,2,3,0",None,None,0.0002916000084951,2022:03:31:00:38:33.945728,2022:03:31:00:38:34.003868
4625,2022:03:31:00:43:46.895230,N9,ARM,"v : velocity: -141600, A : acceleration: 309300, R : relative: 232581, X : X: 28986, Y : Y: 2",None,None,0.0002491000050213,2022:03:31:00:38:34.595660,2022:03:31:00:38:34.653317
4644,2022:03:31:00:43:46.898213,N9,MVNG,"axes: 1,2,3,0",None,None,0.0003611000138334,2022:03:31:00:38:35.811416,2022:03:31:00:38:35.870261
4659,2022:03:31:00:43:46.900204,N9,ARM,"v : velocity: -141600, A : acceleration: 309300, R : relative: 222581, X : X: 28986, Y : Y: 2",None,None,0.00020979999681,2022:03:31:00:38:36.690251,2022:03:31:00:38:36.748773
4678,2022:03:31:00:43:46.902201,N9,MVNG,"axes: 1,2,3,0",None,None,0.0004969000001437,2022:03:31:00:38:37.913667,2022:03:31:00:38:37.973428
4689,2022:03:31:00:43:46.904196,N9,ARM,"v : velocity: -141600, A : acceleration: 309300, R : relative: 212581, X : X: 28986, Y : Y: 2",None,None,0.0003488000074867,2022:03:31:00:38:38.568054,2022:03:31:00:38:38.626178
4708,2022:03:31:00:43:46.907193,N9,MVNG,"axes: 1,2,3,0",None,None,0.0001553000038256,2022:03:31:00:38:39.795840,2022:03:31:00:38:39.853446
4723,2022:03:31:00:43:46.909183,N9,ARM,"v : velocity: -141600, A : acceleration: 309300, R : relative: 202661, X : X: 28986, Y : Y: 2",None,None,0.0002362999948672,2022:03:31:00:38:40.667652,2022:03:31:00:38:40.725647
4742,2022:03:31:00:43:46.911175,N9,MVNG,"axes: 1,2,3,0",None,None,0.0001592000044183,2022:03:31:00:38:41.899504,2022:03:31:00:38:41.958670
4757,2022:03:31:00:43:46.913170,N9,ARM,"v : velocity: -141600, A : acceleration: 309300, R : relative: 192741, X : X: 28986, Y : Y: 2",None,None,0.0002058999962173,2022:03:31:00:38:42.773279,2022:03:31:00:38:42.832532
4776,2022:03:31:00:43:46.916161,N9,MVNG,"axes: 1,2,3,0",None,None,0.0002054999931715,2022:03:31:00:38:44.003980,2022:03:31:00:38:44.062053
4787,2022:03:31:00:43:46.918156,N9,ARM,"v : velocity: -141600, A : acceleration: 309300, R : relative: 182741, X : X: 28986, Y : Y: 2",None,None,0.0002396000054432,2022:03:31:00:38:44.650589,2022:03:31:00:38:44.709058
4806,2022:03:31:00:43:46.920151,N9,MVNG,"axes: 1,2,3,0",None,None,0.0001897000038297,2022:03:31:00:38:45.873477,2022:03:31:00:38:45.932540
4817,2022:03:31:00:43:46.922148,N9,ARM,"v : velocity: -141600, A : acceleration: 309300, R : relative: 172741, X : X: 28986, Y : Y: 2",None,None,0.0002392000023974,2022:03:31:00:38:46.514318,2022:03:31:00:38:46.573513
4832,2022:03:31:00:43:46.924141,N9,MVNG,"axes: 1,2,3,0",None,None,0.0002570000069681,2022:03:31:00:38:47.500067,2022:03:31:00:38:47.557804
4843,2022:03:31:00:43:46.925143,N9,ARM,"v : velocity: -141600, A : acceleration: 309300, R : relative: 162821, X : X: 28986, Y : Y: 2",None,None,0.0001974000042537,2022:03:31:00:38:48.149682,2022:03:31:00:38:48.207817
4862,2022:03:31:00:43:46.928130,N9,MVNG,"axes: 1,2,3,0",None,None,0.0003010999935213,2022:03:31:00:38:49.387798,2022:03:31:00:38:49.446701
4877,2022:03:31:00:43:46.930124,N9,ARM,"v : velocity: -141600, A : acceleration: 309300, R : relative: 152901, X : X: 28986, Y : Y: 2",None,None,0.0003218000056222,2022:03:31:00:38:50.263769,2022:03:31:00:38:50.322329
4896,2022:03:31:00:43:46.933119,N9,MVNG,"axes: 1,2,3,0",None,None,0.0001861000055214,2022:03:31:00:38:51.486148,2022:03:31:00:38:51.545307
4907,2022:03:31:00:43:46.934118,N9,ARM,"v : velocity: -141600, A : acceleration: 309300, R : relative: 142901, X : X: 28986, Y : Y: 2",None,None,0.0002861999964807,2022:03:31:00:38:52.126016,2022:03:31:00:38:52.185423
4926,2022:03:31:00:43:46.937106,N9,MVNG,"axes: 1,2,3,0",None,None,0.0002760000061243,2022:03:31:00:38:53.345600,2022:03:31:00:38:53.403894
4941,2022:03:31:00:43:46.939102,N9,ARM,"v : velocity: -141600, A : acceleration: 309300, R : relative: 152901, X : X: 28986, Y : Y: 2",None,None,0.0001633000065339,2022:03:31:00:38:54.218551,2022:03:31:00:38:54.277188
4960,2022:03:31:00:43:46.942093,N9,MVNG,"axes: 1,2,3,0",None,None,0.0002575000107754,2022:03:31:00:38:55.444924,2022:03:31:00:38:55.502656
4971,2022:03:31:00:43:46.944095,N9,ARM,"v : velocity: -141600, A : acceleration: 309300, R : relative: 162901, X : X: 28986, Y : Y: 2",None,None,0.000286499998765,2022:03:31:00:38:56.095845,2022:03:31:00:38:56.153658
4986,2022:03:31:00:43:46.946085,N9,MVNG,"axes: 1,2,3,0",None,None,0.0002819999936036,2022:03:31:00:38:57.088204,2022:03:31:00:38:57.146794
4997,2022:03:31:00:43:46.947079,N9,ARM,"v : velocity: -141600, A : acceleration: 309300, R : relative: 172901, X : X: 28986, Y : Y: 2",None,None,0.0002932999923359,2022:03:31:00:38:57.734117,2022:03:31:00:38:57.792495
5016,2022:03:31:00:43:46.950081,N9,MVNG,"axes: 1,2,3,0",None,None,0.0003573000140022,2022:03:31:00:38:58.959191,2022:03:31:00:38:59.017427
5027,2022:03:31:00:43:46.951072,N9,ARM,"v : velocity: -141600, A : acceleration: 309300, R : relative: 182901, X : X: 28986, Y : Y: 2",None,None,0.0002504999865777,2022:03:31:00:38:59.614918,2022:03:31:00:38:59.673204
5046,2022:03:31:00:43:46.954063,N9,MVNG,"axes: 1,2,3,0",None,None,0.000213999999687,2022:03:31:00:39:00.830605,2022:03:31:00:39:00.888364
5057,2022:03:31:00:43:46.956062,N9,ARM,"v : velocity: -141600, A : acceleration: 309300, R : relative: 192901, X : X: 28986, Y : Y: 2",None,None,0.0004399000026751,2022:03:31:00:39:01.480544,2022:03:31:00:39:01.540320
5076,2022:03:31:00:43:46.958050,N9,MVNG,"axes: 1,2,3,0",None,None,0.000231400001212,2022:03:31:00:39:02.706582,2022:03:31:00:39:02.764575
5091,2022:03:31:00:43:46.960045,N9,ARM,"v : velocity: -141600, A : acceleration: 309300, R : relative: 202901, X : X: 28986, Y : Y: 2",None,None,0.0001762000028975,2022:03:31:00:39:03.585506,2022:03:31:00:39:03.643431
5110,2022:03:31:00:43:46.963038,N9,MVNG,"axes: 1,2,3,0",None,None,0.0001706000039121,2022:03:31:00:39:04.826605,2022:03:31:00:39:04.884876
5125,2022:03:31:00:43:46.965001,N9,ARM,"v : velocity: -141600, A : acceleration: 309300, R : relative: 212901, X : X: 28986, Y : Y: 2",None,None,0.0001881000061985,2022:03:31:00:39:05.704444,2022:03:31:00:39:05.763116
5144,2022:03:31:00:43:46.967993,N9,MVNG,"axes: 1,2,3,0",None,None,0.0002457000082358,2022:03:31:00:39:06.929736,2022:03:31:00:39:06.988422
5159,2022:03:31:00:43:46.969988,N9,ARM,"v : velocity: -141600, A : acceleration: 309300, R : relative: 222901, X : X: 28986, Y : Y: 2",None,None,0.0002906000008806,2022:03:31:00:39:07.808121,2022:03:31:00:39:07.866932
5178,2022:03:31:00:43:46.972980,N9,MVNG,"axes: 1,2,3,0",None,None,0.0003460999869275,2022:03:31:00:39:09.037815,2022:03:31:00:39:09.097069
5193,2022:03:31:00:43:46.974975,N9,ARM,"v : velocity: -141600, A : acceleration: 309300, R : relative: 232901, X : X: 28986, Y : Y: 2",None,None,0.0002313000004505,2022:03:31:00:39:09.918886,2022:03:31:00:39:09.976753
5212,2022:03:31:00:43:46.977967,N9,MVNG,"axes: 1,2,3,0",None,None,0.0002260000037495,2022:03:31:00:39:11.142921,2022:03:31:00:39:11.204168
5227,2022:03:31:00:43:46.979961,N9,ARM,"v : velocity: -141600, A : acceleration: 309300, R : relative: 242901, X : X: 28986, Y : Y: 2",None,None,0.0003336000081617,2022:03:31:00:39:12.018851,2022:03:31:00:39:12.076356
5242,2022:03:31:00:43:46.981956,N9,MVNG,"axes: 1,2,3,0",None,None,0.0004294000100344,2022:03:31:00:39:13.007562,2022:03:31:00:39:13.065821
5253,2022:03:31:00:43:46.982953,N9,ARM,"v : velocity: -141600, A : acceleration: 309300, R : relative: 252901, X : X: 28986, Y : Y: 2",None,None,0.0002511999919079,2022:03:31:00:39:13.654720,2022:03:31:00:39:13.712785
5272,2022:03:31:00:43:46.985945,N9,MVNG,"axes: 1,2,3,0",None,None,0.0002956000098492,2022:03:31:00:39:14.878223,2022:03:31:00:39:14.937536
5287,2022:03:31:00:43:46.987940,N9,ARM,"v : velocity: -141600, A : acceleration: 309300, R : relative: 262901, X : X: 28986, Y : Y: 2",None,None,0.0002011000033235,2022:03:31:00:39:15.763047,2022:03:31:00:39:15.821978
5306,2022:03:31:00:43:46.990932,N9,MVNG,"axes: 1,2,3,0",None,None,0.0001863000070443,2022:03:31:00:39:16.992329,2022:03:31:00:39:17.051156
5317,2022:03:31:00:43:46.991929,N9,ARM,"v : velocity: -141600, A : acceleration: 309300, R : relative: 272901, X : X: 28986, Y : Y: 2",None,None,0.0002650000096764,2022:03:31:00:39:17.646453,2022:03:31:00:39:17.707388
5336,2022:03:31:00:43:46.994921,N9,MVNG,"axes: 1,2,3,0",None,None,0.0002511999919079,2022:03:31:00:39:18.876396,2022:03:31:00:39:18.935252
5347,2022:03:31:00:43:46.996916,N9,ARM,"v : velocity: -141600, A : acceleration: 309300, R : relative: 282901, X : X: 28986, Y : Y: 2",None,None,0.0003046999918296,2022:03:31:00:39:19.530526,2022:03:31:00:39:19.589688
5366,2022:03:31:00:43:46.998911,N9,MVNG,"axes: 1,2,3,0",None,None,0.0003258000069763,2022:03:31:00:39:20.762539,2022:03:31:00:39:20.821207
5377,2022:03:31:00:43:47.000905,N9,ARM,"v : velocity: -141600, A : acceleration: 309300, R : relative: 292901, X : X: 28986, Y : Y: 2",None,None,0.0003575999871827,2022:03:31:00:39:21.415658,2022:03:31:00:39:21.473506
5392,2022:03:31:00:43:47.002900,N9,MVNG,"axes: 1,2,3,0",None,None,0.0001648000034037,2022:03:31:00:39:22.417349,2022:03:31:00:39:22.476392
5407,2022:03:31:00:43:47.004895,N9,ARM,"v : velocity: -141600, A : acceleration: 309300, R : relative: 302901, X : X: 28986, Y : Y: 2",None,None,0.0003081999893765,2022:03:31:00:39:23.291239,2022:03:31:00:39:23.349225
5426,2022:03:31:00:43:47.007915,N9,MVNG,"axes: 1,2,3,0",None,None,0.0004017000028397,2022:03:31:00:39:24.504507,2022:03:31:00:39:24.561812
5437,2022:03:31:00:43:47.009882,N9,ARM,"v : velocity: -141600, A : acceleration: 309300, R : relative: 312901, X : X: 28986, Y : Y: 2",None,None,0.0002679000026546,2022:03:31:00:39:25.148415,2022:03:31:00:39:25.207042
5456,2022:03:31:00:43:47.012874,N9,ARM,"v : velocity: -141600, A : acceleration: 309300, R : relative: 312901, X : X: 28986, Y : Y: 2",None,None,0.0002871000033337,2022:03:31:00:39:26.327982,2022:03:31:00:39:26.386377
5475,2022:03:31:00:43:47.015897,N9,ARM,"v : velocity: -141600, A : acceleration: 309300, R : relative: 312901, X : X: 28986, Y : Y: 2",None,None,0.0003193999873474,2022:03:31:00:39:27.512567,2022:03:31:00:39:27.570716
5494,2022:03:31:00:43:47.018885,N9,ARM,"v : velocity: -141600, A : acceleration: 309300, R : relative: 312901, X : X: 28986, Y : Y: 2",None,None,0.000303899985738,2022:03:31:00:39:28.695388,2022:03:31:00:39:28.753511
5509,2022:03:31:00:43:47.020880,N9,ARM,"v : velocity: -141600, A : acceleration: 309300, R : relative: 300758, X : X: 28986, Y : Y: 2",None,None,0.0002589999930933,2022:03:31:00:39:29.736137,2022:03:31:00:39:29.795247
5524,2022:03:31:00:43:47.022874,N9,MVNG,"axes: 1,2,3,0",None,None,0.0002856999926734,2022:03:31:00:39:30.701590,2022:03:31:00:39:30.760321
5535,2022:03:31:00:43:47.024621,N9,ARM,"v : velocity: -141600, A : acceleration: 309300, R : relative: 290996, X : X: 28986, Y : Y: 2",None,None,0.0001676999963819,2022:03:31:00:39:31.341986,2022:03:31:00:39:31.400778
5550,2022:03:31:00:43:47.026617,N9,MVNG,"axes: 1,2,3,0",None,None,0.0003018999996129,2022:03:31:00:39:32.341652,2022:03:31:00:39:32.400599
5561,2022:03:31:00:43:47.028612,N9,ARM,"v : velocity: -141600, A : acceleration: 309300, R : relative: 281235, X : X: 28986, Y : Y: 2",None,None,0.0001981999957934,2022:03:31:00:39:32.989167,2022:03:31:00:39:33.047958
5580,2022:03:31:00:43:47.031634,N9,MVNG,"axes: 1,2,3,0",None,None,0.0002729000116232,2022:03:31:00:39:34.215708,2022:03:31:00:39:34.274670
5591,2022:03:31:00:43:47.032634,N9,ARM,"v : velocity: -141600, A : acceleration: 309300, R : relative: 271473, X : X: 28986, Y : Y: 2",None,None,0.0003279999946244,2022:03:31:00:39:34.860082,2022:03:31:00:39:34.918068
5606,2022:03:31:00:43:47.034628,N9,MVNG,"axes: 1,2,3,0",None,None,0.0001500000071246,2022:03:31:00:39:35.857018,2022:03:31:00:39:35.916243
5617,2022:03:31:00:43:47.036623,N9,ARM,"v : velocity: -141600, A : acceleration: 309300, R : relative: 261711, X : X: 28986, Y : Y: 2",None,None,0.0004090000002179,2022:03:31:00:39:36.498491,2022:03:31:00:39:36.557364
5636,2022:03:31:00:43:47.039615,N9,MVNG,"axes: 1,2,3,0",None,None,0.0002997000119648,2022:03:31:00:39:37.708504,2022:03:31:00:39:37.767135
5647,2022:03:31:00:43:47.040613,N9,ARM,"v : velocity: -141600, A : acceleration: 309300, R : relative: 251950, X : X: 28986, Y : Y: 2",None,None,0.0002567000046838,2022:03:31:00:39:38.351008,2022:03:31:00:39:38.408888
5666,2022:03:31:00:43:47.043604,N9,MVNG,"axes: 1,2,3,0",None,None,0.0001360000023851,2022:03:31:00:39:39.579325,2022:03:31:00:39:39.638545
5677,2022:03:31:00:43:47.044602,N9,ARM,"v : velocity: -141600, A : acceleration: 309300, R : relative: 242188, X : X: 28986, Y : Y: 2",None,None,0.0002336000034119,2022:03:31:00:39:40.221834,2022:03:31:00:39:40.280347
5692,2022:03:31:00:43:47.046595,N9,MVNG,"axes: 1,2,3,0",None,None,0.0002553999947849,2022:03:31:00:39:41.206461,2022:03:31:00:39:41.264439
5707,2022:03:31:00:43:47.049587,N9,ARM,"v : velocity: -141600, A : acceleration: 309300, R : relative: 232426, X : X: 28986, Y : Y: 2",None,None,0.0002470999897923,2022:03:31:00:39:42.077368,2022:03:31:00:39:42.135249
5726,2022:03:31:00:43:47.051583,N9,MVNG,"axes: 1,2,3,0",None,None,0.0002676000003702,2022:03:31:00:39:43.306986,2022:03:31:00:39:43.364079
5737,2022:03:31:00:43:47.053581,N9,ARM,"v : velocity: -141600, A : acceleration: 309300, R : relative: 222665, X : X: 28986, Y : Y: 2",None,None,0.0002547999902162,2022:03:31:00:39:43.949497,2022:03:31:00:39:44.008113
5752,2022:03:31:00:43:47.055571,N9,MVNG,"axes: 1,2,3,0",None,None,0.0001672999933362,2022:03:31:00:39:44.943159,2022:03:31:00:39:45.001660
5763,2022:03:31:00:43:47.056569,N9,ARM,"v : velocity: -141600, A : acceleration: 309300, R : relative: 212903, X : X: 28986, Y : Y: 2",None,None,0.0002149999927496,2022:03:31:00:39:45.589742,2022:03:31:00:39:45.648322
5782,2022:03:31:00:43:47.059567,N9,MVNG,"axes: 1,2,3,0",None,None,0.0002347999979974,2022:03:31:00:39:46.812378,2022:03:31:00:39:46.870466
5793,2022:03:31:00:43:47.061554,N9,ARM,"v : velocity: -141600, A : acceleration: 309300, R : relative: 203141, X : X: 28986, Y : Y: 2",None,None,0.0002846000134013,2022:03:31:00:39:47.466446,2022:03:31:00:39:47.524926
5812,2022:03:31:00:43:47.063551,N9,MVNG,"axes: 1,2,3,0",None,None,0.0001750999945215,2022:03:31:00:39:48.682436,2022:03:31:00:39:48.739444
5827,2022:03:31:00:43:47.065546,N9,ARM,"v : velocity: -141600, A : acceleration: 309300, R : relative: 193380, X : X: 28986, Y : Y: 2",None,None,0.000213099992834,2022:03:31:00:39:49.554299,2022:03:31:00:39:49.612248
5846,2022:03:31:00:43:47.068538,N9,MVNG,"axes: 1,2,3,0",None,None,0.0002122000005329,2022:03:31:00:39:50.783735,2022:03:31:00:39:50.842416
5861,2022:03:31:00:43:47.070530,N9,ARM,"v : velocity: -141600, A : acceleration: 309300, R : relative: 183618, X : X: 28986, Y : Y: 2",None,None,0.0002473999920766,2022:03:31:00:39:51.654990,2022:03:31:00:39:51.713856
5880,2022:03:31:00:43:47.073525,N9,MVNG,"axes: 1,2,3,0",None,None,0.0002531000063754,2022:03:31:00:39:52.886286,2022:03:31:00:39:52.944167
5891,2022:03:31:00:43:47.074518,N9,ARM,"v : velocity: -141600, A : acceleration: 309300, R : relative: 173856, X : X: 28986, Y : Y: 2",None,None,0.0002339000056963,2022:03:31:00:39:53.537707,2022:03:31:00:39:53.595416
5906,2022:03:31:00:43:47.077482,N9,MVNG,"axes: 1,2,3,0",None,None,0.000190399994608,2022:03:31:00:39:54.536346,2022:03:31:00:39:54.595083
5917,2022:03:31:00:43:47.078530,N9,ARM,"v : velocity: -141600, A : acceleration: 309300, R : relative: 164174, X : X: 28986, Y : Y: 2",None,None,0.0002238000015495,2022:03:31:00:39:55.184198,2022:03:31:00:39:55.242767
5936,2022:03:31:00:43:47.081472,N9,MVNG,"axes: 1,2,3,0",None,None,0.0001832999987527,2022:03:31:00:39:56.413307,2022:03:31:00:39:56.471485
5951,2022:03:31:00:43:47.083495,N9,ARM,"v : velocity: -141600, A : acceleration: 309300, R : relative: 154492, X : X: 28986, Y : Y: 2",None,None,0.0002465000143274,2022:03:31:00:39:57.284576,2022:03:31:00:39:57.343216
5970,2022:03:31:00:43:47.086486,N9,MVNG,"axes: 1,2,3,0",None,None,0.000256300001638,2022:03:31:00:39:58.500068,2022:03:31:00:39:58.558623
5985,2022:03:31:00:43:47.088481,N9,ARM,"v : velocity: -141600, A : acceleration: 309300, R : relative: 154492, X : X: 28986, Y : Y: 2",None,None,0.0003169999981764,2022:03:31:00:39:59.369479,2022:03:31:00:39:59.426462
6004,2022:03:31:00:43:47.091474,N9,MVNG,"axes: 1,2,3,0",None,None,0.0004526000120677,2022:03:31:00:40:00.552497,2022:03:31:00:40:00.611581
6015,2022:03:31:00:43:47.092474,N9,ARM,"v : velocity: -141600, A : acceleration: 309300, R : relative: 164492, X : X: 28986, Y : Y: 2",None,None,0.0003277999931015,2022:03:31:00:40:01.197934,2022:03:31:00:40:01.255383
6034,2022:03:31:00:43:47.095466,N9,MVNG,"axes: 1,2,3,0",None,None,0.0002358000056119,2022:03:31:00:40:02.414914,2022:03:31:00:40:02.472632
6045,2022:03:31:00:43:47.097462,N9,ARM,"v : velocity: -141600, A : acceleration: 309300, R : relative: 174492, X : X: 28986, Y : Y: 2",None,None,0.0002009000018006,2022:03:31:00:40:03.066815,2022:03:31:00:40:03.124994
6064,2022:03:31:00:43:47.099454,N9,MVNG,"axes: 1,2,3,0",None,None,0.0002478999958839,2022:03:31:00:40:04.290178,2022:03:31:00:40:04.348716
6075,2022:03:31:00:43:47.101450,N9,ARM,"v : velocity: -141600, A : acceleration: 309300, R : relative: 184492, X : X: 28986, Y : Y: 2",None,None,0.000191300001461,2022:03:31:00:40:04.943704,2022:03:31:00:40:05.001092
6094,2022:03:31:00:43:47.104442,N9,MVNG,"axes: 1,2,3,0",None,None,0.0004545999981928,2022:03:31:00:40:06.157455,2022:03:31:00:40:06.216530
6105,2022:03:31:00:43:47.105445,N9,ARM,"v : velocity: -141600, A : acceleration: 309300, R : relative: 194492, X : X: 28986, Y : Y: 2",None,None,0.0002365999971516,2022:03:31:00:40:06.810925,2022:03:31:00:40:06.869321
6124,2022:03:31:00:43:47.108431,N9,MVNG,"axes: 1,2,3,0",None,None,0.0002256000007037,2022:03:31:00:40:08.043997,2022:03:31:00:40:08.104265
6135,2022:03:31:00:43:47.109427,N9,ARM,"v : velocity: -141600, A : acceleration: 309300, R : relative: 204492, X : X: 28986, Y : Y: 2",None,None,0.000258499989286,2022:03:31:00:40:08.696828,2022:03:31:00:40:08.754967
6154,2022:03:31:00:43:47.112418,N9,MVNG,"axes: 1,2,3,0",None,None,0.0001943999959621,2022:03:31:00:40:09.934700,2022:03:31:00:40:09.992737
6165,2022:03:31:00:43:47.114413,N9,ARM,"v : velocity: -141600, A : acceleration: 309300, R : relative: 214492, X : X: 28986, Y : Y: 2",None,None,0.0002561000001151,2022:03:31:00:40:10.576657,2022:03:31:00:40:10.635767
6180,2022:03:31:00:43:47.116409,N9,MVNG,"axes: 1,2,3,0",None,None,0.0002073000068776,2022:03:31:00:40:11.564498,2022:03:31:00:40:11.622023
6191,2022:03:31:00:43:47.117407,N9,ARM,"v : velocity: -141600, A : acceleration: 309300, R : relative: 224492, X : X: 28986, Y : Y: 2",None,None,0.0003550999972503,2022:03:31:00:40:12.209470,2022:03:31:00:40:12.267746
6206,2022:03:31:00:43:47.120395,N9,MVNG,"axes: 1,2,3,0",None,None,0.0003927999932784,2022:03:31:00:40:13.208672,2022:03:31:00:40:13.266763
6217,2022:03:31:00:43:47.121392,N9,ARM,"v : velocity: -141600, A : acceleration: 309300, R : relative: 234492, X : X: 28986, Y : Y: 2",None,None,0.0001861000055214,2022:03:31:00:40:13.849180,2022:03:31:00:40:13.907218
6236,2022:03:31:00:43:47.124387,N9,MVNG,"axes: 1,2,3,0",None,None,0.000239999993937,2022:03:31:00:40:15.066101,2022:03:31:00:40:15.125492
6247,2022:03:31:00:43:47.125380,N9,ARM,"v : velocity: -141600, A : acceleration: 309300, R : relative: 244492, X : X: 28986, Y : Y: 2",None,None,0.000233400001889,2022:03:31:00:40:15.707808,2022:03:31:00:40:15.765874
6266,2022:03:31:00:43:47.128375,N9,MVNG,"axes: 1,2,3,0",None,None,0.0002035000070463,2022:03:31:00:40:16.936820,2022:03:31:00:40:16.996067
6277,2022:03:31:00:43:47.130367,N9,ARM,"v : velocity: -141600, A : acceleration: 309300, R : relative: 254492, X : X: 28986, Y : Y: 2",None,None,0.0003034000110346,2022:03:31:00:40:17.579504,2022:03:31:00:40:17.637235
6296,2022:03:31:00:43:47.132362,N9,MVNG,"axes: 1,2,3,0",None,None,0.0002665999927558,2022:03:31:00:40:18.795571,2022:03:31:00:40:18.854929
6311,2022:03:31:00:43:47.135361,N9,ARM,"v : velocity: -141600, A : acceleration: 309300, R : relative: 264492, X : X: 28986, Y : Y: 2",None,None,0.0002245000068796,2022:03:31:00:40:19.672248,2022:03:31:00:40:19.730004
6330,2022:03:31:00:43:47.137354,N9,MVNG,"axes: 1,2,3,0",None,None,0.0002148000057786,2022:03:31:00:40:20.898950,2022:03:31:00:40:20.957008
6341,2022:03:31:00:43:47.139343,N9,ARM,"v : velocity: -141600, A : acceleration: 309300, R : relative: 274492, X : X: 28986, Y : Y: 2",None,None,0.0002282000059494,2022:03:31:00:40:21.541682,2022:03:31:00:40:21.599726
6360,2022:03:31:00:43:47.142336,N9,MVNG,"axes: 1,2,3,0",None,None,0.0003971999976783,2022:03:31:00:40:22.772165,2022:03:31:00:40:22.830426
6371,2022:03:31:00:43:47.144341,N9,ARM,"v : velocity: -141600, A : acceleration: 309300, R : relative: 284492, X : X: 28986, Y : Y: 2",None,None,0.000198800000362,2022:03:31:00:40:23.409644,2022:03:31:00:40:23.467517
6390,2022:03:31:00:43:47.146330,N9,MVNG,"axes: 1,2,3,0",None,None,0.0002305999951204,2022:03:31:00:40:24.635586,2022:03:31:00:40:24.693820
6401,2022:03:31:00:43:47.148320,N9,ARM,"v : velocity: -141600, A : acceleration: 309300, R : relative: 294492, X : X: 28986, Y : Y: 2",None,None,0.0001709000061964,2022:03:31:00:40:25.275823,2022:03:31:00:40:25.334475
6420,2022:03:31:00:43:47.151313,N9,MVNG,"axes: 1,2,3,0",None,None,0.0002644000051077,2022:03:31:00:40:26.499544,2022:03:31:00:40:26.558668
6431,2022:03:31:00:43:47.152310,N9,ARM,"v : velocity: -141600, A : acceleration: 309300, R : relative: 304492, X : X: 28986, Y : Y: 2",None,None,0.0002116999967256,2022:03:31:00:40:27.148172,2022:03:31:00:40:27.206464
6450,2022:03:31:00:43:47.155301,N9,MVNG,"axes: 1,2,3,0",None,None,0.0002057999954558,2022:03:31:00:40:28.371585,2022:03:31:00:40:28.430028
6461,2022:03:31:00:43:47.157297,N9,ARM,"v : velocity: -141600, A : acceleration: 309300, R : relative: 314492, X : X: 28986, Y : Y: 2",None,None,0.0002465000143274,2022:03:31:00:40:29.011988,2022:03:31:00:40:29.070001
6476,2022:03:31:00:43:47.159297,N9,ARM,"v : velocity: -141600, A : acceleration: 309300, R : relative: 314492, X : X: 28986, Y : Y: 2",None,None,0.0001784000050975,2022:03:31:00:40:29.956513,2022:03:31:00:40:30.014982
6491,2022:03:31:00:43:47.161285,N9,ARM,"v : velocity: -141600, A : acceleration: 309300, R : relative: 314492, X : X: 28986, Y : Y: 2",None,None,0.0003332000051159,2022:03:31:00:40:30.905351,2022:03:31:00:40:30.964094
6506,2022:03:31:00:43:47.163279,N9,ARM,"v : velocity: -141600, A : acceleration: 309300, R : relative: 314492, X : X: 28986, Y : Y: 2",None,None,0.0003875000111293,2022:03:31:00:40:31.857790,2022:03:31:00:40:31.915465
6521,2022:03:31:00:43:47.165275,N9,ARM,"v : velocity: -141600, A : acceleration: 309300, R : relative: 314492, X : X: 28986, Y : Y: 2",None,None,0.0004105000116396,2022:03:31:00:40:32.807999,2022:03:31:00:40:32.866666
6536,2022:03:31:00:43:47.167269,N9,OUTP,output: 1,None,None,0.004858000203967,2022:03:31:00:40:34.494414,2022:03:31:00:40:34.556056
6543,2022:03:31:00:43:47.168266,N9,OUTP,"output: 1, value: 0",None,None,0.0058304998092353,2022:03:31:00:40:36.801764,2022:03:31:00:40:36.865641
6550,2022:03:31:00:43:47.169265,N9,OUTP,output: 1,None,None,0.0059209000319242,2022:03:31:00:40:39.914789,2022:03:31:00:40:39.978512
6557,2022:03:31:00:43:47.170261,N9,OUTP,"output: 1, value: 1",None,None,0.0058646001853048,2022:03:31:00:40:42.190006,2022:03:31:00:40:42.253848
6564,2022:03:31:00:43:47.171258,N9,OUTP,output: 0,None,None,0.0058709001168608,2022:03:31:00:40:44.377293,2022:03:31:00:40:44.441128
6571,2022:03:31:00:43:47.172256,N9,OUTP,"output: 0, value: 1",None,None,0.0058881998993456,2022:03:31:00:40:46.563037,2022:03:31:00:40:46.627166
6578,2022:03:31:00:43:47.173253,N9,OUTP,output: 0,None,None,0.0059158001095056,2022:03:31:00:40:55.640255,2022:03:31:00:40:55.704267
6585,2022:03:31:00:43:47.174255,N9,OUTP,"output: 0, value: 0",None,None,0.0059048999100923,2022:03:31:00:40:57.854110,2022:03:31:00:40:57.917751
6592,2022:03:31:00:43:47.175248,N9,OUTP,output: 1,None,None,0.0058821998536586,2022:03:31:00:41:00.068071,2022:03:31:00:41:00.132052
6599,2022:03:31:00:43:47.176246,N9,OUTP,"output: 1, value: 0",None,None,0.00583630008623,2022:03:31:00:41:02.302263,2022:03:31:00:41:02.365821
6606,2022:03:31:00:43:47.177243,N9,OUTP,output: 1,None,None,0.0058925999328494,2022:03:31:00:41:05.176878,2022:03:31:00:41:05.241547
6613,2022:03:31:00:43:47.178244,N9,OUTP,"output: 1, value: 1",None,None,0.0055212997831404,2022:03:31:00:41:07.432319,2022:03:31:00:41:07.494799
6620,2022:03:31:00:43:47.179244,N9,OUTP,output: 0,None,None,0.005838899873197,2022:03:31:00:41:09.679237,2022:03:31:00:41:09.743587
6627,2022:03:31:00:43:47.180239,N9,OUTP,"output: 0, value: 1",None,None,0.0118465004488825,2022:03:31:00:41:11.845302,2022:03:31:00:41:11.915827
6634,2022:03:31:00:43:47.181235,N9,OUTP,output: 0,None,None,0.0059083001688122,2022:03:31:00:41:18.196573,2022:03:31:00:41:18.260911
6641,2022:03:31:00:43:47.182238,N9,OUTP,"output: 0, value: 0",None,None,0.005872800014913,2022:03:31:00:41:20.461358,2022:03:31:00:41:20.525075
6648,2022:03:31:00:43:47.183229,N9,OUTP,output: 1,None,None,0.0060228998772799,2022:03:31:00:41:27.566125,2022:03:31:00:41:27.630342
6655,2022:03:31:00:43:47.184233,N9,OUTP,"output: 1, value: 0",None,None,0.0177008006721735,2022:03:31:00:41:29.816395,2022:03:31:00:41:29.892358
6662,2022:03:31:00:43:47.185228,N9,OUTP,output: 0,None,None,0.0058782999403774,2022:03:31:00:41:37.283419,2022:03:31:00:41:37.346771
6669,2022:03:31:00:43:47.186222,N9,OUTP,"output: 0, value: 1",None,None,0.0058581000193953,2022:03:31:00:41:39.401895,2022:03:31:00:41:39.465256
6676,2022:03:31:00:43:47.187219,N9,OUTP,output: 1,None,None,0.0058538001030683,2022:03:31:00:41:41.634730,2022:03:31:00:41:41.698208
6683,2022:03:31:00:43:47.188218,N9,OUTP,"output: 1, value: 1",None,None,0.0059155998751521,2022:03:31:00:41:43.819987,2022:03:31:00:41:43.883080
6690,2022:03:31:00:43:47.189213,N9,OUTP,output: 1,None,None,0.0118437996134161,2022:03:31:00:41:46.101357,2022:03:31:00:41:46.171460
6697,2022:03:31:00:43:47.190210,N9,OUTP,"output: 1, value: 0",None,None,0.0058709001168608,2022:03:31:00:41:48.341968,2022:03:31:00:41:48.406530
6704,2022:03:31:00:43:47.191210,N9,OUTP,output: 0,None,None,0.0058860001154243,2022:03:31:00:41:55.296487,2022:03:31:00:41:55.360362
6711,2022:03:31:00:43:47.192209,N9,OUTP,"output: 0, value: 0",None,None,0.005872800014913,2022:03:31:00:41:57.570770,2022:03:31:00:41:57.634722
6718,2022:03:31:00:43:47.193207,N9,OUTP,output: 0,None,None,0.0058972002007067,2022:03:31:00:42:05.676069,2022:03:31:00:42:05.740446
6725,2022:03:31:00:43:47.194199,N9,OUTP,"output: 0, value: 1",None,None,0.0058634998276829,2022:03:31:00:42:07.887323,2022:03:31:00:42:07.951744
6732,2022:03:31:00:43:47.195197,N9,OUTP,output: 1,None,None,0.0059071998111903,2022:03:31:00:42:16.948965,2022:03:31:00:42:17.013717
6739,2022:03:31:00:43:47.196194,N9,OUTP,"output: 1, value: 1",None,None,0.0057227998040616,2022:03:31:00:42:19.136138,2022:03:31:00:42:19.199793
6746,2022:03:31:00:43:47.197191,N9,OUTP,output: 1,None,None,0.0058206999674439,2022:03:31:00:42:27.636609,2022:03:31:00:42:27.700842
6753,2022:03:31:00:43:47.198188,N9,OUTP,"output: 1, value: 0",None,None,0.0049923001788556,2022:03:31:00:42:29.862635,2022:03:31:00:42:29.924900
6760,2022:03:31:00:43:47.199188,N9,OUTP,output: 0,None,None,0.0057577998377382,2022:03:31:00:42:32.387050,2022:03:31:00:42:32.450001
6767,2022:03:31:00:43:47.200155,N9,OUTP,"output: 0, value: 0",None,None,0.0058511001989245,2022:03:31:00:42:34.579581,2022:03:31:00:42:34.643391
6774,2022:03:31:00:43:47.201152,N9,OUTP,output: 0,None,None,0.0058716000057756,2022:03:31:00:42:37.472337,2022:03:31:00:42:37.535992
6781,2022:03:31:00:43:47.202178,N9,OUTP,"output: 0, value: 1",None,None,0.0056473999284207,2022:03:31:00:42:39.729411,2022:03:31:00:42:39.793122
6788,2022:03:31:00:43:47.203180,N9,OUTP,output: 1,None,None,0.0058045000769197,2022:03:31:00:42:41.924559,2022:03:31:00:42:41.988338
6795,2022:03:31:00:43:47.204175,N9,OUTP,"output: 1, value: 1",None,None,0.0055538997985422,2022:03:31:00:42:44.097951,2022:03:31:00:42:44.162000
6802,2022:03:31:00:43:47.205176,N9,OUTP,output: 1,None,None,0.0058903000317513,2022:03:31:00:42:46.884482,2022:03:31:00:42:46.948355
6809,2022:03:31:00:43:47.206169,N9,OUTP,"output: 1, value: 0",None,None,0.0059054000303149,2022:03:31:00:42:49.056215,2022:03:31:00:42:49.119268
6816,2022:03:31:00:43:47.207171,N9,OUTP,output: 0,None,None,0.0054766000248491,2022:03:31:00:42:52.798827,2022:03:31:00:42:52.862354
6823,2022:03:31:00:43:47.208163,N9,OUTP,"output: 0, value: 0",None,None,0.0050253998488187,2022:03:31:00:42:55.028659,2022:03:31:00:42:55.091665
6830,2022:03:31:00:43:47.209160,N9,OUTP,output: 0,None,None,0.0059134000912308,2022:03:31:00:43:01.484428,2022:03:31:00:43:01.548408
6837,2022:03:31:00:43:47.210157,N9,OUTP,"output: 0, value: 1",None,None,0.00588050018996,2022:03:31:00:43:03.720290,2022:03:31:00:43:03.784117
6844,2022:03:31:00:43:47.211154,N9,OUTP,output: 1,None,None,0.005798100028187,2022:03:31:00:43:05.982997,2022:03:31:00:43:06.046746
6851,2022:03:31:00:43:47.212154,N9,OUTP,"output: 1, value: 1",None,None,0.0056189000606536,2022:03:31:00:43:08.166076,2022:03:31:00:43:08.231140
6858,2022:03:31:00:43:47.213149,N9,OUTP,output: 1,None,None,0.0058959000743925,2022:03:31:00:43:11.014653,2022:03:31:00:43:11.078840
6865,2022:03:31:00:43:47.214146,N9,OUTP,"output: 1, value: 0",None,None,0.0116192996501922,2022:03:31:00:43:13.278989,2022:03:31:00:43:13.347859
6872,2022:03:31:00:43:47.215151,N9,OUTP,output: 0,None,None,0.0058709001168608,2022:03:31:00:43:18.599991,2022:03:31:00:43:18.664336
6879,2022:03:31:00:43:47.216140,N9,OUTP,"output: 0, value: 0",None,None,0.0118757002055644,2022:03:31:00:43:20.892747,2022:03:31:00:43:20.962161
6886,2022:03:31:00:43:47.217140,N9,OUTP,output: 0,None,None,0.0058492999523878,2022:03:31:00:43:27.147433,2022:03:31:00:43:27.211520
6893,2022:03:31:00:43:47.218136,N9,OUTP,"output: 0, value: 1",None,None,0.0058837998658418,2022:03:31:00:43:29.364609,2022:03:31:00:43:29.428318
6900,2022:03:31:00:43:47.219132,N9,OUTP,output: 1,None,None,0.005866500083357,2022:03:31:00:43:37.076516,2022:03:31:00:43:37.141115
6907,2022:03:31:00:43:47.220138,N9,OUTP,"output: 1, value: 1",None,None,0.0058738999068737,2022:03:31:00:43:39.250582,2022:03:31:00:43:39.314994
6914,2022:03:31:00:43:47.221127,N9,OUTP,output: 0,None,None,0.0057006999850273,2022:03:31:00:43:42.293424,2022:03:31:00:43:42.357095
6921,2022:03:31:00:43:47.222125,N9,OUTP,"output: 0, value: 0",None,None,0.0059561999514698,2022:03:31:00:43:44.460137,2022:03:31:00:43:44.524316
