TimeStamp,itr1_0,itr1_1,itr1t_2,itr1_3,itr1_4,itr1_5,itr2_0,itr2_1,itr2_2,itr2_3,itr2_4,itr2_5,itr3_0,itr3_1,itr3_2,itr3_3,itr3_4,itr3_5
1,0.491794407,1.060819387,1.528392076,-0.385507464,0.133696124,0.205601051,0.637229025,1.137838125,1.611739874,-0.360214204,0.130204707,0.240581542,0.546625078,1.022682309,1.462582946,-0.385006487,0.294900328,0.245963037
2,0.520183802,1.046755791,1.534906507,-0.29730463,0.267743886,0.193931922,0.456866056,1.061082244,1.686925173,-0.229301035,0.366776347,0.257872313,0.590018988,1.061857104,1.675875068,-0.371580243,0.172451824,0.228976741
3,0.557686865,1.008555293,1.714240789,-0.209398225,0.272076786,0.185412258,0.63448894,1.123305798,1.874404311,-0.240007505,0.251727134,0.244447857,0.603103518,1.11124289,1.696608782,-0.260539293,0.29556331,0.213126704
4,0.594065905,1.036096454,1.690651774,-0.23153688,0.299621791,0.201866791,0.472664982,1.118065357,1.732845545,-0.166781574,0.313779086,0.235006705,0.563968241,1.062799096,1.848993063,-0.120795913,0.410913527,0.200622886
5,0.449437737,0.988189816,1.719987988,-0.054864109,0.413411617,0.206440404,0.527951956,1.061820149,1.686360121,-0.169972569,0.365765423,0.245328382,0.58534348,1.0127846,1.751580119,-0.213068753,0.270940006,0.201964557
6,0.578593254,0.93049258,1.7258569,-0.065476075,0.318444908,0.208746001,0.473951966,1.035219908,1.517793179,-0.292869359,0.263417453,0.235654697,0.524041116,1.034280419,1.699214816,-0.207742035,0.335292071,0.208881691
7,0.456810892,0.975694656,1.52634573,-0.238305256,0.359007716,0.181784183,0.45012337,1.082970619,1.537286043,-0.304673344,0.201179668,0.247687131,0.678014755,1.013537645,1.523495913,-0.223625407,0.246607244,0.205444843
8,0.525788665,0.928409696,1.521575928,-0.23106429,0.233089596,0.204462692,0.54513675,0.972358942,1.481031537,-0.303527266,0.235806152,0.255125731,0.46706605,1.056005001,1.514240503,-0.377397597,0.158220947,0.211227015
9,0.489830494,0.89203167,1.421772718,-0.227592885,0.184820801,0.189767987,0.53723079,1.010770559,1.544946432,-0.378748834,0.153753877,0.250222415,0.607855439,0.8941921,1.450657129,-0.308688194,0.169851616,0.228068113
10,0.519405484,0.87080586,1.36339426,-0.274176657,0.331096143,0.198989585,0.500306427,0.878636539,1.598532081,-0.199197263,0.234610587,0.247668818,0.539754868,0.953095019,1.490645528,-0.235999286,0.235707954,0.212855443
11,0.534442186,0.789455533,1.461015463,-0.177833542,0.159374595,0.204050109,0.622673631,0.96636492,1.701543689,-0.111124784,0.26526463,0.249502271,0.600294113,0.877889454,1.566912413,-0.236572981,0.289526463,0.200134695
12,0.47817412,0.822599649,1.507222176,-0.098340638,0.328129351,0.207079053,0.424930304,0.928282976,1.601898074,-0.045578349,0.429582089,0.234683558,0.544970393,0.904521286,1.641026258,-0.093360752,0.25619483,0.20229201
13,0.554899752,0.686918437,1.366691113,-0.044298992,0.355323523,0.187595904,0.564449131,0.895013571,1.588519335,-0.096883491,0.302415669,0.241107881,0.57288152,0.829413593,1.543730736,-0.018046472,0.381940752,0.196896866
14,0.49290967,0.631323516,1.34936285,-0.003948361,0.299565345,0.191987574,0.470998496,0.857995033,1.438022256,-0.136019334,0.287438631,0.229520947,0.448712021,0.878061473,1.570218205,-0.15986225,0.403078407,0.210961372
15,0.373560756,0.58416307,1.224051952,0.051884558,0.303770423,0.184137762,0.535696208,0.919464827,1.416399717,-0.211722493,0.298283756,0.230984882,0.567942023,0.802483201,1.449921489,-0.141448736,0.234050408,0.207245991
16,0.436557055,0.532158613,1.23592782,0.092793956,0.242830262,0.198301196,0.415336639,0.747773051,1.192847133,-0.205688477,0.208883613,0.239587978,0.505127907,0.650580406,1.189220905,-0.081092164,0.32345733,0.198026001
17,0.38444671,0.486707062,1.121398926,0.072252251,0.249658972,0.201497123,0.342523068,0.683143377,1.21420753,-0.120600089,0.233211726,0.242445514,0.468072623,0.665479064,1.255502582,-0.118556328,0.207654938,0.212274492
18,0.397328675,0.557959557,1.164493799,0.04067152,0.209837303,0.198277742,0.484367013,0.677835047,1.155305743,-0.168463677,0.156376153,0.229291707,0.505035639,0.635524154,1.219105482,-0.051070258,0.192628339,0.220364854
19,0.350518674,0.424918413,1.04839623,0.06212353,0.221442834,0.194284081,0.422488958,0.657750845,1.138249755,-0.074235603,0.223925456,0.24688378,0.413165241,0.554466844,1.180780888,-0.080321372,0.253386796,0.203104466
20,0.371674716,0.476332515,1.050992489,0.133012697,0.201134041,0.202204302,0.357232511,0.561593175,1.093473077,-0.071108215,0.228970885,0.235059127,0.447771132,0.544113517,1.170474172,0.073895104,0.244247094,0.208863229
21,0.367980897,0.447121441,1.032328367,0.172678441,0.238875136,0.210578799,0.436591625,0.520821154,1.136106849,0.01947774,0.188859567,0.233739316,0.370375484,0.534045339,1.110635757,0.1220164,0.267794639,0.212685093
22,0.309071958,0.483912766,1.021768332,0.214354545,0.22850503,0.199806392,0.337370992,0.485862732,1.050444245,0.081020534,0.21599856,0.233960867,0.380045801,0.470608294,1.106718302,0.059335973,0.151405424,0.213623345
23,0.288633645,0.39640975,0.945148706,0.171043262,0.192110017,0.190695196,0.353210419,0.548312783,1.075508595,0.049059153,0.155427814,0.230679542,0.367192864,0.453029752,1.008260727,0.085673422,0.209183782,0.19609189
24,0.213084266,0.435363531,0.939184189,0.194432899,0.188115388,0.184660435,0.376516342,0.443743646,0.981419921,0.121243857,0.226533875,0.234952718,0.385136098,0.404938668,0.973585546,0.081767589,0.178439274,0.206071526
25,0.041505799,0.242014691,0.832658052,0.356397182,0.087465152,0.178002238,0.316551745,0.456095099,0.98156786,0.165005773,0.168679237,0.238064855,0.296421885,0.444951534,0.947392583,0.188663527,0.202146083,0.225712731
26,0.071472429,0.361326098,0.944122851,0.341537863,0.081544921,0.180224806,0.216852129,0.481981575,0.980848312,0.171876669,0.18200779,0.234454125,0.264277577,0.405753434,0.882826507,0.140923038,0.191922963,0.202198356
27,0.137354597,0.451455832,0.980773807,0.326370567,0.110944062,0.163865834,0.265209466,0.436912537,0.920438468,0.207072169,0.226912051,0.232419252,0.233973265,0.439378977,0.920578539,0.182317466,0.144426733,0.193170607
28,0.16693382,0.519080937,1.027606726,0.295336545,0.118418932,0.171733841,0.200780272,0.448987067,0.938935578,0.206587732,0.197929278,0.214426696,0.057074189,0.307427824,0.932604253,0.373664647,0.042100713,0.194019884
29,0.209549889,0.474487305,1.000905514,0.275022089,0.15975225,0.164461464,0.083991334,0.345101893,0.897659659,0.360328197,0.082777254,0.211872891,0.098783858,0.395055652,0.976557612,0.340488046,0.047715761,0.190495461
30,0.217150807,0.510980904,1.008316636,0.263732165,0.154155761,0.156329483,0.117805243,0.425075531,0.980974019,0.356184602,0.08220239,0.22152935,0.090138309,0.430549324,1.00747633,0.308660448,0.071093276,0.191006616
31,0.213069603,0.46101439,0.983936369,0.245977193,0.179428369,0.173328117,0.170777544,0.500556588,1.012559414,0.30920139,0.096754029,0.194421321,0.158827096,0.500990093,1.025823355,0.269731045,0.064650729,0.162534475
32,0.264502704,0.554810643,0.713737845,0.386351675,0.165983528,0.162045047,0.192659587,0.491524458,1.02113235,0.292140216,0.090049222,0.20099695,0.184177026,0.508993626,1.031842947,0.254356712,0.072937131,0.182503805
33,0.302309513,0.499519706,0.441759169,0.545240819,0.161670119,0.168794319,0.198490888,0.545089006,1.017297268,0.262143761,0.117192835,0.202655986,0.217446923,0.48911202,1.03290689,0.241295993,0.075188562,0.1860376
34,0.389692068,0.532233596,0.309281796,0.622753799,0.157555521,0.217278749,0.246384352,0.493322492,1.014347672,0.246946782,0.125388294,0.195181563,0.27501297,0.471233308,0.90128243,0.26394704,0.076577634,0.178498343
35,0.411804527,0.585192978,0.347570688,0.659293115,0.123978913,0.199271232,0.265754282,0.542833269,0.850576878,0.318284273,0.146887645,0.197998866,0.281683445,0.547288001,0.62269187,0.465621531,0.08846987,0.17227906
36,0.434961826,0.598781943,0.286224455,0.648267388,0.0739078,0.206339821,0.266646981,0.519553244,0.542058587,0.521597147,0.147499964,0.198147237,0.34365803,0.478413552,0.377770215,0.592395723,0.103702441,0.201252058
37,0.518329203,0.569539785,0.279883623,0.684037626,0.047031827,0.208741009,0.328044206,0.529123783,0.374356031,0.617606699,0.165303305,0.229263499,0.452360302,0.582803249,0.317678332,0.625603378,0.087894365,0.207324699
38,0.469978213,0.6269508,0.257663429,0.735753834,-0.012191119,0.197449848,0.390949845,0.595551848,0.348351985,0.582876444,0.153406024,0.237585664,0.450382918,0.649402976,0.364320487,0.635418177,0.088355869,0.209567145
39,0.531724632,0.699566483,0.267923653,0.691637635,-0.074465156,0.226441875,0.469334543,0.626631498,0.336037755,0.713898897,0.147971347,0.220178887,0.537580371,0.575179875,0.260552257,0.685816228,0.056481346,0.222012937
40,0.512159526,0.599018633,0.167861491,0.712470412,-0.140086129,0.211930707,0.517148137,0.581163228,0.30110535,0.725153327,0.132590383,0.240569875,0.532103956,0.609492302,0.263282895,0.653303742,0.046409041,0.221143782
41,0.615382075,0.63829124,0.208732307,0.775489032,-0.074724868,0.195090353,0.450793803,0.575264335,0.308640361,0.702633083,0.081308372,0.225100145,0.566946149,0.562254071,0.247305647,0.674611568,0.002410607,0.229768932
42,0.516542256,0.638964772,0.256482065,0.787732542,-0.10618186,0.201373041,0.509822428,0.686417341,0.263387382,0.684162498,0.034146287,0.244487837,0.570703208,0.632648349,0.289305776,0.73590076,-0.036746804,0.233553737
43,0.704968333,0.629924595,0.240295678,0.887860179,-0.12113139,0.18943657,0.581584692,0.62953043,0.259970933,0.737286866,-0.034924369,0.241246462,0.5889135,0.56599164,0.237208739,0.721267819,-0.076949641,0.23739624
44,0.660992563,0.725543559,0.264012247,0.808674157,-0.094759852,0.197386861,0.629593968,0.588070154,0.285706609,0.777543366,-0.075186804,0.234480038,0.591852427,0.812398374,0.229708865,0.712005079,-0.118809819,0.236964777
45,0.632411301,0.616513431,0.245702669,0.590446174,-0.061202191,0.205920085,0.650967956,0.740611136,0.307134181,0.698060036,-0.172654703,0.231533363,0.657193899,0.764785409,0.164081722,0.566508949,-0.060710639,0.216936767
46,0.717721999,0.562021255,0.298175186,0.626085043,-0.064883187,0.197229326,0.616423249,0.610607505,0.220109746,0.616929054,-0.138653651,0.233533531,0.690350294,0.642181695,0.141185388,0.599470019,-0.073525593,0.227236882
47,0.635630429,0.556655765,0.36571148,0.847464502,-0.045849912,0.216922462,0.646835446,0.613426566,0.249911621,0.705863953,-0.169101879,0.229821771,0.731450081,0.601827919,0.225601405,0.617724538,-0.134659559,0.21878387
48,0.607017696,0.629866958,0.28728652,0.643490434,-0.061066266,0.199898824,0.671388924,0.723486483,0.238744512,0.863654196,-0.101834312,0.219863817,0.631257117,0.594211459,0.399847537,0.962672055,-0.073626131,0.220954746
49,0.552731156,0.532158017,0.365453869,0.584603429,-0.184790194,0.202012703,0.591963947,0.738287985,0.331854373,0.890917301,-0.07619632,0.218157232,0.635721922,0.664794028,0.253171265,0.756915212,-0.033552665,0.214308307
50,0.55239594,0.539277732,0.516297281,0.922080278,-0.121655315,0.197138861,0.562087178,0.570223927,0.231636718,0.534255385,-0.077220842,0.208355278,0.626093745,0.593942702,0.255237013,0.535722256,-0.064597905,0.220422789
51,0.545918643,0.518671572,0.349169105,0.645360827,-0.10851559,0.207929775,0.583947539,0.584184706,0.38139087,0.804675281,-0.134928703,0.209627762,0.715030611,0.602388859,0.418133348,0.816302776,-0.09745492,0.207367361
52,0.658432961,0.508001745,0.425562978,0.5922575,-0.158867449,0.210915208,0.573448777,0.699635923,0.423161894,0.829358459,-0.13028121,0.186115205,0.673178315,0.498442501,0.288402379,0.809450448,0.008049702,0.221471161
53,0.68172431,0.612670481,0.555349767,0.882044137,-0.13480565,0.188505679,0.667889118,0.577548385,0.278758973,0.602286339,-0.091494463,0.201402321,0.699947655,0.497630268,0.282972157,0.465365261,-0.0291452,0.193105906
54,0.646117926,0.507821441,0.33070296,0.666554809,-0.062839314,0.196353316,0.7298311,0.51459682,0.383106619,0.663858116,-0.123001412,0.191329867,0.660680056,0.573491275,0.430251569,0.78994137,-0.082466297,0.210016653
55,0.698931277,0.356446236,0.379468977,0.55306071,-0.111129105,0.217416093,0.634455502,0.532067776,0.43029952,0.823089004,-0.091151662,0.198831975,0.611992359,0.567497253,0.350174487,0.79312253,-0.043469727,0.19383958
56,0.578813076,0.416237861,0.682089508,0.924792111,-0.072796471,0.212224424,0.610616624,0.486127406,0.299089044,0.600637615,-0.054013934,0.194621444,0.532513976,0.425846308,0.320354313,0.576973915,-0.106338054,0.22186245
57,0.395122707,0.362345934,0.524370849,0.596384168,-0.023575457,0.217183113,0.646180451,0.611350775,0.401547253,0.757134259,-0.136608258,0.196672991,0.609632075,0.478736907,0.53635323,0.801753283,-0.101009831,0.220062792
58,0.533817947,0.279842317,0.450952381,0.555392385,-0.084694132,0.219578892,0.548824668,0.558996379,0.47217387,0.8540169,-0.104818337,0.202042386,0.625263929,0.500863612,0.441948652,0.799689353,-0.109062895,0.210651234
59,0.483371675,0.373592228,0.550234973,0.503708422,-0.129272074,0.214603439,0.550165296,0.379083991,0.416166633,0.615586996,-0.133499444,0.202971533,0.59239167,0.500116289,0.4656654,0.584222138,-0.057358481,0.206873834
60,0.399674118,0.21508579,0.574954867,0.569330275,-0.109296471,0.227885246,0.594856918,0.382017195,0.633937895,0.663789034,-0.126252383,0.208798662,0.611291468,0.397942215,0.618214726,0.695474207,-0.098962985,0.210355699
61,0.328286588,0.278740406,0.626547933,0.5689134,-0.141963467,0.213408768,0.571087122,0.511676311,0.745168865,0.909909725,-0.12304502,0.187305078,0.520331144,0.338597536,0.683608413,0.859470546,-0.046999633,0.204655796
62,0.359465063,0.24796018,0.537999868,0.483487725,-0.122033156,0.218440592,0.477507055,0.420948565,0.615670443,0.742028832,-0.071540505,0.212986171,0.543895841,0.385779977,0.785306394,0.85178566,-0.04937496,0.218080044
63,0.334172845,0.270217538,0.772045553,0.59248656,-0.134948462,0.221943289,0.386952817,0.358972967,0.596981168,0.614100456,-0.092298433,0.223021805,0.519857466,0.349220961,0.77114737,0.862428427,-0.052717544,0.200320169
64,0.366494387,0.163806364,0.720769763,0.608334839,-0.106031679,0.216413409,0.404836148,0.339702368,0.686388135,0.652513206,-0.12012244,0.191587538,0.492794514,0.218937665,0.801335454,0.752929509,-0.092763573,0.205701143
65,0.262750417,0.235410601,0.810209751,0.603266895,-0.142398864,0.21935603,0.445177674,0.198389873,0.73993659,0.776495874,-0.081193045,0.213042051,0.456008971,0.272913277,0.731450617,0.621157706,-0.111087382,0.218821049
66,0.285383105,0.131962612,0.718509734,0.620669007,-0.148192689,0.218226165,0.381295919,0.275534272,0.870096147,0.708683431,-0.11557065,0.207589045,0.422701299,0.2631495,0.699249506,0.589323461,-0.129677504,0.209068298
67,0.245169848,0.141880289,0.852463484,0.597022653,-0.133717462,0.218433544,0.320013762,0.207291275,0.678038418,0.565247118,-0.149892882,0.21280691,0.362873495,0.190427676,0.784986436,0.61586386,-0.126499221,0.215140313
68,0.229199052,0.119581021,0.925916433,0.6192348,-0.146134287,0.195699096,0.348094285,0.179581568,0.866696835,0.699405015,-0.158104494,0.211855799,0.364096403,0.193939447,0.735133529,0.642603576,-0.132937402,0.226932794
69,0.105440207,-0.010413006,0.984485388,0.42129916,-0.163352013,0.200161219,0.279524386,0.155743957,0.755242527,0.658671975,-0.154696107,0.216960981,0.27344054,0.146667928,0.795804858,0.64424032,-0.112685859,0.223860055
70,0.14113006,0.021772124,0.94046098,0.442350805,-0.148120776,0.193889737,0.243695274,0.219912782,0.827856421,0.619348884,-0.159094915,0.201504216,0.260982335,0.119060755,0.89035219,0.615607858,-0.132854387,0.226607516
71,0.159357995,0.039621346,0.906417727,0.495683253,-0.146424592,0.19529587,0.234688327,0.106107682,0.922100484,0.661130726,-0.156656846,0.205762982,0.060979187,-0.032793052,1.03025341,0.457012475,-0.116049603,0.203005284
72,0.212219626,0.070751466,0.875460088,0.534719169,-0.139178187,0.193207681,0.097814366,0.01718203,0.990086019,0.443793386,-0.145240888,0.193850398,0.079270333,-0.020626612,0.956078827,0.444165885,-0.134386659,0.206358522
73,0.242884964,0.105869882,0.887756407,0.550596535,-0.136107966,0.193180263,0.096086353,0.006714322,0.951223791,0.468909204,-0.150692672,0.187494665,0.111423321,0.005462661,0.916774929,0.452631772,-0.137461841,0.197573036
74,0.237499207,0.11557617,0.899205148,0.563901484,-0.126035035,0.196863294,0.133377239,-0.002261467,0.895514429,0.48464632,-0.128468066,0.194603175,0.155498475,0.002395794,0.880237043,0.485557228,-0.121646225,0.196155995
75,0.219211727,0.120986886,0.904987395,0.572888315,-0.136506677,0.183615595,0.171128944,0.034164853,0.876760662,0.515755117,-0.139858991,0.194926888,0.1506304,0.035401531,0.859917462,0.518163204,-0.124484599,0.198460162
76,0.226486892,0.120371096,0.9001562,0.567324281,-0.11483568,0.196549028,0.186327443,0.083099045,0.878709435,0.536660552,-0.133093625,0.192995489,0.172596544,0.080121018,0.875668406,0.53536123,-0.111606337,0.195100874
77,0.295575023,0.145171002,0.917474806,0.522742391,-0.08263237,0.194663525,0.213120699,0.09661793,0.871911228,0.574260294,-0.112159096,0.191908985,0.20860824,0.087939568,0.891205132,0.562365592,-0.119779587,0.189235687
78,0.357604086,0.172410101,0.982676923,0.331905633,0.093578488,0.187191635,0.223114073,0.106182821,0.887861371,0.582226515,-0.120462462,0.179598629,0.211699814,0.081656002,0.88855356,0.548765421,-0.12478438,0.181542575
79,0.474788934,0.146365017,1.140938997,0.223459452,0.167763308,0.173059851,0.224320054,0.118220367,0.896949828,0.570283055,-0.116944365,0.173863679,0.271045178,0.100150593,0.900719941,0.548205912,-0.121353105,0.192195266
80,0.484557569,0.233127594,1.271299481,0.160985142,0.189908281,0.174259454,0.26382041,0.118486024,0.908959448,0.553795397,-0.107169628,0.18255055,0.296649337,0.140849933,0.924483657,0.464163125,-0.053808831,0.168298215
81,0.531862974,0.159265086,1.355374694,0.147295892,0.183555558,0.138960361,0.290829659,0.170094013,0.953697979,0.45717746,-0.006476281,0.174062818,0.396772116,0.183923885,1.030450821,0.228446513,0.137306362,0.184129447
82,0.611139894,0.135912076,1.422170281,0.135409147,0.170002282,0.116354503,0.348181725,0.184756488,1.056405187,0.220148712,0.140379399,0.166804165,0.519933701,0.173980713,1.202160716,0.192894682,0.158362538,0.162606001
83,0.660231471,0.185682818,1.428485751,0.060805116,0.214751676,0.080218531,0.506833017,0.198268995,1.207159877,0.201315731,0.160789713,0.161720693,0.552963436,0.22682251,1.319221258,0.163635924,0.135570422,0.144975007
84,0.614821017,0.175040618,1.428107023,0.102352493,0.17880708,0.029522285,0.540631175,0.238830507,1.319056153,0.158471808,0.150609598,0.139807552,0.622669995,0.18901071,1.368109584,0.153425038,0.102686793,0.128737032
85,0.664000511,0.178877711,1.455008388,0.092653379,0.139353201,-0.03636891,0.557393909,0.211811393,1.377696157,0.117981337,0.12137863,0.112840794,0.620390177,0.24743329,1.410350561,0.124492988,0.161913663,0.081241228
86,0.761393249,0.218425646,1.403547287,0.101149142,0.100911476,-0.064110562,0.649282455,0.238193095,1.422216892,0.135830477,0.170679197,0.088456668,0.707454562,0.20858486,1.417546988,0.101383552,0.170002922,0.01964847
87,0.866600156,0.238906622,1.384750724,0.043369971,0.133172631,-0.071055837,0.656955719,0.166093111,1.400227666,0.106973276,0.182079986,0.030892834,0.710474491,0.248528242,1.412539601,0.095258743,0.159158334,-0.012215775
88,0.878350437,0.253793627,1.395026803,0.089960262,0.131174684,-0.097297072,0.708237171,0.241357774,1.432016134,0.120560393,0.147973835,-0.018463323,0.666503012,0.151948959,1.35328567,0.119247623,0.1896061,-0.069162294
89,0.985625863,0.255455196,1.435258627,0.097911872,-0.015016966,-0.084768906,0.698877215,0.146582872,1.37804687,0.096350417,0.209011421,-0.046197951,0.825141013,0.18618013,1.394080639,0.138792098,0.165917695,-0.086244449
90,0.914242566,0.205069065,1.404896379,0.084769666,0.036620989,-0.098004863,0.64193356,0.20369336,1.397832036,0.11342898,0.216734067,-0.08380875,0.864996195,0.187940925,1.354922533,0.084251463,0.197730988,-0.072979838
91,0.551823318,0.170007348,1.314704418,0.043825239,0.399962395,-0.089814454,0.73318243,0.197357178,1.375561714,0.130871966,0.212325737,-0.051744219,0.764031589,0.148964047,1.383954763,0.143428877,0.149696738,-0.085989766
92,0.696535945,0.235869423,1.353047729,0.060510874,0.221287265,-0.089436591,0.695270717,0.182363197,1.380427599,0.144611761,0.226111025,-0.080189884,0.724088788,0.207765326,1.329131603,0.093420081,0.361272365,-0.089720421
93,0.836356878,0.136334106,1.387516022,0.15959461,-0.100314364,-0.114998683,0.582031429,0.144667745,1.373146296,0.077430531,0.422283351,-0.087051108,0.640512645,0.197885245,1.344304204,0.05390957,0.402261049,-0.095889203
94,0.567836463,0.086592741,1.307909489,0.131796956,0.299354285,-0.110232562,0.818350852,0.203726992,1.35747242,0.029853553,0.237462506,-0.082987383,1.007567644,0.234545648,1.378039956,0.119823515,-0.050566792,-0.114098147
95,0.879715204,0.156990588,1.304947257,0.103800312,0.276507884,-0.130859166,0.8854478,0.193181738,1.429305434,0.096566886,-0.113045841,-0.091619164,0.742472172,0.18490456,1.323104382,0.07578823,0.178291589,-0.118034422
96,0.893536091,0.159580201,1.377792954,0.133559287,-0.07825096,-0.1209227,0.487985909,0.15794313,1.343126178,0.08576256,0.341038108,-0.072596028,0.707311153,0.196247235,1.26639843,0.104249641,0.515454888,-0.11670047
97,0.566212893,0.090409607,1.265375137,0.100425094,0.394459426,-0.127790749,0.7843014,0.208156615,1.378812432,0.109518915,0.422845274,-0.095492139,0.955985785,0.143291205,1.377298832,0.16510807,-0.061782874,-0.119925916
98,0.756848097,0.170776546,1.300621986,0.107995935,0.296114564,-0.126632124,0.925081551,0.188493624,1.415663481,0.128898799,-0.097599268,-0.097346365,0.660558343,0.112172239,1.32509768,0.151702434,0.128028631,-0.098250128
99,0.807837188,0.16555208,1.376960397,0.170578033,-0.089174546,-0.123843409,0.622244775,0.165447816,1.307994962,0.139935449,0.287032127,-0.106653616,0.65158844,0.184271798,1.273764253,0.138882756,0.506006896,-0.122106686
100,0.634696782,0.046003498,1.297516584,0.135775328,0.301905096,-0.128893703,0.822448492,0.17708455,1.318662405,0.110638931,0.260544926,-0.118442617,0.954719007,0.195604265,1.325510502,0.199417651,-0.013695054,-0.127532288
101,0.818163276,0.080940142,1.335668206,0.070695333,0.376395106,-0.111660585,0.7921772,0.103923306,1.358186483,0.197640672,-0.076055244,-0.089017563,0.7956689,0.08399684,1.314497113,0.140747949,0.138890922,-0.105043299
102,0.90629071,0.098488688,1.388291717,0.165046811,-0.103943527,-0.111897737,0.592967153,0.026168594,1.289760113,0.121749721,0.345353454,-0.117770605,0.672254384,0.139748171,1.287184358,0.116349414,0.547747314,-0.124287389
103,0.575965881,-0.001666136,1.335925937,0.155391127,0.349014878,-0.122559696,0.702415764,0.137352347,1.344561815,0.105609611,0.332038701,-0.114093162,0.85616523,0.131682217,1.348450065,0.164630234,-0.041790448,-0.117404997
104,0.725965202,0.068678483,1.337968946,0.13310574,0.332422972,-0.116545856,0.918996274,0.091334432,1.38082087,0.136942297,-0.077716425,-0.108102292,0.718826294,0.034462273,1.315726638,0.092749335,0.104100049,-0.12419866
105,0.791636586,0.039752096,1.411011815,0.21351032,-0.063303724,-0.14661333,0.636362851,0.066608131,1.324223876,0.114070892,0.300942868,-0.119840711,0.572706699,-0.015227562,1.27225697,0.146407872,0.583253264,-0.111614287
106,0.678257167,0.024204161,1.298273921,0.153988451,0.354319453,-0.136477947,0.688506186,0.101380974,1.306903005,0.163740218,0.370733052,-0.118724898,0.944717765,0.161159217,1.366513491,0.210344344,-0.018255776,-0.107031047
107,0.824471295,0.055441767,1.284312606,0.139058352,0.414318889,-0.142263114,0.846761703,0.115022957,1.406710982,0.197098747,-0.05498305,-0.12316896,0.790813804,0.024000973,1.311280131,0.159622043,0.165737972,-0.126600057
108,0.882798314,0.057592273,1.336362481,0.207857266,-0.093490124,-0.140207827,0.582140982,0.015595831,1.328495622,0.157301277,0.369303793,-0.116849892,0.713017523,0.064676747,1.302736044,0.10817007,0.574486732,-0.112257674
109,0.587463021,-0.073158421,1.242337584,0.122082867,0.318631619,-0.126554072,0.746647477,0.044100508,1.328142524,0.109682202,0.372974217,-0.110271819,0.912287712,0.099295378,1.301911116,0.191160768,0.038359229,-0.122149572
110,0.749294281,0.003098443,1.27373445,0.120299116,0.376693815,-0.126584023,0.904705644,0.03872367,1.357998848,0.190751433,-0.046816595,-0.120122001,0.722962141,0.062458299,1.257277131,0.183489114,0.105779767,-0.123255365
111,0.779163778,0.044344176,1.273824811,0.173438504,-0.05492764,-0.161726564,0.648477495,-0.023209035,1.240388274,0.172129601,0.29913047,-0.113350555,0.581850529,-0.008415293,1.205905795,0.166620806,0.571692288,-0.11352136
112,0.605418205,-0.075030319,1.185592055,0.175748736,0.438570708,-0.145809084,0.728518724,0.028636023,1.294771791,0.098586924,0.473524004,-0.121607952,0.932703853,0.01249063,1.300461173,0.192160547,-0.016883511,-0.129764795
113,0.785446644,-0.020505574,1.221678853,0.134838253,0.445459634,-0.144343436,0.832100987,0.016589075,1.323276281,0.204718754,-0.123345934,-0.126261264,0.847973943,-0.062627673,1.250811934,0.144396245,0.121125504,-0.136832118
114,0.899068773,-0.001705073,1.27973485,0.211069554,-0.124365062,-0.148570627,0.534354389,-0.022410996,1.241132498,0.149429858,0.304224223,-0.107861184,0.696812332,0.029891305,1.206552267,0.138655066,0.465262949,-0.145755321
115,0.610746443,-0.019893005,1.205227375,0.156326428,0.379120737,-0.148589581,0.762125552,0.040806547,1.244530201,0.120213449,0.373908609,-0.124717444,0.889508486,0.032253329,1.240860462,0.259521037,-0.029534198,-0.140780166
116,0.679614961,-0.03164497,1.191923141,0.138492972,0.443072438,-0.156178787,0.838154137,-0.027238874,1.257338881,0.257096171,-0.120543756,-0.121968038,0.73079741,0.00771907,1.226169705,0.1981785,0.137624681,-0.128568813
117,0.854030967,-0.003658764,1.201126337,0.259032607,-0.176726624,-0.147073388,0.716737986,-0.053110823,1.214391708,0.159674406,0.330710083,-0.147518098,0.622928858,-0.027015671,1.163425803,0.144539073,0.580452621,-0.150451839
118,0.690289438,-0.13854757,1.180367589,0.192320123,0.397704631,-0.145971209,0.717621863,-0.02585572,1.239242554,0.175409511,0.43424949,-0.137509644,0.85727042,0.035386913,1.24785018,0.231697872,-0.024202723,-0.143580198
119,0.81176132,-0.046520568,1.217519283,0.120476827,0.332382739,-0.160863802,0.842617273,-0.026020631,1.263081789,0.238124609,-0.095135763,-0.138188541,0.834536433,-0.100480981,1.172078013,0.189975873,0.111359432,-0.149407953
120,0.86773634,-0.143850759,1.227977395,0.210179374,-0.103428721,-0.151212886,0.618669152,-0.139271468,1.185109854,0.170432553,0.27628231,-0.131762415,0.692614973,-0.162308216,1.159527898,0.172271073,0.53398335,-0.136187196
121,0.741451204,-0.172226638,1.125905991,0.15502581,0.438756973,-0.152576208,0.678033412,-0.058931231,1.195920229,0.163219407,0.437765062,-0.142777517,0.890294313,-0.006592065,1.2170223,0.220385611,-0.028405566,-0.159975037
122,0.747850716,-0.062217087,1.18939352,0.237383306,0.436474472,-0.142460734,0.830387831,-0.017078444,1.231956124,0.215397581,-0.115386933,-0.137620658,0.682965815,-0.074808642,1.203992963,0.213199675,0.210157678,-0.16174601
123,0.822232783,-0.05231297,1.223852754,0.266970903,-0.072640829,-0.136340737,0.712312579,-0.118656963,1.162210226,0.169318736,0.455766797,-0.13303405,0.636562228,-0.075402811,1.160504699,0.144999668,0.574912488,-0.129406586
124,0.663776517,-0.130365849,1.196817279,0.220812827,0.347529233,-0.138540044,0.783313692,-0.022540748,1.216758847,0.117562853,0.420306295,-0.15154393,0.876048923,-0.030722177,1.217355013,0.268938035,0.000568392,-0.143713787
125,0.802226424,-0.092414349,1.216449976,0.165832788,0.400679916,-0.158027098,0.807314396,-0.056033552,1.2144835,0.300055742,-0.156557441,-0.157662377,0.821415603,-0.063995063,1.168135881,0.187949225,0.123461142,-0.143369362
126,0.924227238,-0.129637212,1.227407575,0.263547242,-0.094519854,-0.131890893,0.565033674,-0.14280504,1.164222956,0.237895772,0.331085086,-0.137916178,0.708859921,-0.112512827,1.172059894,0.157739937,0.591775358,-0.147124171
127,0.659625351,-0.197575465,1.105927348,0.189125985,0.445846289,-0.148687035,0.682436943,-0.123016,1.249939322,0.161587819,0.47904253,-0.130583569,0.927550673,-0.095011413,1.197303653,0.274992585,-0.069418229,-0.149896562
128,0.699915051,-0.191086143,1.174943686,0.145118594,0.386536956,-0.14510116,0.932798386,-0.098836094,1.254592061,0.255112052,-0.15427722,-0.124116585,0.697896481,-0.163923278,1.198250532,0.193124399,0.170209631,-0.145068467
129,0.729841053,-0.131233394,1.223104835,0.274421364,-0.121976241,-0.136532784,0.626492679,-0.220982045,1.141597867,0.198385492,0.380337626,-0.138599887,0.66364032,-0.124577947,1.135574698,0.15282844,0.517785251,-0.13897641
130,0.614048481,-0.220227405,1.153649092,0.226664647,0.192740068,-0.144796237,0.797712207,-0.058510616,1.196717739,0.208578378,0.302786559,-0.134704977,0.866461754,-0.103582412,1.223665476,0.289934188,-0.019345209,-0.126992524
131,0.45625627,-0.235445067,1.102446675,0.254578829,0.359336495,-0.140036866,0.893674493,-0.096235335,1.233583331,0.292868376,-0.100000925,-0.157407567,0.636211216,-0.184291512,1.131772995,0.19445698,0.136313811,-0.151221007
132,0.439546287,-0.242087811,1.137764454,0.329954505,0.335014552,-0.167781577,0.522542238,-0.230191514,1.127640009,0.224083468,0.335389137,-0.133619919,0.546166301,-0.268686235,1.075686336,0.187647954,0.533152401,-0.13646166
133,0.491110533,-0.245003372,1.131530404,0.306862742,0.150430217,-0.158128634,0.479876488,-0.183652788,1.115280628,0.119263493,0.481895626,-0.118719727,0.595151544,-0.164910495,1.148890495,0.159604445,0.296108007,-0.157743096
134,0.505989373,-0.21772705,1.170740604,0.287657619,0.119811073,-0.15682894,0.621584713,-0.11064028,1.135718465,0.210950106,0.08978723,-0.131666481,0.60792321,-0.106634319,1.090659976,0.197899193,0.17241846,-0.153465152
135,0.369538873,-0.303103894,1.062920094,0.266400576,0.170066521,-0.127692401,0.552306473,-0.151003852,1.131322861,0.25993228,0.034397267,-0.13649492,0.613701046,-0.235840455,1.071735024,0.225324988,0.18433772,-0.155424327
136,0.402217567,-0.27646336,1.100445747,0.311923832,0.163037449,-0.146097034,0.576818109,-0.212642044,1.081299782,0.24177143,0.110627607,-0.128994241,0.485189259,-0.24218218,1.077930808,0.26916486,0.247860417,-0.136469483
137,0.272579402,-0.239943057,1.131821871,0.30406636,0.129703224,-0.146555468,0.549649596,-0.264515579,1.094512463,0.268741965,0.175307274,-0.138327748,0.456581861,-0.265182614,1.150821447,0.309952587,0.242418721,-0.144344062
138,0.288550764,-0.308760941,1.112341523,0.308386862,0.135504901,-0.1482061,0.525214851,-0.322848469,1.105168939,0.310456425,0.218269438,-0.137384981,0.468964368,-0.225742042,1.143818259,0.27152741,0.140488341,-0.149058864
139,0.240647361,-0.265997648,1.109207988,0.32541126,0.144374028,-0.143408239,0.409924388,-0.230270579,1.173679471,0.292718232,0.127933189,-0.16096428,0.401335478,-0.278651416,1.071350336,0.317377418,0.196956828,-0.146683261
140,0.135220572,-0.391351163,1.084271789,0.436217725,0.071407288,-0.138952315,0.33406347,-0.326510966,1.080813408,0.305274069,0.163431197,-0.116194382,0.350341052,-0.25182569,1.126939535,0.286033809,0.210601509,-0.143994376
141,0.140994936,-0.44446218,1.073806643,0.436993271,0.082183369,-0.138820648,0.266964704,-0.260466903,1.124948025,0.294590116,0.195306748,-0.131188616,0.31942597,-0.303156495,1.069238305,0.290699691,0.212359488,-0.14508836
142,0.17749013,-0.395302176,1.083469272,0.401296318,0.118495509,-0.126566485,0.274112463,-0.291732252,1.101210356,0.301416069,0.195717156,-0.131532133,0.221822143,-0.263237536,1.094887495,0.326544613,0.203083783,-0.137916192
143,0.198786959,-0.363934666,1.085956216,0.380435884,0.141596153,-0.126155704,0.205754131,-0.306338549,1.110310555,0.352166712,0.196458474,-0.125944614,0.087053627,-0.458233953,1.0841434,0.442725986,0.085458942,-0.120548636
144,0.224489748,-0.340443611,1.081366897,0.343497306,0.14172639,-0.118139684,0.103117108,-0.484956205,1.097432733,0.478098363,0.101445481,-0.132053077,0.152792901,-0.419983864,1.078169823,0.423573226,0.119887203,-0.142499655
145,0.239082783,-0.295943618,1.053005815,0.3574498,0.147095859,-0.118974783,0.162895441,-0.399289191,1.100728035,0.42619732,0.141446918,-0.128249198,0.173088372,-0.361977667,1.067444444,0.379747272,0.141200289,-0.136466473
146,0.245309502,-0.313134909,1.046493411,0.35858807,0.135039791,-0.10962528,0.187154397,-0.345100343,1.093034744,0.380931795,0.158392265,-0.141591251,0.232336178,-0.32420823,1.069927216,0.349766612,0.178939119,-0.128614023
147,0.247950882,-0.319946557,1.02482605,0.391447455,0.169550776,-0.112648077,0.229019836,-0.313162267,1.090254188,0.359609306,0.194031075,-0.126062274,0.245964691,-0.284185767,1.063247442,0.334913701,0.212630063,-0.120091923
148,0.219202757,-0.475960672,0.872818291,0.560754776,0.174119204,-0.113741271,0.240752563,-0.296882451,1.080318213,0.360941976,0.182029754,-0.117007367,0.269637734,-0.268625915,1.060204625,0.342048079,0.209755301,-0.12604928
149,0.206139088,-0.734841228,0.63672483,0.685358763,0.25015229,-0.107962258,0.250756681,-0.269167006,1.08620894,0.369336843,0.182128564,-0.127460718,0.250980437,-0.296575308,1.041412592,0.35193643,0.201773882,-0.097641267
150,0.163162977,-0.892153323,0.526066244,0.729610085,0.312693477,-0.114543892,0.232972413,-0.324646771,1.072381854,0.378079861,0.174466744,-0.13512817,0.252112687,-0.358495682,0.98578757,0.436406165,0.220392063,-0.104674809
151,0.070375018,-0.918155074,0.521548927,0.783344924,0.306013376,-0.12689507,0.204996228,-0.371177405,0.992485464,0.457245201,0.219808474,-0.133521646,0.251950651,-0.597579837,0.782206059,0.643157423,0.250915915,-0.117957465
152,0.026918545,-0.917686701,0.52694869,0.818371296,0.328936726,-0.144502953,0.225525618,-0.582562923,0.776151717,0.656896651,0.239236087,-0.113160484,0.22328949,-0.810561597,0.57122004,0.719061136,0.275801718,-0.109125696
153,-0.041742258,-0.93200016,0.559103727,0.882487297,0.329553336,-0.147677481,0.173042506,-0.776719332,0.556740999,0.729666531,0.267486274,-0.129742354,0.172696352,-0.901789665,0.496562928,0.774809539,0.320673645,-0.120460041
154,-0.10857071,-0.916121364,0.567224026,0.847780466,0.379171222,-0.151041821,0.100144975,-0.891502202,0.506807745,0.760103881,0.276115507,-0.112836733,0.074870661,-0.928748846,0.478521287,0.790568829,0.332869768,-0.132148251
155,-0.103590965,-0.918977857,0.566585004,0.85905093,0.37578398,-0.152256146,0.032864865,-0.881593168,0.488889098,0.819007874,0.318450242,-0.13889432,0.015098833,-0.923917413,0.531498909,0.791326225,0.315706283,-0.145125821
156,-0.149076238,-0.904918134,0.453221053,0.825837433,0.33092311,-0.17446354,0.005091072,-0.913623333,0.529909074,0.826182127,0.34660846,-0.152870446,-0.074361369,-0.935961306,0.520525157,0.85493803,0.265517592,-0.152489662
157,-0.164770737,-0.919443011,0.449918598,0.795908272,0.355634004,-0.145739198,-0.056585226,-0.922926486,0.552477837,0.849896908,0.261443585,-0.155625626,-0.096759886,-0.909589112,0.528014719,0.851125479,0.346228212,-0.162227735
158,-0.171488434,-0.893213153,0.463432193,0.880487442,0.354028434,-0.15865989,-0.10876096,-0.867313385,0.55973053,0.875006258,0.336376756,-0.147718504,-0.155111969,-0.900933027,0.54256165,0.827036262,0.415734082,-0.147631228
159,-0.213763475,-0.909822524,0.474835008,0.833998501,0.384378552,-0.175766751,-0.127196327,-0.915932834,0.555704236,0.840836525,0.416851968,-0.149869531,-0.111399591,-0.898030758,0.513072431,0.810699344,0.296273559,-0.144907281
160,-0.213113174,-0.871198952,0.553972363,0.814549685,0.339583427,-0.150469407,-0.08583416,-0.873568892,0.473936111,0.846643209,0.326534003,-0.152891606,-0.189275533,-0.938462079,0.482225984,0.833461881,0.427057564,-0.151611671
161,-0.232788593,-0.827154934,0.517528117,0.809623361,0.382302552,-0.166372851,-0.186661571,-0.856325924,0.45757404,0.845478773,0.413678885,-0.1558837,-0.187871277,-0.877618372,0.465330273,0.819505274,0.357826591,-0.175151616
162,-0.262325019,-0.83365953,0.452704132,0.875193059,0.431330323,-0.166720882,-0.162431926,-0.849901319,0.453970611,0.889243007,0.360489279,-0.143356517,-0.212259352,-0.866288126,0.489189386,0.855437636,0.443998158,-0.150908828
163,-0.254493088,-0.81880033,0.532639086,0.845624685,0.282379568,-0.159712568,-0.235675454,-0.864361525,0.481605232,0.852434933,0.473957777,-0.149749398,-0.262029022,-0.861856401,0.580509305,0.813252926,0.489027441,-0.157212183
164,-0.234593287,-0.84495461,0.595729113,0.830271244,0.405335724,-0.17274341,-0.263112158,-0.868160784,0.584240913,0.82404983,0.470813632,-0.150726214,-0.260759562,-0.859218717,0.550335109,0.872523606,0.342196018,-0.163539246
165,-0.295753598,-0.83076638,0.648016036,0.878726542,0.418820471,-0.163130343,-0.238971442,-0.820681393,0.529275537,0.860845208,0.309250057,-0.14918384,-0.230906382,-0.858066142,0.504377425,0.855062246,0.349467754,-0.144108251
166,-0.256997406,-0.778229713,0.555882394,0.806793392,0.273883224,-0.167740017,-0.223479047,-0.837466061,0.510231495,0.801146626,0.360309601,-0.139782533,-0.316378772,-0.850783288,0.534287393,0.823552191,0.413908035,-0.159298316
167,-0.247342795,-0.764675856,0.513182759,0.842384219,0.388213575,-0.155089855,-0.264715821,-0.887073278,0.541659117,0.791803002,0.438772142,-0.160979196,-0.266079575,-0.847949326,0.620147943,0.834415317,0.335564166,-0.16226086
168,-0.290588915,-0.784525752,0.576968491,0.897701561,0.416088641,-0.170375511,-0.246402636,-0.858176887,0.610341012,0.8439762,0.291063815,-0.161420166,-0.272909105,-0.825044334,0.596310675,0.907215416,0.347336292,-0.168095037
169,-0.260140717,-0.791298509,0.647507608,0.85417676,0.2921547,-0.163719237,-0.249406815,-0.804463267,0.57264477,0.849145532,0.359917343,-0.161427662,-0.318689615,-0.83067286,0.524129689,0.820625424,0.428310931,-0.162906334
170,-0.262798131,-0.73941505,0.619432449,0.805700958,0.382891238,-0.166036174,-0.295699418,-0.826518893,0.504768312,0.810388803,0.441201061,-0.152669311,-0.266371101,-0.824687183,0.553230047,0.858996451,0.308998168,-0.16945824
171,-0.273270339,-0.801201642,0.583623171,0.81597662,0.380033612,-0.178399712,-0.249021977,-0.77758193,0.530145168,0.863666296,0.285800636,-0.156257689,-0.255001485,-0.816837907,0.586058974,0.844337702,0.342887878,-0.154342026
172,-0.241968542,-0.738598883,0.5960325,0.754528522,0.292665958,-0.161967173,-0.230003834,-0.765654564,0.618712187,0.873775303,0.343650699,-0.165417999,-0.278066337,-0.813378394,0.67401576,0.799875021,0.418007314,-0.169701338
173,-0.240728945,-0.767019928,0.637415767,0.770896673,0.369428903,-0.185991853,-0.267739028,-0.803741217,0.67397505,0.821924269,0.403493136,-0.156820506,-0.280109376,-0.760755301,0.601929069,0.819307983,0.340143025,-0.168763623
174,-0.282090753,-0.69604528,0.707284868,0.767143786,0.376950026,-0.17325294,-0.257326961,-0.757128298,0.58126545,0.84670049,0.306284577,-0.146812022,-0.270268559,-0.696176171,0.577777803,0.831098318,0.344243169,-0.163421884
175,-0.230742067,-0.714866698,0.569427013,0.755921066,0.288876414,-0.171772122,-0.209264591,-0.756248534,0.577518225,0.852708519,0.35753572,-0.160120293,-0.323957831,-0.759903073,0.616720796,0.773714006,0.391427815,-0.163832292
176,-0.248140067,-0.728117526,0.574687779,0.695594192,0.371174723,-0.169051185,-0.30535686,-0.758693695,0.597845912,0.786843061,0.39891085,-0.170319721,-0.275195897,-0.735222578,0.697110534,0.817375779,0.302148312,-0.165275246
177,-0.348485231,-0.717387676,0.63063544,0.712157547,0.371169835,-0.170839325,-0.25206238,-0.676320314,0.703152716,0.860284746,0.305571854,-0.149086207,-0.269227326,-0.709174454,0.635477602,0.828309238,0.331119239,-0.160299838
178,-0.269775033,-0.720499992,0.685136318,0.693616927,0.311938345,-0.175917864,-0.24254705,-0.791561246,0.620017529,0.796498179,0.362960458,-0.164652199,-0.336484432,-0.750961423,0.592256606,0.704649389,0.403786182,-0.165464252
179,-0.24299024,-0.728413701,0.580401242,0.695256829,0.362256646,-0.189594895,-0.304914147,-0.744216204,0.568972349,0.713593543,0.38719362,-0.159339309,-0.298454553,-0.718387902,0.581644118,0.764959931,0.336005211,-0.17909053
180,-0.2984308,-0.70672971,0.600745916,0.708466768,0.348363936,-0.164597645,-0.274860948,-0.712845027,0.588192105,0.743898273,0.308381975,-0.164862216,-0.266582638,-0.726260126,0.642227829,0.724303603,0.312361002,-0.180180669
181,-0.277355641,-0.713755608,0.600331485,0.663142204,0.327272892,-0.163265437,-0.232094124,-0.714048684,0.648736,0.738151193,0.352152288,-0.164501339,-0.308669209,-0.695900321,0.667289436,0.67321533,0.378732443,-0.183078423
182,-0.263355076,-0.693419576,0.712927163,0.658997715,0.354633272,-0.171945155,-0.307311267,-0.724222422,0.672522962,0.677879274,0.359314382,-0.17670092,-0.287460446,-0.724357665,0.590020239,0.717564762,0.351671815,-0.185166538
183,-0.320532858,-0.703258932,0.688806653,0.684132755,0.361547768,-0.182832062,-0.234318748,-0.672560632,0.58236593,0.7068398,0.324287534,-0.163651034,-0.279923737,-0.715755999,0.615312457,0.725667477,0.33383134,-0.176124379
184,-0.26248762,-0.681673825,0.591632247,0.619767547,0.312103987,-0.177806929,-0.232543632,-0.709963143,0.582299232,0.721149981,0.35035938,-0.168825313,-0.327446043,-0.725283623,0.654153407,0.652056694,0.370161742,-0.162402868
185,-0.270627975,-0.676974773,0.601729035,0.605736792,0.362665832,-0.17966269,-0.295678139,-0.703700066,0.663269162,0.606134772,0.337700725,-0.164216012,-0.298331082,-0.682139754,0.702017188,0.643752396,0.34092471,-0.171549916
186,-0.303338468,-0.67512995,0.682470679,0.621546805,0.333272874,-0.159511238,-0.274771094,-0.681456268,0.726328552,0.644461572,0.34362042,-0.169389978,-0.239453107,-0.699741304,0.662738562,0.652129412,0.344189256,-0.185293362
187,-0.248660535,-0.631248474,0.68391639,0.640354395,0.313637197,-0.169524431,-0.233916938,-0.683177292,0.633504748,0.670230329,0.356932759,-0.17360723,-0.296419472,-0.665135324,0.599437475,0.5708161,0.366187632,-0.184395418
188,-0.275118351,-0.67102921,0.584124207,0.54688704,0.355745345,-0.187035501,-0.288015038,-0.711868346,0.587630391,0.565892816,0.370328069,-0.168406725,-0.272005081,-0.662324488,0.598330915,0.57385534,0.351781815,-0.196429327
189,-0.299702972,-0.681795716,0.602202833,0.542062104,0.325846493,-0.16802904,-0.267797291,-0.681984484,0.587900817,0.61464107,0.320399433,-0.155996978,-0.273883492,-0.699635267,0.693887055,0.691437542,0.366061658,-0.184281081
190,-0.285064578,-0.613099158,0.635006964,0.486773133,0.332395762,-0.181822076,-0.261361927,-0.718963504,0.71312201,0.669045985,0.363204986,-0.182368815,-0.327623934,-0.724967241,0.689708948,0.573614836,0.378399789,-0.172385782
191,-0.247263879,-0.727621198,0.723919988,0.498102963,0.340881914,-0.173998073,-0.313838482,-0.713493705,0.671844482,0.536959052,0.3748703,-0.168575108,-0.274353981,-0.66663307,0.621432304,0.526967883,0.353071779,-0.183653444
192,-0.282543927,-0.687973082,0.659603417,0.456953526,0.317924142,-0.18667759,-0.258285344,-0.628141522,0.610415936,0.553752184,0.34867695,-0.173400968,-0.284956157,-0.716885865,0.616369486,0.589614332,0.341620624,-0.169795752
193,-0.270189762,-0.66816175,0.566474199,0.413596511,0.348771602,-0.175961643,-0.24154757,-0.678748906,0.621948302,0.574801862,0.354179591,-0.173345208,-0.314227015,-0.69206357,0.650605619,0.466450155,0.352876306,-0.180102035
194,-0.246117845,-0.74540627,0.625103891,0.402946711,0.344957352,-0.186836675,-0.321636289,-0.667540431,0.662111819,0.437191665,0.347449332,-0.170575067,-0.255806774,-0.646529973,0.687648356,0.474145442,0.353599578,-0.18393077
195,-0.309707165,-0.62240386,0.653888524,0.403196871,0.345518351,-0.189967692,-0.265619308,-0.644274712,0.725365996,0.482005686,0.368195862,-0.169056818,-0.25689292,-0.706086934,0.602433264,0.556408226,0.347747535,-0.16665712
196,-0.245733321,-0.624304473,0.66490078,0.344959557,0.329838634,-0.179473996,-0.247101814,-0.684675157,0.610666156,0.494408309,0.350565284,-0.176189616,-0.311446518,-0.717185199,0.572866559,0.402078807,0.372387052,-0.187793761
197,-0.22855565,-0.688144207,0.566272736,0.345066518,0.329576761,-0.180552766,-0.30990389,-0.675692201,0.59535557,0.401043653,0.365832895,-0.176595956,-0.26467067,-0.652899802,0.616847038,0.399221599,0.367617577,-0.190618023
198,-0.26830554,-0.690544546,0.567896545,0.367073357,0.306910485,-0.178145871,-0.251531899,-0.655355394,0.586546898,0.389964968,0.380970895,-0.196013123,-0.269734025,-0.693309605,0.683434665,0.430394679,0.363610387,-0.168434635
199,-0.242929146,-0.657091498,0.66855973,0.35040009,0.315814018,-0.181530401,-0.236045897,-0.666110873,0.658361673,0.414340973,0.368436217,-0.162346885,-0.30515343,-0.644692898,0.618595719,0.340515643,0.373583823,-0.177235916
200,-0.246499926,-0.670562267,0.709783077,0.246000513,0.29571265,-0.180268273,-0.306634188,-0.671731532,0.592378736,0.322487205,0.333520681,-0.178208217,-0.256810248,-0.642908394,0.570418537,0.372776359,0.362805963,-0.182572916
201,-0.297638744,-0.649456382,0.626970172,0.243784443,0.28565225,-0.171800628,-0.21645093,-0.636306763,0.580958366,0.338145912,0.35766381,-0.180655539,-0.254062891,-0.723092258,0.570509017,0.388980597,0.380633086,-0.169826567
202,-0.29478693,-0.660204291,0.55633682,0.211543024,0.251391381,-0.179020822,-0.227546588,-0.714888692,0.573507726,0.383474767,0.389065087,-0.185454726,-0.295044482,-0.721760333,0.652443707,0.30658716,0.340606213,-0.16905646
203,-0.259213537,-0.626540065,0.55843389,0.198580772,0.213222846,-0.17088595,-0.283248991,-0.684825301,0.663668752,0.274547607,0.3328664,-0.183719561,-0.243876517,-0.652436137,0.650176227,0.22629869,0.275327802,-0.182819158
204,-0.250530988,-0.649169087,0.602016926,0.166055053,0.184868068,-0.183981121,-0.22971952,-0.64710772,0.660853207,0.232615694,0.300946981,-0.160931736,-0.240427002,-0.618407965,0.596882284,0.249593973,0.274920791,-0.169995546
205,-0.232620612,-0.665109813,0.66865778,0.17503795,0.192131415,-0.179912522,-0.251245499,-0.617455125,0.579053938,0.277002901,0.276562154,-0.1807542,-0.241026908,-0.645043731,0.559645891,0.210794508,0.2642259,-0.181129828
206,-0.247417256,-0.629437566,0.681116581,0.185215428,0.232959688,-0.186575606,-0.267141312,-0.640857935,0.543898404,0.233033612,0.270055115,-0.172751606,-0.265556663,-0.662271917,0.602261722,0.164755583,0.296469331,-0.182509214
207,-0.232409775,-0.625850558,0.665335953,0.18365711,0.19183974,-0.184555963,-0.229878813,-0.650286555,0.584934711,0.208223075,0.298448473,-0.176723927,-0.241024554,-0.647192121,0.63599813,0.123236164,0.247504503,-0.158228546
208,-0.27284959,-0.636870682,0.631442785,0.107170999,0.171658963,-0.179300874,-0.26282531,-0.628608704,0.639733195,0.119746208,0.265345663,-0.191864952,-0.266878307,-0.615984261,0.673638165,0.203450188,0.189474538,-0.181535646
209,-0.23857978,-0.621684134,0.598359227,0.099796221,0.128225774,-0.178408518,-0.232168451,-0.640658319,0.690897346,0.170026347,0.189161569,-0.177355319,-0.258865535,-0.59305799,0.689364731,0.159286693,0.217603832,-0.159902215
210,-0.244481951,-0.611484706,0.594751477,0.076971725,0.12922506,-0.186741114,-0.230854347,-0.618665218,0.672688305,0.158150777,0.182052255,-0.180569336,-0.259345829,-0.617404044,0.639333367,0.082183219,0.17754218,-0.179531559
211,-0.241640091,-0.615160108,0.586050034,0.070504412,0.111303233,-0.169367164,-0.217357844,-0.619987309,0.645761073,0.130577862,0.167889729,-0.179360136,-0.222212344,-0.626676321,0.650525689,0.100247979,0.104909986,-0.18202737
212,-0.231874734,-0.471524388,0.717845976,-0.090663917,-0.01452624,-0.167632073,-0.209882051,-0.589693546,0.630036175,0.123395205,0.126194105,-0.18282643,-0.246887296,-0.613758147,0.607536018,0.07314311,0.145507529,-0.171071708
213,-0.237098783,-0.590523362,0.643977344,-0.054155294,0.082938313,-0.171934277,-0.250795245,-0.607084513,0.620214701,0.115341425,0.138046086,-0.163421333,-0.219778806,-0.626479387,0.615046084,0.082922339,0.128817171,-0.172483683
214,-0.214558512,-0.626098752,0.603611827,-0.032428682,0.119541556,-0.151204497,-0.230404675,-0.612756193,0.599122107,0.093670547,0.125972912,-0.168286189,-0.23928389,-0.629356384,0.628195465,0.069010794,0.153198078,-0.169518843
215,-0.229548901,-0.62778759,0.589195728,0.010983318,0.157445282,-0.16239816,-0.206887811,-0.605113864,0.631803989,0.089718267,0.131224439,-0.173734337,-0.231409758,-0.568416834,0.68079257,-0.098031491,0.074122272,-0.159345239
216,-0.212337703,-0.60277915,0.599399984,0.053489417,0.164323404,-0.162754223,-0.203971177,-0.546221614,0.686853588,-0.077756651,0.076830968,-0.15686816,-0.256975979,-0.633854628,0.6423195,-0.060616169,0.115074232,-0.163372099
217,-0.214969307,-0.602554083,0.609657288,0.054620087,0.17209439,-0.148571372,-0.205178946,-0.619422674,0.640550435,-0.048054237,0.106533736,-0.151624113,-0.225565493,-0.646361411,0.626763999,-0.017509371,0.160660639,-0.167142853
218,-0.229592085,-0.586027682,0.606694281,0.039273717,0.161488563,-0.15910767,-0.233665228,-0.610024393,0.612617373,-0.003222153,0.161543176,-0.164091244,-0.225147218,-0.60644269,0.60878247,0.022519574,0.19702433,-0.152607828
219,-0.19497183,-0.606197417,0.640216827,0.026247635,0.151942626,-0.138042495,-0.200138837,-0.607292652,0.620535135,0.031602129,0.186812937,-0.152441576,-0.23073563,-0.628411889,0.631804228,0.033736862,0.165394261,-0.151173741
220,-0.153679937,-0.66920507,0.725184143,0.034522876,0.176302314,-0.147923663,-0.205711573,-0.598828197,0.63108933,0.047207907,0.146623001,-0.147536546,-0.245442003,-0.640605807,0.645174146,0.053586751,0.1733841,-0.144159913
221,0.114536256,-0.661937833,1.038402915,0.104591601,0.153000474,-0.150401518,-0.22634998,-0.607928634,0.641107261,0.054020084,0.164940372,-0.15456228,-0.237021178,-0.619538128,0.654672563,0.045783237,0.163464859,-0.142973393
222,0.279265642,-0.750550508,1.222889423,0.145286366,0.200095817,-0.138277233,-0.202345222,-0.595378041,0.646787405,0.042172909,0.145765632,-0.136459619,-0.218049407,-0.621359229,0.669486523,0.028822146,0.15699333,-0.145591378
223,0.448910594,-0.888414681,1.297106981,0.135368854,0.167470008,-0.127465785,-0.184581667,-0.630446613,0.676155865,0.055721521,0.163826078,-0.13667731,-0.041620836,-0.682841003,0.898357689,0.07989534,0.216271192,-0.144408524
224,0.457937568,-0.870903969,1.334107041,0.149204224,0.186415285,-0.119694419,-0.006608002,-0.637922764,0.977944434,0.117486201,0.197956994,-0.143248975,0.176009744,-0.727147639,1.18134284,0.087312825,0.213499695,-0.151932627
225,0.460913181,-0.869313896,1.27738595,0.134089783,0.267472208,-0.060037412,0.195883751,-0.723136365,1.201793671,0.102876619,0.219813526,-0.13933897,0.391962707,-0.843625784,1.284948707,0.150363967,0.200128302,-0.152566314
226,0.501514614,-0.921630979,1.322985649,0.221675113,0.219831839,-0.024796544,0.3857705,-0.821483195,1.306865931,0.163452521,0.191850528,-0.125434086,0.449437499,-0.858393312,1.319600344,0.183311462,0.229436174,-0.117416836
227,0.462282777,-0.903357506,1.390725493,0.144851193,0.254825205,0.04136825,0.43088913,-0.847109437,1.332236767,0.132101804,0.239497423,-0.117560916,0.560895801,-0.941706777,1.326811194,0.123864323,0.142485932,-0.075588033
228,0.598237693,-0.964598238,1.301456451,0.158033013,0.186329976,0.101178452,0.428721696,-0.948995173,1.334454179,0.131964624,0.153302297,-0.060000584,0.451127619,-0.929503798,1.341073036,0.108284935,0.238953069,-0.040040404
229,0.510549903,-0.970465541,1.403399229,0.158583134,0.248082086,0.072772443,0.451177418,-0.936169446,1.312913299,0.14539738,0.191334233,-0.024597609,0.49776724,-0.931133151,1.318070412,0.173644751,0.244710475,-0.011159338
230,0.486910641,-0.942309678,1.384327412,0.122305632,0.299369067,0.084893793,0.41997847,-0.91080004,1.376789689,0.146699786,0.262607932,0.040463038,0.569336891,-1.021310925,1.363884687,0.179655761,0.20863378,0.05548792
231,0.607153058,-0.965293825,1.259404302,0.182280228,0.299787432,0.103682607,0.56628406,-0.961486876,1.306457162,0.172913551,0.178590924,0.086041726,0.493899107,-0.971463978,1.339457631,0.057323381,0.261196345,0.051743113
232,0.455607384,-1.002581358,1.436073065,0.088580899,0.393019319,0.086724415,0.524953485,-0.910891056,1.418466806,0.078520462,0.291830242,0.055566415,0.608237505,-1.127679229,1.313025594,0.198493451,0.286802858,0.075240746
233,0.651365101,-1.074328303,1.465780616,0.093112051,0.355563015,0.107345819,0.516454458,-1.047697425,1.334319353,0.15455775,0.253629714,0.055043124,0.628882229,-0.93421793,1.458963156,0.20554173,0.252582103,0.106601253
234,0.549908102,-0.8812567,1.468486071,0.126900017,0.235375389,0.101766676,0.583472729,-1.032407403,1.48302567,0.202526957,0.261525631,0.080437616,0.631268799,-1.009405613,1.422565937,0.203069314,0.149051219,0.119190283
235,0.559087873,-0.815716684,1.458886027,0.088949002,0.19727622,0.116337553,0.501676619,-1.017418623,1.460252285,0.151739568,0.179319218,0.098470964,0.597260177,-0.957735538,1.319003224,0.171846509,0.265948027,0.106219411
236,0.492718667,-0.707329452,1.354395747,0.078822926,0.409515828,0.135562509,0.555713117,-0.901266396,1.438524365,0.126642793,0.248801067,0.105715699,0.562635183,-1.040844321,1.290502787,0.213061035,0.252353936,0.107562885
237,0.552461565,-0.769050002,1.27955389,0.100925952,0.213892072,0.136161923,0.561630726,-0.888391912,1.249268174,0.114530861,0.352478266,0.108693019,0.455509484,-0.712106466,1.311552048,-0.05548618,0.394111931,0.119852096
238,0.41681546,-0.455586791,1.250172138,0.007115986,0.428604126,0.124866121,0.518522918,-0.691192448,1.268561006,0.019933566,0.43495065,0.108785033,0.639726818,-0.892035186,1.407073021,0.194657415,0.217337713,0.131424904
239,0.536436558,-0.770133734,1.121492624,0.021880195,0.377299339,0.111125804,0.48537764,-0.791716158,1.156454325,0.190249473,0.243522972,0.107987054,0.55047822,-0.502022147,1.503496408,0.04372485,0.220755935,0.133159697
240,0.416064382,-0.247750908,1.167059183,-0.086420402,0.4049474,0.140408948,0.419558376,-0.633927584,1.341185689,-0.012190271,0.379101485,0.121595532,0.584455371,-0.747903228,1.416592717,0.105375439,0.255572796,0.124484517
241,0.480511159,-0.483945072,1.28415668,0.070780106,0.21045275,0.126708999,0.5303877,-0.776341438,1.334536076,0.069882728,0.317901731,0.10567715,0.591251671,-0.568089604,1.530512333,0.094494835,0.175794721,0.12609309
242,0.356140316,-0.069213361,1.359089851,-0.151746228,0.287197351,0.137236774,0.586424351,-0.623282075,1.461607218,0.050054386,0.22128959,0.108134769,0.444615364,-0.492073655,1.359214306,0.021831652,0.108192682,0.115789562
243,0.446107656,-0.23850438,1.241769791,-0.012958251,0.17693381,0.124018118,0.407762915,-0.444688171,1.364884615,-0.060341418,0.305409729,0.124591947,0.436280817,-0.313739687,1.304587841,-0.036562696,0.23713246,0.122174464
244,0.234951764,-0.014856808,1.284162283,-0.162395567,0.328737378,0.116642103,0.497469485,-0.436814278,1.377099037,0.097560555,0.196509555,0.113198489,0.418906152,-0.36836943,1.111452818,-0.068994768,0.300822377,0.135915935
245,0.380225986,-0.135329753,1.230012894,-0.06807293,0.24072805,0.145083919,0.397529423,-0.223457813,1.264437437,-0.062007558,0.223678395,0.125729397,0.391371846,-0.274059832,1.269107938,-0.022053882,0.241227418,0.122694813
246,0.246243253,-0.003404539,1.239354134,-0.134870633,0.205165386,0.138082489,0.435318202,-0.236226767,1.209463239,-0.028236821,0.19709219,0.122604206,0.359294236,-0.086338654,1.221665382,-0.055671036,0.246809572,0.130052686
247,0.313815504,0.018560588,1.19038105,-0.145786479,0.149012268,0.12137083,0.332107306,-0.015635863,1.310649991,-0.062840879,0.255977541,0.128782153,0.377481401,-0.102669373,1.178738594,-0.036201522,0.176233351,0.127931833
248,0.21774669,0.227227122,1.218030095,-0.180184215,0.214089185,0.124236807,0.392667353,-0.042900924,1.25213623,-0.036729276,0.157702267,0.130826026,0.303904772,0.046844345,1.26997602,-0.14034453,0.247181952,0.113355435
249,0.300570786,0.069056205,1.151252389,-0.104410142,0.158171982,0.135422602,0.271343946,0.044595882,1.261181355,-0.157440752,0.21543254,0.14068523,0.281242698,0.007227533,1.171027541,-0.077602789,0.146630377,0.125454769
250,0.224774688,0.218398437,1.148265243,-0.135708392,0.190879405,0.132701427,0.283071041,0.082814485,1.217052937,-0.084025905,0.17683512,0.134388164,0.286125213,0.107990295,1.109657288,-0.111566782,0.172065958,0.111113437
251,0.226214841,0.276235104,1.09259212,-0.124225914,0.135035321,0.113986999,0.289578021,0.151121289,1.203152657,-0.115861185,0.145312011,0.123605266,0.301559031,0.25186938,1.207692862,-0.146359578,0.182645813,0.111459769
252,0.061194822,0.418160409,1.061643839,-0.280103445,0.07338123,0.113181226,0.272420496,0.158873886,1.214139581,-0.146783143,0.167890236,0.120394312,0.284169078,0.198691294,1.137963176,-0.14740023,0.159892306,0.12225496
253,0.134767368,0.340975553,1.096337557,-0.240715027,0.060510818,0.141974241,0.272126198,0.192967743,1.188999534,-0.13413623,0.202680245,0.135230154,0.205862075,0.254175007,1.105427146,-0.133434743,0.134603888,0.126998678
254,0.187893048,0.358524472,1.149137497,-0.206969976,0.116349041,0.120548815,0.170373797,0.272424102,1.109871626,-0.107858352,0.188584864,0.135551274,0.193475321,0.279130936,1.126541257,-0.158477664,0.164033532,0.119791076
255,0.217515498,0.294334143,1.155609846,-0.172092438,0.137216181,0.112773925,0.083793789,0.339795709,1.125199676,-0.217032969,0.159540117,0.126428828,0.106436297,0.382041365,1.055404663,-0.273335427,0.060784664,0.111648537
256,0.255985141,0.271611691,1.150349379,-0.170615286,0.152754933,0.105315179,0.138449714,0.357242405,1.085502863,-0.250028938,0.063212663,0.113922864,0.178080961,0.333350331,1.113959312,-0.241529107,0.098773181,0.107927315
257,0.247338355,0.262804776,1.134667039,-0.138939559,0.158159792,0.096237861,0.156501427,0.32252875,1.144861221,-0.21010831,0.108246401,0.106455319,0.186856747,0.319126904,1.129606843,-0.191219628,0.121524215,0.112812236
258,0.234830022,0.239743859,1.128053427,-0.149119362,0.140556484,0.09609393,0.233439967,0.290338188,1.15628922,-0.178644896,0.096978821,0.127207845,0.245587915,0.285231948,1.147435546,-0.170022041,0.146665245,0.10384465
259,0.235116422,0.224407777,1.128009558,-0.145589158,0.14231208,0.086495817,0.253400594,0.251862943,1.1523664,-0.152955711,0.108060949,0.113384143,0.233280033,0.270741165,1.118961215,-0.14516744,0.136943817,0.088559411
260,0.287191659,0.159496307,1.132581949,-0.120710909,0.156009108,0.089491576,0.246719897,0.203937888,1.128466487,-0.133046985,0.12167953,0.101857141,0.232386917,0.229908377,1.122514367,-0.139448822,0.159200758,0.099150471
261,0.321301699,0.116596296,1.153753281,-0.08548671,0.169739977,0.009853162,0.210645348,0.209058911,1.126845598,-0.131987855,0.116340585,0.098480985,0.244292766,0.216964215,1.12567091,-0.133795738,0.12037985,0.09307345
262,0.37027365,0.001819205,1.170340061,-0.022847332,0.208766952,-0.151216388,0.20851016,0.181390807,1.119623184,-0.140818849,0.137093782,0.107785463,0.239578485,0.186524212,1.098155975,-0.136810526,0.133847266,0.092260294
263,0.598045409,-0.167386129,1.173917055,0.060248807,0.174929082,-0.196649924,0.214063585,0.212340102,1.115581512,-0.137000844,0.129584715,0.095321178,0.297281563,0.102142543,1.129844546,-0.060641229,0.191387489,0.043875892
264,0.503233194,-0.104082257,1.197374105,-0.0147232,0.222065136,-0.203797013,0.289192438,0.124818966,1.149125695,-0.054302812,0.186410382,0.054186616,0.355067998,0.112364069,1.176239491,-0.079370394,0.195702761,-0.109443262
265,0.610421538,-0.137533098,1.107174158,0.029755954,0.24356848,-0.199668378,0.343343198,0.114904746,1.196730614,-0.076330677,0.203754187,-0.063813768,0.481169373,-0.109883696,1.165673971,0.08914499,0.187843785,-0.180577129
266,0.635748148,-0.155878797,1.170694113,0.061702684,0.23997274,-0.190831944,0.494193673,-0.070429549,1.1503793,0.087147407,0.147883698,-0.184102774,0.491570979,-0.133284092,1.166315436,0.072583079,0.198806882,-0.221032575
267,0.65376848,-0.152855277,1.158481121,0.074462913,0.200362489,-0.202422053,0.520038724,-0.104464889,1.177628398,0.058840588,0.194675818,-0.223339587,0.549265683,-0.167793155,1.169770956,0.045455631,0.217014581,-0.206636846
268,0.723131001,-0.137842312,1.192889929,0.090396665,0.313343227,-0.184318915,0.53350389,-0.125125229,1.169292212,0.089571118,0.227881491,-0.195517182,0.705104411,-0.188781157,1.122294426,0.083310321,0.297868669,-0.219199747
269,0.746054173,-0.306934237,1.121840358,0.151248664,0.284365535,-0.246956676,0.639564633,-0.114368737,1.103190541,0.03650564,0.232922539,-0.21340099,0.670611262,-0.271870643,1.160824656,0.036399484,0.243585199,-0.215014428
270,0.857924163,-0.274431169,1.194186449,0.047984034,0.331853628,-0.221111253,0.67497015,-0.167888448,1.134321451,0.06266699,0.262038171,-0.231890664,0.73226589,-0.078566514,1.147654653,0.069096997,0.226215184,-0.189684108
271,0.764315367,-0.167270437,1.265321255,0.159459099,0.281044751,-0.243560195,0.634297073,-0.179438874,1.164498806,0.07298822,0.243468657,-0.194755226,0.761782706,-0.290347189,1.143680096,0.139080703,0.247550145,-0.20944345
272,0.77030021,-0.187059164,1.186415076,0.183688253,0.322875351,-0.23976323,0.787365913,-0.217253596,1.133681774,0.063812532,0.255451292,-0.210825071,0.686926186,-0.047611736,1.261918902,0.096585713,0.367699832,-0.242161974
273,0.391254455,0.422661692,1.296114802,-0.069704935,0.195137769,-0.251146197,0.71843183,-0.117176965,1.243681669,0.116958819,0.356387347,-0.215995088,0.849280417,-0.223358065,1.141946912,0.157913029,0.338591665,-0.219388843
274,0.35594961,0.285259068,1.193708658,-0.039277643,0.175837994,-0.25050351,0.659225583,-0.152216122,1.13761878,0.137637347,0.286738992,-0.231391162,0.902411699,-0.153159738,1.126122713,0.085188881,0.39257282,-0.222572654
275,0.43675983,0.450964808,1.128098011,-0.115190804,0.231978089,-0.228486687,0.738052964,-0.190071017,1.107889771,0.043463465,0.372923493,-0.201274306,0.461024344,0.105590113,1.163858414,-0.18655704,0.437849164,-0.255463332
276,0.387612164,0.390787274,1.127888203,-0.223904282,0.203073308,-0.211709619,0.507949173,0.278360069,1.188228846,-0.123144858,0.464226216,-0.258790612,0.5068115,0.250754118,1.064458966,-0.172418356,0.340386152,-0.23197262
277,0.387321174,0.549869359,1.220672846,-0.186075285,0.313075364,-0.195362404,0.523901343,0.323237956,1.024591088,-0.165745944,0.308851719,-0.209930375,0.395291746,0.325042665,1.137102127,-0.191854134,0.338083327,-0.181568891
,,,,,,,0.529566705,0.30695048,1.116428852,-0.176191777,0.376571178,-0.197989598,,,,,,
,,,,,,,0.435210347,0.323816985,1.164677382,-0.090972289,0.301228672,-0.235340327,,,,,,
,,,,,,,0.221438229,0.446957082,1.095487475,-0.16978927,0.176532492,-0.196965516,,,,,,
,,,,,,,0.413235039,0.517492115,1.137132764,-0.223158896,0.211810336,-0.188092008,,,,,,
,,,,,,,0.23646161,0.548685968,1.204391479,-0.239338607,0.227100447,-0.206295818,,,,,,
,,,,,,,0.228235096,0.570565939,1.156930685,-0.19446668,0.134963512,-0.211058468,,,,,,
,,,,,,,0.239770472,0.627174556,1.170147538,-0.26648438,0.175911754,-0.183500856,,,,,,
,,,,,,,0.143826798,0.761862874,1.165046096,-0.278536886,0.16952014,-0.175556555,,,,,,
,,,,,,,0.162836492,0.743533731,1.128522635,-0.315415114,0.145684779,-0.157005444,,,,,,
,,,,,,,0.148409963,0.816596627,1.062845826,-0.423438966,0.056446321,-0.092047274,,,,,,
